width,world,seed,scope,cases,E,E_valid_cases,E_default,E_default_valid_cases,E_actual,E_actual_valid_cases,D_heldout,D_heldout_valid_cases,D_conflict_heldout,D_conflict_heldout_valid_cases,U_full_damage,U_full_damage_valid_cases,U_heldout_damage,U_heldout_damage_valid_cases,U_full_0_rate,U_full_0_rate_valid_cases,U_full_coverage,U_full_coverage_valid_cases,E_count,E_n,E_default_count,E_default_n,E_actual_count,E_actual_n,D_conflict_heldout_count,D_conflict_heldout_n,U_full_broken,U_full_known,U_full_n,U_full_0_broken,U_full_0_known
256.0,0.0,0.0,all,6,1.0,6,1.0,6,1.0,6,0.3159722222222222,6,0.07253086419753087,6,0.002673616253876303,6,0.0029754314323930304,6,0.0,6,0.9899113570693961,6,558,558,18,18,540,540,11,153,324,121278,122514,0,34
256.0,0.0,0.0,all-freeze-embedding,6,1.0,6,1.0,6,1.0,6,0.2881944444444444,6,0.09799382716049382,6,0.002723545555231113,6,0.002906118281235332,6,0.027777777777777776,6,0.9899113570693961,6,558,558,18,18,540,540,15,153,330,121278,122514,1,34
256.0,0.0,0.0,mlp,6,1.0,6,1.0,6,1.0,6,0.34375,6,0.12731481481481483,6,0.0030688794036633654,6,0.003927789760935033,6,0.027777777777777776,6,0.9899113570693961,6,558,558,18,18,540,540,19,153,372,121278,122514,1,34
256.0,0.0,1.0,all,6,1.0,6,1.0,6,1.0,6,0.3888888888888889,6,0.0640432098765432,6,0.010591606061384762,6,0.008968588972867989,6,0.08333333333333333,6,0.9270124230700165,6,558,558,18,18,540,540,10,153,1098,113572,122514,3,33
256.0,0.0,1.0,all-freeze-embedding,6,1.0,6,1.0,6,1.0,6,0.3888888888888889,6,0.08410493827160494,6,0.008139621794137535,6,0.008399335254366086,6,0.1111111111111111,6,0.9270124230700165,6,558,558,18,18,540,540,13,153,856,113572,122514,4,33
256.0,0.0,1.0,mlp,6,1.0,6,1.0,6,1.0,6,0.3819444444444444,6,0.1257716049382716,6,0.0059666315772583635,6,0.006475277620696209,6,0.027777777777777776,6,0.9270124230700165,6,558,558,18,18,540,540,19,153,644,113572,122514,1,33
256.0,1.0,0.0,all,6,1.0,6,1.0,6,1.0,6,0.375,6,0.054318488529014844,6,0.003247083422514951,6,0.0046196151972113155,6,0.1388888888888889,6,0.9904255840148881,6,558,558,18,18,540,540,7,135,394,121341,122514,5,35
256.0,1.0,0.0,all-freeze-embedding,6,1.0,6,1.0,6,1.0,6,0.3333333333333333,6,0.06950067476383266,6,0.0028845479912420493,6,0.0037406879999578885,6,0.1111111111111111,6,0.9904255840148881,6,558,558,18,18,540,540,9,135,350,121341,122514,4,35
256.0,1.0,0.0,mlp,6,1.0,6,1.0,6,1.0,6,0.4270833333333333,6,0.12213225371120108,6,0.002876086841584204,6,0.003873811598938252,6,0.05555555555555555,6,0.9904255840148881,6,558,558,18,18,540,540,15,135,349,121341,122514,2,35
256.0,1.0,1.0,all,6,1.0,6,1.0,6,1.0,6,0.4027777777777778,6,0.1862348178137652,6,0.0026657553383257157,6,0.0029299487624876823,6,0.05555555555555555,6,0.9902133633707169,6,558,558,18,18,540,540,25,135,323,121315,122514,2,34
256.0,1.0,1.0,all-freeze-embedding,6,1.0,6,1.0,6,1.0,6,0.4097222222222222,6,0.2550607287449393,6,0.0023602553363659302,6,0.0026744628430197316,6,0.027777777777777776,6,0.9902133633707169,6,558,558,18,18,540,540,35,135,286,121315,122514,1,34
256.0,1.0,1.0,mlp,6,1.0,6,1.0,6,1.0,6,0.4965277777777778,6,0.2655195681511471,6,0.00317607354800331,6,0.004601879751949796,6,0.03333333333333333,6,0.9902133633707169,6,558,558,18,18,540,540,37,135,385,121315,122514,1,34
768.0,0.0,0.0,all,6,1.0,6,1.0,6,1.0,6,0.4027777777777778,6,0.044753086419753084,6,0.0026777643752156706,6,0.0043132327673902834,6,0.0,6,0.9908826746331031,6,558,558,18,18,540,540,7,153,325,121397,122514,0,35
768.0,0.0,0.0,all-freeze-embedding,6,1.0,6,1.0,6,1.0,6,0.3819444444444445,6,0.051697530864197525,6,0.002619922204162457,6,0.0039169768654459414,6,0.0,6,0.9908826746331031,6,558,558,18,18,540,540,8,153,318,121397,122514,0,35
768.0,0.0,0.0,mlp,6,1.0,6,1.0,6,1.0,6,0.4097222222222222,6,0.09799382716049382,6,0.003987254296230734,6,0.007296698039597829,6,0.0,6,0.9908826746331031,6,558,558,18,18,540,540,15,153,484,121397,122514,0,35
768.0,0.0,1.0,all,6,1.0,6,1.0,6,1.0,6,0.3819444444444444,6,0.019290123456790122,6,0.0022817906023341918,6,0.0032960942431744557,6,0.027777777777777776,6,0.9913479275837863,6,558,558,18,18,540,540,3,153,277,121454,122514,1,36
768.0,0.0,1.0,all-freeze-embedding,6,1.0,6,1.0,6,1.0,6,0.3854166666666667,6,0.019290123456790122,6,0.002116979747023931,6,0.002993725314136283,6,0.027777777777777776,6,0.9913479275837863,6,558,558,18,18,540,540,3,153,257,121454,122514,1,36
768.0,0.0,1.0,mlp,6,1.0,6,1.0,6,1.0,6,0.4166666666666667,6,0.04938271604938271,6,0.0023792240514110548,6,0.003665942812486811,6,0.027777777777777776,6,0.9913479275837863,6,558,558,18,18,540,540,8,153,289,121454,122514,1,36
768.0,1.0,0.0,all,6,1.0,6,1.0,6,1.0,6,0.4618055555555556,6,0.10728744939271255,6,0.0018363109607454804,6,0.0028790183504174495,6,0.0,6,0.9919356155214915,6,558,558,18,18,540,540,16,135,223,121526,122514,0,36
768.0,1.0,0.0,all-freeze-embedding,6,1.0,6,1.0,6,1.0,6,0.4513888888888889,6,0.1440620782726046,6,0.001820018728535647,6,0.0030185949633433494,6,0.027777777777777776,6,0.9919356155214915,6,558,558,18,18,540,540,21,135,221,121526,122514,1,36
768.0,1.0,0.0,mlp,6,1.0,6,1.0,6,1.0,6,0.4930555555555556,6,0.16261808367071526,6,0.001951770750248231,6,0.0031577087183558084,6,0.0,6,0.9919356155214915,6,558,558,18,18,540,540,25,135,237,121526,122514,0,36
768.0,1.0,1.0,all,6,1.0,6,1.0,6,1.0,6,0.4513888888888889,6,0.008771929824561403,6,0.002395838230502997,6,0.00348836038177286,6,0.027777777777777776,6,0.9915601482279576,6,558,558,18,18,540,540,1,135,291,121480,122514,1,36
768.0,1.0,1.0,all-freeze-embedding,6,1.0,6,1.0,6,1.0,6,0.4513888888888889,6,0.03272604588394062,6,0.001819467656581744,6,0.00244159808889403,6,0.05555555555555555,6,0.9915601482279576,6,558,558,18,18,540,540,4,135,221,121480,122514,2,36
768.0,1.0,1.0,mlp,6,1.0,6,1.0,6,1.0,6,0.5243055555555556,6,0.2324561403508772,6,0.0021484279302070564,6,0.0036030266514387667,6,0.0,6,0.9915601482279576,6,558,558,18,18,540,540,30,135,261,121480,122514,0,36
