world,cohort,cases,n,low_direct,high_direct,direct_change,low_two_step,high_two_step,two_step_change,low_gap,high_gap,gap_change,low_actual_on_conflict,high_actual_on_conflict,positive_direct_cells,negative_direct_cells,min_direct_change,max_direct_change
0,all,12,12288,0.9490559895833334,0.8697102864583334,-0.079345703125,0.981689453125,0.9876302083333334,0.005940755208333333,0.032633463541666664,0.117919921875,0.08528645833333333,0.5104166666666666,0.06705729166666667,1,11,-0.2080078125,0.001953125
0,newly_exception,12,5376,0.9869791666666666,0.7899925595238094,-0.19698660714285712,0.9849330357142857,0.9838169642857143,-0.0011160714285714246,-0.002046130952380959,0.19382440476190477,0.19587053571428573,,0.06919642857142856,0,12,-0.3683035714285714,-0.0558035714285714
0,original_exception,12,768,0.3841145833333333,0.7838541666666666,0.3997395833333333,0.9635416666666666,0.9869791666666666,0.0234375,0.5794270833333334,0.203125,-0.3763020833333333,0.5104166666666666,0.052083333333333336,12,0,0.03125,0.640625
0,remaining_ordinary,12,6144,0.9864908854166666,0.9501953125,-0.036295572916666664,0.9811197916666666,0.9910481770833334,0.009928385416666666,-0.00537109375,0.040852864583333336,0.046223958333333336,,,1,11,-0.142578125,0.009765625
1,all,12,12288,0.9539388020833334,0.863525390625,-0.09041341145833333,0.9979654947916666,0.9886067708333334,-0.009358723958333334,0.044026692708333336,0.12508138020833334,0.0810546875,0.46875,0.06396484375,1,11,-0.1875,0.0078125
1,newly_exception,12,5376,0.98828125,0.7780877976190476,-0.2101934523809524,0.9990699404761904,0.9864211309523809,-0.012648809523809515,0.010788690476190447,0.20833333333333334,0.19754464285714288,,0.06343005952380952,0,12,-0.3705357142857143,-0.015625
1,original_exception,12,768,0.4388020833333333,0.7916666666666666,0.3528645833333333,0.9856770833333334,0.9869791666666666,0.0013020833333333333,0.546875,0.1953125,-0.3515625,0.46875,0.06770833333333333,11,0,0.0,0.546875
1,remaining_ordinary,12,6144,0.98828125,0.947265625,-0.041015625,0.99853515625,0.99072265625,-0.0078125,0.01025390625,0.04345703125,0.033203125,,,1,11,-0.11328125,0.001953125
all,all,24,24576,0.9514973958333334,0.8666178385416666,-0.08487955729166667,0.9898274739583334,0.9881184895833334,-0.001708984375,0.038330078125,0.12150065104166667,0.08317057291666667,0.4895833333333333,0.06551106770833333,2,22,-0.2080078125,0.0078125
all,newly_exception,24,10752,0.9876302083333334,0.7840401785714285,-0.20359002976190477,0.9920014880952381,0.9851190476190476,-0.00688244047619047,0.004371279761904744,0.20107886904761904,0.1967075892857143,,0.06631324404761905,0,24,-0.3705357142857143,-0.015625
all,original_exception,24,1536,0.4114583333333333,0.7877604166666666,0.3763020833333333,0.974609375,0.9869791666666666,0.012369791666666666,0.5631510416666666,0.19921875,-0.3639322916666667,0.4895833333333333,0.059895833333333336,23,0,0.0,0.640625
all,remaining_ordinary,24,12288,0.9873860677083334,0.94873046875,-0.038655598958333336,0.9898274739583334,0.9908854166666666,0.0010579427083333333,0.00244140625,0.042154947916666664,0.039713541666666664,,,2,22,-0.142578125,0.009765625
