world,seed,condition,step,phase,base_accuracy,base_nll,company_trained,company_trained_nll,company_heldout,company_heldout_nll,company_membership,company_default,company_actual,company_known_heldout_n,company_known_heldout,project_trained,project_trained_nll,project_heldout,project_heldout_nll,project_membership,project_default,project_actual,project_known_heldout_n,project_known_heldout,mean_heldout
0,0,company,0,low,0.0,8.559233665466309,0.0,8.595695495605469,0.0,8.597761154174805,0.0,0.0,0.0,0,,0.0,8.59697437286377,0.0,8.597804069519043,0.0,0.0,0.0,0,,0.0
0,0,company,0,high,0.0,8.559455871582031,0.0,8.595695495605469,0.0,8.597761154174805,0.0,0.0,0.0,0,,0.0,8.59697437286377,0.0,8.597804069519043,0.0,0.0,0.0,0,,0.0
0,0,company,1280,low,0.1078609496124031,7.52060079574585,0.779296875,0.8928147554397583,0.1298828125,3.9935965538024902,0.0,1.0,0.43212890625,0,,0.7451171875,0.9642459154129028,0.0390625,4.694257736206055,0.0,0.96875,0.3701171875,0,,0.08447265625
0,0,company,1280,high,0.06649709302325581,7.262264728546143,0.7587890625,1.1978535652160645,0.0908203125,4.00984525680542,0.0,1.0,0.24755859375,0,,0.7373046875,1.2847912311553955,0.046875,4.320645332336426,0.0,0.8125,0.2275390625,0,,0.06884765625
0,0,company,2560,low,0.12996608527131784,7.98075532913208,1.0,0.03300773724913597,0.6865234375,1.2206544876098633,0.01318359375,1.0,0.77734375,12,0.9166666666666666,1.0,0.031516168266534805,0.8310546875,0.7775537967681885,0.0,1.0,0.19189453125,0,,0.7587890625
0,0,company,2560,high,0.10319767441860465,8.348705291748047,0.982421875,0.1568267047405243,0.1171875,4.816875457763672,0.0,1.0,0.2880859375,0,,0.958984375,0.20644037425518036,0.31640625,3.0643138885498047,0.0,1.0,0.4775390625,0,,0.216796875
0,0,company,5120,low,0.8488977713178295,1.389689564704895,1.0,0.0022549345158040524,0.9814453125,0.08549865335226059,0.986328125,1.0,0.96435546875,1012,0.9851778656126482,0.9990234375,0.006541198119521141,0.9267578125,0.34942227602005005,0.94482421875,1.0,0.86865234375,961,0.9354838709677419,0.9541015625
0,0,company,5120,high,0.5838783914728682,2.3740525245666504,0.99609375,0.014634411782026291,0.8408203125,0.5932074785232544,0.966796875,1.0,0.958984375,969,0.8720330237358102,0.99609375,0.015376342460513115,0.904296875,0.3546157479286194,0.884765625,0.984375,0.5888671875,885,0.9242937853107345,0.87255859375
0,0,company,10240,low,0.9803779069767442,0.11035819351673126,0.99609375,0.006246690638363361,0.974609375,0.11446556448936462,0.9453125,1.0,0.98681640625,965,0.9782383419689119,0.998046875,0.008121635764837265,0.9365234375,0.4172621965408325,0.98046875,1.0,0.982421875,1004,0.9392430278884463,0.95556640625
0,0,company,10240,high,0.9840116279069767,0.10738734155893326,1.0,0.00041300003067590296,0.8876953125,0.520675778388977,0.9921875,1.0,0.98681640625,1011,0.8931750741839762,0.9921875,0.04051864147186279,0.9130859375,0.33663123846054077,0.99267578125,1.0,0.99560546875,1015,0.9172413793103448,0.900390625
0,0,company,15360,low,0.9898255813953488,0.04849553108215332,1.0,0.000558102095965296,0.98046875,0.08899527043104172,0.9951171875,1.0,0.98681640625,1018,0.9823182711198428,0.99609375,0.01138016115874052,0.923828125,0.4445202052593231,0.9921875,1.0,0.99609375,1015,0.9261083743842364,0.9521484375
0,0,company,15360,high,0.9957606589147286,0.027424052357673645,0.998046875,0.016507217660546303,0.880859375,0.5029049515724182,0.9970703125,1.0,0.99365234375,1019,0.8842001962708538,0.9951171875,0.009940589778125286,0.91015625,0.32282906770706177,0.9970703125,0.96875,0.9951171875,988,0.9139676113360324,0.8955078125
0,0,project,0,low,0.0,8.559233665466309,0.0,8.595695495605469,0.0,8.597761154174805,0.0,0.0,0.0,0,,0.0,8.59697437286377,0.0,8.597804069519043,0.0,0.0,0.0,0,,0.0
0,0,project,0,high,0.0,8.559455871582031,0.0,8.595695495605469,0.0,8.597761154174805,0.0,0.0,0.0,0,,0.0,8.59697437286377,0.0,8.597804069519043,0.0,0.0,0.0,0,,0.0
0,0,project,1280,low,0.1141593992248062,7.561725616455078,0.8310546875,0.7224782705307007,0.2138671875,3.546051025390625,0.0,1.0,0.5048828125,0,,0.7548828125,0.9084987044334412,0.046875,4.8230133056640625,0.0,0.984375,0.34765625,0,,0.13037109375
0,0,project,1280,high,0.07455184108527131,7.782682418823242,0.7958984375,0.8871843814849854,0.1337890625,4.073602676391602,0.0,1.0,0.32763671875,0,,0.7529296875,0.9249325394630432,0.0419921875,4.705427169799805,0.0,0.984375,0.20703125,0,,0.087890625
0,0,project,2560,low,0.13220687984496124,8.279559135437012,0.994140625,0.048558928072452545,0.9375,0.2651882767677307,0.0107421875,1.0,0.94384765625,12,1.0,0.998046875,0.02830604463815689,0.919921875,0.3971550762653351,0.0,1.0,0.0458984375,0,,0.9287109375
0,0,project,2560,high,0.15219234496124032,7.907912254333496,0.9951171875,0.054055243730545044,0.529296875,2.584138870239258,0.064453125,1.0,0.73876953125,67,0.6417910447761194,0.99609375,0.049063391983509064,0.4755859375,2.5754261016845703,0.0,0.96875,0.359375,0,,0.50244140625
0,0,project,5120,low,0.8771196705426356,1.2256628274917603,1.0,0.002058332320302725,0.9677734375,0.13895222544670105,0.990234375,1.0,0.98974609375,1010,0.9722772277227723,0.9990234375,0.0042291912250220776,0.931640625,0.31142523884773254,0.966796875,1.0,0.7626953125,990,0.9383838383838384,0.94970703125
0,0,project,5120,high,0.5372456395348837,2.5048587322235107,1.0,0.002482463140040636,0.837890625,0.6046279072761536,0.85791015625,1.0,0.79736328125,870,0.8632183908045977,0.9990234375,0.005593016743659973,0.904296875,0.31358325481414795,0.51708984375,1.0,0.8408203125,573,0.9022687609075044,0.87109375
0,0,project,10240,low,0.9831031976744186,0.08935506641864777,0.9990234375,0.0016946333926171064,0.962890625,0.17109055817127228,0.9765625,1.0,0.9921875,1002,0.9620758483033932,0.99609375,0.010452867485582829,0.9365234375,0.28126734495162964,0.99072265625,1.0,0.95361328125,1018,0.9381139489194499,0.94970703125
0,0,project,10240,high,0.9662063953488372,0.1794586181640625,1.0,0.0009586522937752306,0.8740234375,0.459281325340271,0.98779296875,1.0,0.97314453125,1008,0.876984126984127,0.9990234375,0.003214385826140642,0.9541015625,0.14376863837242126,0.95703125,1.0,0.96044921875,983,0.9552390640895219,0.9140625
0,0,project,15360,low,0.9920663759689923,0.0396672785282135,1.0,0.0031092269346117973,0.962890625,0.16572582721710205,0.98828125,1.0,0.9912109375,1010,0.9643564356435643,1.0,0.0011218857252970338,0.955078125,0.21620234847068787,0.99658203125,1.0,0.98388671875,1021,0.9559255631733594,0.958984375
0,0,project,15360,high,0.9889171511627907,0.05340088531374931,1.0,0.00030633967253379524,0.919921875,0.3542044162750244,0.99609375,1.0,0.98779296875,1018,0.9223968565815324,0.998046875,0.0037647972349077463,0.95703125,0.12216542661190033,0.97265625,1.0,0.990234375,999,0.9579579579579579,0.9384765625
0,0,neither,0,low,0.0,8.559233665466309,0.0,8.595695495605469,0.0,8.597761154174805,0.0,0.0,0.0,0,,0.0,8.59697437286377,0.0,8.597804069519043,0.0,0.0,0.0,0,,0.0
0,0,neither,0,high,0.0,8.559455871582031,0.0,8.595695495605469,0.0,8.597761154174805,0.0,0.0,0.0,0,,0.0,8.59697437286377,0.0,8.597804069519043,0.0,0.0,0.0,0,,0.0
0,0,neither,1280,low,0.10664970930232558,7.186263561248779,0.810546875,1.3101810216903687,0.1572265625,3.475590229034424,0.0,1.0,0.46630859375,0,,0.6572265625,1.6079015731811523,0.044921875,4.154831886291504,0.0,0.734375,0.333984375,0,,0.10107421875
0,0,neither,1280,high,0.01532218992248062,6.778998374938965,0.158203125,3.232759952545166,0.037109375,3.5727641582489014,0.0029296875,0.140625,0.05810546875,0,,0.1484375,3.247420310974121,0.0341796875,3.600659132003784,0.0,0.046875,0.044921875,0,,0.03564453125
0,0,neither,2560,low,0.18350290697674418,5.355729579925537,0.9990234375,0.0521673783659935,0.8837890625,0.4938480257987976,0.31689453125,1.0,0.9130859375,330,0.9787878787878788,0.99609375,0.08199259638786316,0.470703125,2.043525218963623,0.07275390625,1.0,0.107421875,56,0.625,0.67724609375
0,0,neither,2560,high,0.0887233527131783,7.906188488006592,0.78125,0.5745476484298706,0.1884765625,3.909456729888916,0.0,1.0,0.33837890625,0,,0.7607421875,0.605044960975647,0.126953125,4.185568809509277,0.0,1.0,0.30712890625,0,,0.15771484375
0,0,neither,5120,low,0.8483527131782945,1.3423643112182617,0.998046875,0.006820039823651314,0.9462890625,0.23326829075813293,0.9853515625,1.0,0.9814453125,1005,0.9512437810945273,0.9990234375,0.005008933134377003,0.939453125,0.26644453406333923,0.99072265625,1.0,0.9833984375,1016,0.9429133858267716,0.94287109375
0,0,neither,5120,high,0.571765988372093,2.369929075241089,1.0,0.003940194379538298,0.8828125,0.42108896374702454,0.861328125,1.0,0.94287109375,862,0.8921113689095128,1.0,0.006371709518134594,0.8388671875,0.6119890213012695,0.9873046875,1.0,0.498046875,1004,0.8446215139442231,0.86083984375
0,0,neither,10240,low,0.9964874031007752,0.03357303515076637,1.0,0.0003691976307891309,0.9541015625,0.22236552834510803,0.99951171875,1.0,0.99755859375,1023,0.9540566959921799,0.9970703125,0.005706482566893101,0.9404296875,0.3134620785713196,0.99658203125,1.0,0.9912109375,1019,0.9411187438665358,0.947265625
0,0,neither,10240,high,0.9847989341085271,0.08863776922225952,0.998046875,0.0035103801637887955,0.9208984375,0.2960139214992523,0.98046875,1.0,0.982421875,997,0.9267803410230692,1.0,0.001416084123775363,0.84375,0.6321455240249634,0.99755859375,1.0,0.93310546875,1021,0.8442703232125367,0.88232421875
0,0,neither,15360,low,0.9976986434108527,0.0138120511546731,1.0,0.00022627356520388275,0.953125,0.2716590166091919,0.998046875,1.0,0.998046875,1020,0.9558823529411765,1.0,0.00046992499846965075,0.947265625,0.36242198944091797,0.99951171875,1.0,0.99609375,1023,0.9481915933528837,0.9501953125
0,0,neither,15360,high,0.9947311046511628,0.027888672426342964,0.9921875,0.023708440363407135,0.90625,0.37979286909103394,0.9833984375,1.0,0.99169921875,1003,0.9182452642073778,0.9970703125,0.008160465396940708,0.8818359375,0.5092248320579529,0.9970703125,1.0,0.98876953125,1019,0.8851815505397449,0.89404296875
0,1,company,0,low,0.0,8.52829360961914,0.0,8.497710227966309,0.0,8.498311996459961,0.0,0.0,0.0,0,,0.0,8.491252899169922,0.0,8.48794174194336,0.0,0.0,0.0,0,,0.0
0,1,company,0,high,0.0,8.528312683105469,0.0,8.497710227966309,0.0,8.498311996459961,0.0,0.0,0.0,0,,0.0,8.491252899169922,0.0,8.48794174194336,0.0,0.0,0.0,0,,0.0
0,1,company,1280,low,0.11234253875968993,7.3645830154418945,0.783203125,0.9001396894454956,0.177734375,3.7795567512512207,0.0,1.0,0.46826171875,0,,0.7353515625,1.0037055015563965,0.046875,4.567420482635498,0.0,1.0,0.37158203125,0,,0.1123046875
0,1,company,1280,high,0.04953972868217054,6.897385120391846,0.5595703125,2.360060930252075,0.072265625,3.695216417312622,0.0,1.0,0.18505859375,0,,0.4970703125,2.4571011066436768,0.0419921875,3.8149306774139404,0.0,0.078125,0.17724609375,0,,0.05712890625
0,1,company,2560,low,0.15740067829457363,5.9142327308654785,0.9970703125,0.09316742420196533,0.423828125,2.2270970344543457,0.0,1.0,0.61572265625,0,,0.9990234375,0.05949657782912254,0.68359375,1.22430419921875,0.18603515625,1.0,0.3994140625,164,0.9207317073170732,0.5537109375
0,1,company,2560,high,0.08860222868217055,6.1816205978393555,0.9033203125,0.3502211570739746,0.1142578125,4.559184551239014,0.0,1.0,0.2587890625,0,,0.892578125,0.35043948888778687,0.2607421875,3.4137539863586426,0.0,1.0,0.38671875,0,,0.1875
0,1,company,5120,low,0.39680232558139533,3.6621620655059814,1.0,0.004066959489136934,0.896484375,0.40099775791168213,0.03662109375,1.0,0.986328125,40,0.95,0.9970703125,0.014651374891400337,0.91015625,0.39969712495803833,0.80615234375,1.0,0.65966796875,806,0.9181141439205955,0.9033203125
0,1,company,5120,high,0.649890988372093,2.107383966445923,1.0,0.004815962631255388,0.951171875,0.17735302448272705,0.9931640625,1.0,0.89794921875,1012,0.9575098814229249,0.9990234375,0.00700609665364027,0.87890625,0.48004621267318726,0.97900390625,1.0,0.61572265625,995,0.8904522613065327,0.9150390625
0,1,company,10240,low,0.46051356589147285,3.7475457191467285,0.9990234375,0.005799808539450169,0.9345703125,0.30356937646865845,0.26220703125,1.0,0.98974609375,266,0.981203007518797,0.99609375,0.01353014912456274,0.8994140625,0.46630075573921204,0.603515625,1.0,0.73974609375,578,0.9065743944636678,0.9169921875
0,1,company,10240,high,0.9832243217054264,0.10209943354129791,1.0,0.0017205802723765373,0.9345703125,0.24295708537101746,0.99462890625,1.0,0.99169921875,1019,0.9371933267909716,1.0,0.0006966344080865383,0.908203125,0.37221482396125793,0.98974609375,1.0,0.95361328125,1013,0.910167818361303,0.92138671875
0,1,company,15360,low,0.7601744186046512,1.4195793867111206,0.9990234375,0.0014315495500341058,0.94921875,0.24198856949806213,0.8876953125,1.0,0.99267578125,891,0.9517396184062851,1.0,0.0002686729421839118,0.9423828125,0.33374494314193726,0.9462890625,1.0,0.9345703125,971,0.9464469618949537,0.94580078125
0,1,company,15360,high,0.9877664728682171,0.0598640963435173,1.0,0.0010400385363027453,0.9453125,0.19522562623023987,0.99853515625,1.0,0.9951171875,1022,0.9461839530332681,1.0,0.00030140968738123775,0.912109375,0.338672935962677,0.99658203125,1.0,0.984375,1019,0.9126594700686947,0.9287109375
0,1,project,0,low,0.0,8.52829360961914,0.0,8.497710227966309,0.0,8.498311996459961,0.0,0.0,0.0,0,,0.0,8.491252899169922,0.0,8.48794174194336,0.0,0.0,0.0,0,,0.0
0,1,project,0,high,0.0,8.528312683105469,0.0,8.497710227966309,0.0,8.498311996459961,0.0,0.0,0.0,0,,0.0,8.491252899169922,0.0,8.48794174194336,0.0,0.0,0.0,0,,0.0
0,1,project,1280,low,0.11555232558139535,7.5447163581848145,0.822265625,0.7719441652297974,0.234375,3.519303798675537,0.0,1.0,0.5185546875,0,,0.7138671875,0.9719384908676147,0.033203125,5.043532371520996,0.0,1.0,0.34619140625,0,,0.1337890625
0,1,project,1280,high,0.07497577519379844,7.562340259552002,0.7822265625,0.9506208896636963,0.1552734375,3.9612693786621094,0.0,1.0,0.3310546875,0,,0.7333984375,1.0179698467254639,0.03515625,4.536023139953613,0.0,1.0,0.20654296875,0,,0.09521484375
0,1,project,2560,low,0.1373546511627907,7.0193867683410645,0.9931640625,0.046577900648117065,0.9033203125,0.42166030406951904,0.00048828125,1.0,0.91357421875,0,,0.9990234375,0.02617453783750534,0.8447265625,0.6327751278877258,0.00439453125,1.0,0.12109375,3,1.0,0.8740234375
0,1,project,2560,high,0.10319767441860465,7.579310894012451,0.990234375,0.12102261185646057,0.357421875,3.1696853637695312,0.0,1.0,0.54833984375,0,,0.984375,0.12883055210113525,0.2197265625,3.718874454498291,0.0,0.9375,0.22021484375,0,,0.28857421875
0,1,project,5120,low,0.9212088178294574,1.026984691619873,1.0,0.004466964863240719,0.9072265625,0.36739635467529297,0.98876953125,1.0,0.9833984375,1014,0.9122287968441815,0.9990234375,0.00495016947388649,0.9404296875,0.2846718728542328,0.99365234375,1.0,0.88623046875,1017,0.9419862340216323,0.923828125
0,1,project,5120,high,0.5839389534883721,2.32924222946167,0.9990234375,0.00909891165792942,0.64453125,1.6357269287109375,0.86474609375,1.0,0.88720703125,841,0.7193816884661117,0.998046875,0.013820383697748184,0.74609375,1.0678131580352783,0.9580078125,1.0,0.37255859375,970,0.7680412371134021,0.6953125
0,1,project,10240,low,0.9886143410852714,0.05953114479780197,0.9970703125,0.005941636860370636,0.9404296875,0.32837849855422974,0.9931640625,1.0,0.98779296875,1016,0.9438976377952756,0.9990234375,0.004487033933401108,0.9443359375,0.29110026359558105,0.990234375,1.0,0.953125,1014,0.9487179487179487,0.9423828125
0,1,project,10240,high,0.9656007751937985,0.18638241291046143,0.99609375,0.015245086513459682,0.7216796875,1.3825311660766602,0.97802734375,1.0,0.978515625,996,0.7369477911646586,0.99609375,0.020334508270025253,0.7734375,1.0035439729690552,0.99462890625,1.0,0.79052734375,1020,0.7745098039215687,0.74755859375
0,1,project,15360,low,0.9964874031007752,0.015614958480000496,1.0,0.0007432139827869833,0.9462890625,0.3439441919326782,0.99951171875,1.0,0.998046875,1023,0.9472140762463344,1.0,0.00035012862645089626,0.958984375,0.25654157996177673,0.99658203125,1.0,0.98681640625,1022,0.958904109589041,0.95263671875
0,1,project,15360,high,0.9831637596899225,0.07065911591053009,0.99609375,0.012008555233478546,0.7939453125,0.9380379319190979,0.98583984375,1.0,0.98828125,1005,0.8,0.9970703125,0.011363131925463676,0.8017578125,0.9468847513198853,0.99609375,1.0,0.912109375,1020,0.8029411764705883,0.7978515625
0,1,neither,0,low,0.0,8.52829360961914,0.0,8.497710227966309,0.0,8.498311996459961,0.0,0.0,0.0,0,,0.0,8.491252899169922,0.0,8.48794174194336,0.0,0.0,0.0,0,,0.0
0,1,neither,0,high,0.0,8.528312683105469,0.0,8.497710227966309,0.0,8.498311996459961,0.0,0.0,0.0,0,,0.0,8.491252899169922,0.0,8.48794174194336,0.0,0.0,0.0,0,,0.0
0,1,neither,1280,low,0.06437742248062016,6.804820537567139,0.427734375,2.6144533157348633,0.0849609375,3.5302515029907227,0.0,0.890625,0.25927734375,0,,0.404296875,2.669351816177368,0.04296875,3.6647086143493652,0.0,0.046875,0.22607421875,0,,0.06396484375
0,1,neither,1280,high,0.009205426356589148,8.441027641296387,0.0322265625,3.511143207550049,0.03125,3.5143513679504395,0.0,0.03125,0.03173828125,0,,0.0322265625,3.5110926628112793,0.0322265625,3.514327049255371,0.0,0.03125,0.03173828125,0,,0.03173828125
0,1,neither,2560,low,0.1403827519379845,4.887673377990723,0.935546875,0.2813599109649658,0.4443359375,2.1171576976776123,0.06982421875,1.0,0.6220703125,72,0.6944444444444444,0.896484375,0.3702375292778015,0.150390625,3.648861885070801,0.03369140625,1.0,0.330078125,15,0.5333333333333333,0.29736328125
0,1,neither,2560,high,0.06455910852713179,6.147470951080322,0.6591796875,1.3650792837142944,0.0947265625,4.154751777648926,0.02490234375,1.0,0.21826171875,10,0.3,0.6796875,1.2868316173553467,0.076171875,4.28899621963501,0.0,0.171875,0.2314453125,0,,0.08544921875
0,1,neither,5120,low,0.5640746124031008,2.2269186973571777,0.99609375,0.016636773943901062,0.8505859375,0.5156944394111633,0.71630859375,1.0,0.87255859375,730,0.8753424657534247,0.9970703125,0.01752493530511856,0.8818359375,0.4711574912071228,0.947265625,1.0,0.60302734375,955,0.8963350785340314,0.8662109375
0,1,neither,5120,high,0.26950096899224807,3.5256195068359375,0.9990234375,0.04404196888208389,0.4365234375,2.8672983646392822,0.28857421875,1.0,0.69775390625,236,0.652542372881356,0.99609375,0.04820581525564194,0.39453125,3.063162326812744,0.51416015625,0.90625,0.4365234375,356,0.6966292134831461,0.41552734375
0,1,neither,10240,low,0.9631177325581395,0.1790531426668167,0.9990234375,0.005058143753558397,0.892578125,0.4155842065811157,0.95556640625,1.0,0.98388671875,980,0.8969387755102041,1.0,0.0021020048297941685,0.9306640625,0.2957960367202759,0.9970703125,1.0,0.9052734375,1021,0.9324191968658179,0.91162109375
0,1,neither,10240,high,0.9309593023255814,0.3961449861526489,0.99609375,0.01621123030781746,0.712890625,1.467710018157959,0.921875,1.0,0.9765625,929,0.7319698600645855,0.9970703125,0.00883643701672554,0.6591796875,1.6876671314239502,0.98828125,1.0,0.91552734375,1008,0.6656746031746031,0.68603515625
0,1,neither,15360,low,0.9923086240310077,0.04010495916008949,1.0,0.00036402815021574497,0.931640625,0.24893417954444885,0.99609375,1.0,0.994140625,1019,0.9322865554465162,1.0,0.0003703946422319859,0.9375,0.3395257294178009,0.99072265625,1.0,0.98291015625,1012,0.9387351778656127,0.9345703125
0,1,neither,15360,high,0.9816497093023255,0.09213744103908539,0.998046875,0.013642764650285244,0.7978515625,1.2070989608764648,0.9697265625,1.0,0.98046875,988,0.8006072874493927,0.9990234375,0.006439445540308952,0.7294921875,1.2332417964935303,0.98291015625,1.0,0.9677734375,1004,0.7400398406374502,0.763671875
1,0,company,0,low,0.0,8.53189754486084,0.0,8.608165740966797,0.0,8.61255168914795,0.0,0.0,0.0,0,,0.0,8.585113525390625,0.0,8.5891695022583,0.0,0.0,0.0,0,,0.0
1,0,company,0,high,0.0,8.532015800476074,0.0,8.608165740966797,0.0,8.61255168914795,0.0,0.0,0.0,0,,0.0,8.585113525390625,0.0,8.5891695022583,0.0,0.0,0.0,0,,0.0
1,0,company,1280,low,0.11046511627906977,7.249667644500732,0.7822265625,0.8436367511749268,0.140625,3.9536986351013184,0.0,1.0,0.44873046875,0,,0.7724609375,0.9497450590133667,0.05078125,4.5617194175720215,0.0,1.0,0.3720703125,0,,0.095703125
1,0,company,1280,high,0.0577156007751938,6.594913482666016,0.7490234375,1.6446627378463745,0.0859375,3.692617893218994,0.0,1.0,0.24072265625,0,,0.6748046875,1.8336215019226074,0.0478515625,4.044999122619629,0.0,0.125,0.1826171875,0,,0.06689453125
1,0,company,2560,low,0.16194282945736435,5.286584854125977,0.998046875,0.03619919717311859,0.689453125,1.238534927368164,0.0009765625,1.0,0.79150390625,0,,0.9990234375,0.03386881574988365,0.6337890625,1.362370252609253,0.02197265625,1.0,0.40185546875,22,0.7727272727272727,0.66162109375
1,0,company,2560,high,0.09459786821705427,4.851775646209717,0.8896484375,0.38870906829833984,0.072265625,4.8349199295043945,0.0009765625,1.0,0.22900390625,2,0.0,0.9140625,0.32188135385513306,0.287109375,3.2011289596557617,0.0595703125,0.75,0.396484375,37,0.7297297297297297,0.1796875
1,0,company,5120,low,0.875484496124031,1.2732131481170654,0.9990234375,0.0054091112688183784,0.9443359375,0.2050619125366211,0.98486328125,1.0,0.91259765625,1004,0.9492031872509961,1.0,0.0049806577153503895,0.9541015625,0.17380663752555847,0.98828125,1.0,0.8037109375,1004,0.9561752988047809,0.94921875
1,0,company,5120,high,0.5075702519379846,2.488293409347534,0.9970703125,0.015955746173858643,0.5380859375,1.8435156345367432,0.82177734375,1.0,0.6376953125,773,0.6209573091849935,1.0,0.013308310881257057,0.68359375,1.269562005996704,0.95263671875,1.0,0.30908203125,951,0.7076761303890642,0.61083984375
1,0,company,10240,low,0.9813468992248062,0.08888009935617447,0.9970703125,0.011236615478992462,0.9150390625,0.3090479373931885,0.9501953125,1.0,0.98388671875,981,0.9153924566768603,0.9990234375,0.0035226251929998398,0.95703125,0.15166112780570984,0.99609375,1.0,0.95703125,1021,0.9588638589618022,0.93603515625
1,0,company,10240,high,0.9500363372093024,0.21955986320972443,1.0,0.0019579713698476553,0.728515625,1.1706486940383911,0.97607421875,1.0,0.91796875,1002,0.7295409181636726,1.0,0.004023787099868059,0.7353515625,1.1611075401306152,0.982421875,1.0,0.79931640625,1006,0.7395626242544732,0.73193359375
1,0,company,15360,low,0.9912790697674418,0.040273621678352356,1.0,0.00014093081699684262,0.9775390625,0.12635637819766998,0.994140625,1.0,0.998046875,1018,0.9793713163064833,1.0,0.0009741856483742595,0.970703125,0.15137526392936707,0.99951171875,1.0,0.95556640625,1024,0.970703125,0.97412109375
1,0,company,15360,high,0.9830426356589147,0.06676093488931656,1.0,0.00044913971214555204,0.7900390625,0.9263198375701904,0.99755859375,1.0,0.99072265625,1022,0.7915851272015656,1.0,0.0008576578693464398,0.79296875,0.954836368560791,0.99609375,1.0,0.9169921875,1017,0.7954768928220256,0.79150390625
1,0,project,0,low,0.0,8.53189754486084,0.0,8.608165740966797,0.0,8.61255168914795,0.0,0.0,0.0,0,,0.0,8.585113525390625,0.0,8.5891695022583,0.0,0.0,0.0,0,,0.0
1,0,project,0,high,0.0,8.532015800476074,0.0,8.608165740966797,0.0,8.61255168914795,0.0,0.0,0.0,0,,0.0,8.585113525390625,0.0,8.5891695022583,0.0,0.0,0.0,0,,0.0
1,0,project,1280,low,0.11434108527131782,7.604222774505615,0.859375,0.6307712197303772,0.1875,3.867192029953003,0.0,1.0,0.49560546875,0,,0.783203125,0.8244485259056091,0.0478515625,4.852675437927246,0.0,1.0,0.35546875,0,,0.11767578125
1,0,project,1280,high,0.0770954457364341,7.548923015594482,0.7900390625,0.870744526386261,0.1279296875,4.1356940269470215,0.0,1.0,0.3349609375,0,,0.763671875,0.9265998601913452,0.046875,4.614477157592773,0.0,1.0,0.2177734375,0,,0.08740234375
1,0,project,2560,low,0.16297238372093023,6.985561847686768,0.9921875,0.05055791139602661,0.9384765625,0.24682070314884186,0.14111328125,1.0,0.94677734375,166,0.963855421686747,0.9990234375,0.021182484924793243,0.9501953125,0.24665769934654236,0.0,1.0,0.15673828125,0,,0.9443359375
1,0,project,2560,high,0.16866521317829458,4.56400203704834,0.9951171875,0.050773680210113525,0.5517578125,2.1950597763061523,0.2099609375,1.0,0.67724609375,178,0.8932584269662921,0.998046875,0.04206952080130577,0.513671875,2.1865921020507812,0.2158203125,1.0,0.17236328125,167,0.8562874251497006,0.53271484375
1,0,project,5120,low,0.8816618217054264,1.063855528831482,0.9990234375,0.0038360613398253918,0.95703125,0.16865266859531403,0.994140625,1.0,0.9814453125,1016,0.9616141732283464,0.9970703125,0.01644127070903778,0.91015625,0.31047195196151733,0.95361328125,1.0,0.94580078125,974,0.9219712525667351,0.93359375
1,0,project,5120,high,0.7403100775193798,1.7310874462127686,0.99609375,0.011278730817139149,0.90234375,0.3597501218318939,0.97998046875,1.0,0.92529296875,996,0.9126506024096386,0.9990234375,0.012259112671017647,0.9208984375,0.2562544345855713,0.97021484375,1.0,0.88330078125,996,0.9236947791164659,0.91162109375
1,0,project,10240,low,0.9832243217054264,0.09608334302902222,0.9970703125,0.008238770067691803,0.95703125,0.21096764504909515,0.98095703125,1.0,0.99267578125,1005,0.9621890547263682,1.0,0.0002915241348091513,0.97265625,0.10830239951610565,1.0,1.0,0.9931640625,1024,0.97265625,0.96484375
1,0,project,10240,high,0.9427688953488372,0.27845892310142517,0.9931640625,0.025915514677762985,0.8720703125,0.5067662596702576,0.96923828125,1.0,0.93994140625,989,0.890798786653185,1.0,0.0021523255854845047,0.9248046875,0.2774118185043335,0.99755859375,1.0,0.953125,1020,0.9254901960784314,0.8984375
1,0,project,15360,low,0.9937015503875969,0.03531728312373161,1.0,0.002059008926153183,0.953125,0.20870116353034973,0.9970703125,1.0,0.99658203125,1020,0.9568627450980393,1.0,0.001218056888319552,0.9677734375,0.13445475697517395,0.990234375,1.0,0.99462890625,1015,0.9684729064039409,0.96044921875
1,0,project,15360,high,0.9774709302325582,0.10535108298063278,0.994140625,0.012428043410182,0.90625,0.38910311460494995,0.98974609375,1.0,0.9873046875,1013,0.9081934846989141,0.9990234375,0.006008523050695658,0.923828125,0.2939906716346741,0.97900390625,1.0,0.96337890625,1008,0.9255952380952381,0.9150390625
1,0,neither,0,low,0.0,8.53189754486084,0.0,8.608165740966797,0.0,8.61255168914795,0.0,0.0,0.0,0,,0.0,8.585113525390625,0.0,8.5891695022583,0.0,0.0,0.0,0,,0.0
1,0,neither,0,high,0.0,8.532015800476074,0.0,8.608165740966797,0.0,8.61255168914795,0.0,0.0,0.0,0,,0.0,8.585113525390625,0.0,8.5891695022583,0.0,0.0,0.0,0,,0.0
1,0,neither,1280,low,0.10289486434108527,6.63508415222168,0.7861328125,1.3434067964553833,0.1416015625,3.470163106918335,0.0,1.0,0.4462890625,0,,0.6796875,1.5785611867904663,0.0576171875,4.03725528717041,0.0,0.578125,0.328125,0,,0.099609375
1,0,neither,1280,high,0.013141957364341086,6.707832336425781,0.150390625,3.1721181869506836,0.0341796875,3.629368782043457,0.00048828125,0.234375,0.0556640625,0,,0.1484375,3.1781983375549316,0.037109375,3.6070427894592285,0.01220703125,0.03125,0.02685546875,3,0.0,0.03564453125
1,0,neither,2560,low,0.22371608527131784,4.1352152824401855,0.9677734375,0.17552059888839722,0.6796875,1.1946516036987305,0.43798828125,1.0,0.80419921875,391,0.9053708439897699,0.9404296875,0.2820495665073395,0.1865234375,3.549013137817383,0.24609375,0.90625,0.2216796875,101,0.6336633663366337,0.43310546875
1,0,neither,2560,high,0.11948885658914729,4.855582237243652,0.79296875,0.5417624711990356,0.208984375,3.701951503753662,0.126953125,1.0,0.390625,83,0.5060240963855421,0.7587890625,0.6395705938339233,0.1162109375,4.311242580413818,0.07421875,1.0,0.28759765625,32,0.59375,0.16259765625
1,0,neither,5120,low,0.7473352713178295,1.615443229675293,1.0,0.005895472597330809,0.9140625,0.3826904296875,0.94775390625,1.0,0.9892578125,964,0.9242738589211619,1.0,0.007494751363992691,0.859375,0.5601615309715271,0.986328125,1.0,0.8984375,1004,0.8625498007968128,0.88671875
1,0,neither,5120,high,0.4797722868217054,2.7186760902404785,0.998046875,0.015492070466279984,0.5615234375,2.0325427055358887,0.83447265625,1.0,0.80126953125,775,0.6593548387096774,0.9921875,0.03165211156010628,0.521484375,2.070280075073242,0.84130859375,1.0,0.2607421875,793,0.587641866330391,0.54150390625
1,0,neither,10240,low,0.9894622093023255,0.07751107215881348,1.0,0.0016862759366631508,0.923828125,0.38914963603019714,0.990234375,1.0,0.994140625,1011,0.9258160237388724,0.9970703125,0.012728400528430939,0.884765625,0.5336563587188721,0.982421875,1.0,0.98388671875,1007,0.8867924528301887,0.904296875
1,0,neither,10240,high,0.9573037790697675,0.24080371856689453,0.986328125,0.05493325740098953,0.6533203125,1.8303511142730713,0.9599609375,1.0,0.98193359375,973,0.6649537512846866,0.9990234375,0.006454696878790855,0.7060546875,1.4738593101501465,0.990234375,1.0,0.9326171875,1016,0.7096456692913385,0.6796875
1,0,neither,15360,low,0.9960634689922481,0.023550957441329956,1.0,0.0010009272955358028,0.9404296875,0.36839741468429565,0.99560546875,1.0,0.99658203125,1020,0.942156862745098,0.9990234375,0.0025976956821978092,0.9169921875,0.4207382798194885,0.99658203125,1.0,0.99267578125,1021,0.9167482859941234,0.9287109375
1,0,neither,15360,high,0.9860101744186046,0.06353672593832016,0.9970703125,0.012368539348244667,0.7861328125,1.1215004920959473,0.98828125,1.0,0.99267578125,1015,0.7891625615763547,0.9990234375,0.003166438080370426,0.8173828125,0.9654487371444702,0.9990234375,1.0,0.96826171875,1023,0.8181818181818182,0.8017578125
1,1,company,0,low,0.0,8.563375473022461,0.0,8.561924934387207,0.0,8.560131072998047,0.0,0.0,0.0,0,,0.0,8.565459251403809,0.0,8.557868957519531,0.0,0.0,0.0,0,,0.0
1,1,company,0,high,0.0,8.563536643981934,0.0,8.561924934387207,0.0,8.560131072998047,0.0,0.0,0.0,0,,0.0,8.565459251403809,0.0,8.557868957519531,0.0,0.0,0.0,0,,0.0
1,1,company,1280,low,0.11034399224806202,7.19783878326416,0.8212890625,0.7881578207015991,0.1484375,4.042659759521484,0.0,1.0,0.45166015625,0,,0.7490234375,0.947144091129303,0.0625,4.451270580291748,0.0,1.0,0.3671875,0,,0.10546875
1,1,company,1280,high,0.06958575581395349,7.129052639007568,0.8310546875,1.172585129737854,0.130859375,3.606461524963379,0.0,1.0,0.28955078125,0,,0.6708984375,1.5154473781585693,0.05859375,4.21068000793457,0.0,0.65625,0.21826171875,0,,0.0947265625
1,1,company,2560,low,0.14910368217054262,7.127878665924072,0.9990234375,0.025381170213222504,0.7734375,1.0109972953796387,0.140625,1.0,0.87890625,130,0.9153846153846154,0.9931640625,0.05890679731965065,0.892578125,0.49329233169555664,0.0,1.0,0.10888671875,0,,0.8330078125
1,1,company,2560,high,0.12209302325581395,5.326447010040283,0.998046875,0.05326110124588013,0.181640625,4.393955230712891,0.0078125,1.0,0.3466796875,7,0.7142857142857143,1.0,0.04056212306022644,0.525390625,2.172760486602783,0.0244140625,1.0,0.52978515625,18,1.0,0.353515625
1,1,company,5120,low,0.8382994186046512,1.3210413455963135,1.0,0.0020498516969382763,0.9755859375,0.09626354277133942,0.9990234375,1.0,0.994140625,1022,0.9765166340508806,0.998046875,0.011438827030360699,0.919921875,0.32546305656433105,0.984375,1.0,0.90478515625,1006,0.9224652087475149,0.94775390625
1,1,company,5120,high,0.7555717054263565,1.7174323797225952,1.0,0.0036260364577174187,0.943359375,0.21891412138938904,0.98828125,1.0,0.96728515625,1005,0.9472636815920398,1.0,0.004526983015239239,0.888671875,0.412044882774353,0.98876953125,1.0,0.89306640625,1009,0.8909811694747275,0.916015625
1,1,company,10240,low,0.9661458333333334,0.15032577514648438,0.99609375,0.008470128290355206,0.9462890625,0.23812870681285858,0.95703125,1.0,0.98974609375,971,0.9536560247167868,0.9990234375,0.0032580597326159477,0.9267578125,0.38229018449783325,0.98876953125,1.0,0.90380859375,1009,0.9276511397423192,0.9365234375
1,1,company,10240,high,0.9690528100775194,0.15867644548416138,1.0,0.0002633302647154778,0.9609375,0.13625489175319672,0.99658203125,1.0,0.99560546875,1020,0.9627450980392157,0.9990234375,0.0019025882938876748,0.888671875,0.45773845911026,0.9931640625,1.0,0.97265625,1013,0.8884501480750246,0.9248046875
1,1,company,15360,low,0.994609980620155,0.026774486526846886,1.0,0.00032320403261110187,0.9658203125,0.1622128188610077,0.99755859375,1.0,0.9970703125,1020,0.9686274509803922,0.9990234375,0.0028646010905504227,0.939453125,0.3714449405670166,0.99951171875,1.0,0.99072265625,1024,0.939453125,0.95263671875
1,1,company,15360,high,0.9858890503875969,0.06145438924431801,1.0,0.00010491754801478237,0.9736328125,0.09671033918857574,0.99951171875,1.0,0.9951171875,1023,0.9745845552297165,0.9990234375,0.0020693298429250717,0.88671875,0.4678441286087036,0.99853515625,1.0,0.9970703125,1023,0.8875855327468231,0.93017578125
1,1,project,0,low,0.0,8.563375473022461,0.0,8.561924934387207,0.0,8.560131072998047,0.0,0.0,0.0,0,,0.0,8.565459251403809,0.0,8.557868957519531,0.0,0.0,0.0,0,,0.0
1,1,project,0,high,0.0,8.563536643981934,0.0,8.561924934387207,0.0,8.560131072998047,0.0,0.0,0.0,0,,0.0,8.565459251403809,0.0,8.557868957519531,0.0,0.0,0.0,0,,0.0
1,1,project,1280,low,0.11573401162790697,7.519682884216309,0.837890625,0.6368297934532166,0.2373046875,3.6115527153015137,0.0,1.0,0.51708984375,0,,0.7216796875,0.9528427720069885,0.0439453125,4.902976989746094,0.0,0.984375,0.34619140625,0,,0.140625
1,1,project,1280,high,0.07394622093023256,7.3871750831604,0.798828125,0.8609334230422974,0.12890625,4.248700141906738,0.0,1.0,0.31494140625,0,,0.7392578125,0.9744646549224854,0.0478515625,4.621495723724365,0.0,0.984375,0.21142578125,0,,0.08837890625
1,1,project,2560,low,0.2212936046511628,5.976934909820557,0.9921875,0.045220062136650085,0.9306640625,0.3387846052646637,0.640625,1.0,0.95166015625,652,0.9739263803680982,0.9990234375,0.03021971322596073,0.9228515625,0.35948002338409424,0.00537109375,1.0,0.11767578125,6,1.0,0.9267578125
1,1,project,2560,high,0.21015019379844962,4.328764915466309,1.0,0.051185786724090576,0.384765625,3.1552348136901855,0.28759765625,1.0,0.6318359375,217,0.783410138248848,0.9990234375,0.04878757894039154,0.384765625,3.006621837615967,0.43603515625,1.0,0.2470703125,263,0.844106463878327,0.384765625
1,1,project,5120,low,0.853015988372093,1.2330467700958252,0.998046875,0.014125017449259758,0.9638671875,0.15810857713222504,0.9931640625,1.0,0.98681640625,1014,0.9664694280078896,1.0,0.004578500520437956,0.9453125,0.18136060237884521,0.763671875,1.0,0.85693359375,797,0.9535759096612296,0.95458984375
1,1,project,5120,high,0.7397044573643411,1.7085543870925903,1.0,0.004507511854171753,0.7265625,1.1281752586364746,0.8994140625,1.0,0.94189453125,889,0.7536557930258717,0.9990234375,0.008498742245137691,0.8486328125,0.5721310973167419,0.83642578125,1.0,0.67431640625,793,0.8965952080706179,0.78759765625
1,1,project,10240,low,0.9826187015503876,0.11266667395830154,0.998046875,0.014031247235834599,0.955078125,0.19507646560668945,0.9970703125,1.0,0.99365234375,1021,0.9549461312438785,1.0,0.0005053653148934245,0.96875,0.09505902230739594,0.986328125,1.0,0.9677734375,1009,0.9712586719524281,0.9619140625
1,1,project,10240,high,0.9579093992248062,0.19539248943328857,1.0,0.001964904135093093,0.822265625,0.7365795373916626,0.95751953125,1.0,0.98779296875,966,0.8322981366459627,0.998046875,0.007791919633746147,0.90234375,0.38623374700546265,0.84521484375,1.0,0.92138671875,840,0.9261904761904762,0.8623046875
1,1,project,15360,low,0.9972747093023255,0.01673145592212677,1.0,8.742650970816612e-05,0.9560546875,0.16938462853431702,1.0,1.0,1.0,1024,0.9560546875,1.0,0.0012551089748740196,0.9716796875,0.11521901190280914,0.99609375,1.0,0.998046875,1019,0.9735034347399412,0.9638671875
1,1,project,15360,high,0.978015988372093,0.09878718852996826,0.998046875,0.0068970657885074615,0.904296875,0.3707086443901062,0.9970703125,1.0,0.9755859375,1020,0.907843137254902,0.998046875,0.005255550146102905,0.9326171875,0.2905071973800659,0.93603515625,1.0,0.96337890625,940,0.9361702127659575,0.91845703125
1,1,neither,0,low,0.0,8.563375473022461,0.0,8.561924934387207,0.0,8.560131072998047,0.0,0.0,0.0,0,,0.0,8.565459251403809,0.0,8.557868957519531,0.0,0.0,0.0,0,,0.0
1,1,neither,0,high,0.0,8.563536643981934,0.0,8.561924934387207,0.0,8.560131072998047,0.0,0.0,0.0,0,,0.0,8.565459251403809,0.0,8.557868957519531,0.0,0.0,0.0,0,,0.0
1,1,neither,1280,low,0.11107073643410853,7.219265937805176,0.8193359375,1.0913708209991455,0.185546875,3.438339948654175,0.0,1.0,0.48046875,0,,0.6796875,1.4241273403167725,0.0556640625,4.193428039550781,0.0,0.859375,0.3505859375,0,,0.12060546875
1,1,neither,1280,high,0.044876453488372096,6.960825443267822,0.490234375,2.4397215843200684,0.0673828125,3.7764930725097656,0.0,0.90625,0.17041015625,0,,0.4384765625,2.52998423576355,0.052734375,3.771461009979248,0.0,0.09375,0.1552734375,0,,0.06005859375
1,1,neither,2560,low,0.15025436046511628,5.21140193939209,0.9951171875,0.06142755597829819,0.71875,1.1708933115005493,0.0,1.0,0.7568359375,0,,0.9970703125,0.06803765892982483,0.45703125,2.1323132514953613,0.24462890625,1.0,0.13525390625,198,0.7373737373737373,0.587890625
1,1,neither,2560,high,0.09132751937984496,5.90235710144043,0.83203125,0.47095543146133423,0.1845703125,4.016195297241211,0.0,1.0,0.36328125,0,,0.78515625,0.5753732919692993,0.1376953125,4.356903076171875,0.0078125,1.0,0.294921875,2,1.0,0.1611328125
1,1,neither,5120,low,0.7940285852713178,1.5641509294509888,1.0,0.004102233797311783,0.9541015625,0.15461623668670654,0.9775390625,1.0,0.99462890625,1005,0.9532338308457712,1.0,0.006236362736672163,0.9306640625,0.26862314343452454,0.98388671875,1.0,0.787109375,1006,0.937375745526839,0.9423828125
1,1,neither,5120,high,0.5084786821705426,2.6163463592529297,1.0,0.00906306691467762,0.6904296875,1.3019206523895264,0.83544921875,1.0,0.6650390625,825,0.7369696969696969,1.0,0.00947369635105133,0.7841796875,0.8258307576179504,0.9443359375,1.0,0.19873046875,951,0.8012618296529969,0.7373046875
1,1,neither,10240,low,0.960453003875969,0.18756459653377533,0.998046875,0.009845919907093048,0.9462890625,0.22911350429058075,0.98828125,1.0,0.99560546875,1008,0.9474206349206349,0.9990234375,0.00390451168641448,0.939453125,0.3087582588195801,0.9970703125,1.0,0.97021484375,1024,0.939453125,0.94287109375
1,1,neither,10240,high,0.9649951550387597,0.15676584839820862,0.998046875,0.0061189960688352585,0.7587890625,1.1544888019561768,0.91015625,1.0,0.9736328125,915,0.7912568306010929,1.0,0.0014622504822909832,0.794921875,0.9032958745956421,0.99560546875,1.0,0.8515625,1017,0.7984267453294002,0.77685546875
1,1,neither,15360,low,0.9886749031007752,0.05636736378073692,0.998046875,0.011941718868911266,0.9482421875,0.242526575922966,0.99169921875,1.0,0.998046875,1016,0.9478346456692913,1.0,0.0005070499610155821,0.939453125,0.31435427069664,0.998046875,1.0,0.97705078125,1022,0.9403131115459883,0.94384765625
1,1,neither,15360,high,0.9837693798449613,0.06623931974172592,0.9931640625,0.019321059808135033,0.818359375,0.7949256896972656,0.98681640625,1.0,0.9912109375,1007,0.8282025819265144,1.0,0.0009243652457371354,0.830078125,0.6736132502555847,0.9970703125,1.0,0.90869140625,1020,0.8313725490196079,0.82421875
