world,seed,kind,weight,alpha,step,cases,D_probe_conflict_heldout_accuracy,D_heldout_accuracy,D_accuracy,E_changed_root_accuracy,E_changed_actual_accuracy,U_full_rate,U_unseen_rate,U_unseen_strata_0_rate,U_unseen_strata_1_rate,fixed_person_new_actual_accuracy,fixed_person_old_default_accuracy
0,0,coherent,root125,0.125,0,6,0.0,0.0,0.0,0.0,0.0,0.0,0.0,0.0,0.0,0.0,1.0
0,0,coherent,root125,0.125,32,6,0.12808641975308643,0.11805555555555557,0.11631944444444443,0.27777777777777773,0.48518518518518516,0.010764224923972653,0.010634872202803021,0.041666666666666664,0.01601728092332425,0.0,0.7800925925925926
0,0,coherent,root125,0.125,128,6,0.8040123456790124,0.7812500000000001,0.7604166666666666,1.0,1.0,0.006491045197788331,0.007454032113511078,0.09722222222222221,0.013473988016229047,0.0,0.19598765432098764
0,0,coherent,root125,0.125,512,6,0.7870370370370372,0.7743055555555555,0.7743055555555557,1.0,1.0,0.0031751220944506134,0.003902183772463897,0.05555555555555555,0.005774497401100248,0.0,0.19984567901234565
0,0,coherent,root250,0.25,0,6,0.0,0.0,0.0,0.0,0.0,0.0,0.0,0.0,0.0,0.0,1.0
0,0,coherent,root250,0.25,32,6,0.12885802469135801,0.12152777777777779,0.11805555555555554,0.3333333333333333,0.43333333333333335,0.01075526879816295,0.010654904801287933,0.09722222222222221,0.01600621162674128,0.0,0.7800925925925926
0,0,coherent,root250,0.25,128,6,0.7901234567901234,0.7673611111111112,0.7552083333333334,1.0,1.0,0.006622761911779133,0.007587885380098697,0.09722222222222221,0.01292105263579421,0.0,0.2098765432098765
0,0,coherent,root250,0.25,512,6,0.7870370370370372,0.7743055555555555,0.7760416666666666,1.0,1.0,0.003216044254491207,0.003974224600331666,0.05555555555555555,0.005776277362297094,0.0,0.20679012345679013
0,0,coherent,root500,0.5,0,6,0.0,0.0,0.0,0.0,0.0,0.0,0.0,0.0,0.0,0.0,1.0
0,0,coherent,root500,0.5,32,6,0.08950617283950617,0.08680555555555557,0.07291666666666667,0.38888888888888884,0.29074074074074074,0.010466964976827175,0.010252550102988088,0.09722222222222221,0.013528233763138768,0.0,0.826388888888889
0,0,coherent,root500,0.5,128,6,0.7978395061728395,0.7604166666666666,0.7447916666666666,1.0,1.0,0.006770964920404331,0.007721753418973024,0.09722222222222221,0.0112847902071416,0.0,0.20216049382716048
0,0,coherent,root500,0.5,512,6,0.7808641975308643,0.767361111111111,0.765625,1.0,1.0,0.0031580657426067194,0.0038810204920057714,0.05555555555555555,0.005776277362297094,0.0,0.21296296296296294
0,0,coherent,uniform,0.03225806451612903,0,6,0.0,0.0,0.0,0.0,0.0,0.0,0.0,0.0,0.0,0.0,1.0
0,0,coherent,uniform,0.03225806451612903,32,6,0.13425925925925927,0.1111111111111111,0.1111111111111111,0.2222222222222222,0.4925925925925925,0.010467623030544037,0.010356400288955845,0.041666666666666664,0.015466466539984604,0.0,0.7878086419753086
0,0,coherent,uniform,0.03225806451612903,128,6,0.7908950617283951,0.7604166666666666,0.7465277777777777,1.0,1.0,0.006095335476912694,0.007020612746589233,0.09722222222222221,0.01292393151290012,0.0,0.20910493827160492
0,0,coherent,uniform,0.03225806451612903,512,6,0.8001543209876543,0.7847222222222222,0.7777777777777777,1.0,1.0,0.0031586277911213097,0.003912597913680343,0.05555555555555555,0.006879316695103913,0.0,0.18672839506172836
0,0,exception,root125,0.125,0,6,0.0,0.0,0.0,0.0,0.0,0.0,0.0,0.0,0.0,0.0,1.0
0,0,exception,root125,0.125,32,6,0.006172839506172839,0.010416666666666666,0.006944444444444444,0.2222222222222222,0.21666666666666665,0.010434481856252073,0.010304659474308845,0.041666666666666664,0.01681255039023673,0.019290123456790122,0.8402777777777777
0,0,exception,root125,0.125,128,6,0.14660493827160495,0.34722222222222215,0.3993055555555556,1.0,1.0,0.007821723221823059,0.008974280375664955,0.0,0.018739016526234536,0.5594135802469136,0.2561728395061728
0,0,exception,root125,0.125,512,6,0.1597222222222222,0.3611111111111111,0.3958333333333333,1.0,1.0,0.0030523284159744302,0.0037897476507920574,0.041666666666666664,0.008262421169614965,0.5254629629629629,0.2762345679012346
0,0,exception,root250,0.25,0,6,0.0,0.0,0.0,0.0,0.0,0.0,0.0,0.0,0.0,0.0,1.0
0,0,exception,root250,0.25,32,6,0.006172839506172839,0.010416666666666666,0.006944444444444444,0.2222222222222222,0.17592592592592593,0.010631826582852562,0.010469452905733744,0.09722222222222221,0.01572652967570217,0.013888888888888888,0.8464506172839505
0,0,exception,root250,0.25,128,6,0.17361111111111113,0.3506944444444445,0.40624999999999994,1.0,0.9981481481481481,0.00800296988641874,0.009139216101157201,0.0,0.016536622066780568,0.5470679012345679,0.24151234567901234
0,0,exception,root250,0.25,512,6,0.1728395061728395,0.3680555555555556,0.40972222222222227,1.0,1.0,0.0031512444222417356,0.003903277980245369,0.041666666666666664,0.00826467921956303,0.5054012345679012,0.283179012345679
0,0,exception,root500,0.5,0,6,0.0,0.0,0.0,0.0,0.0,0.0,0.0,0.0,0.0,0.0,1.0
0,0,exception,root500,0.5,32,6,0.013117283950617281,0.006944444444444444,0.003472222222222222,0.27777777777777773,0.09074074074074075,0.010302013568903604,0.01003578684442559,0.09722222222222221,0.013794248040641693,0.0,0.8418209876543209
0,0,exception,root500,0.5,128,6,0.23842592592592593,0.3854166666666667,0.43576388888888884,1.0,0.9944444444444445,0.007944254924359606,0.009024540102369449,0.041666666666666664,0.0137666630079151,0.4683641975308641,0.2615740740740741
0,0,exception,root500,0.5,512,6,0.19212962962962962,0.37847222222222215,0.42361111111111116,1.0,1.0,0.003208768104546907,0.003954535580307579,0.041666666666666664,0.007718660727379009,0.47993827160493824,0.28935185185185186
0,0,exception,uniform,0.03225806451612903,0,6,0.0,0.0,0.0,0.0,0.0,0.0,0.0,0.0,0.0,0.0,1.0
0,0,exception,uniform,0.03225806451612903,32,6,0.006172839506172839,0.010416666666666666,0.006944444444444444,0.16666666666666666,0.2259259259259259,0.009775474454915362,0.009696240788544605,0.041666666666666664,0.014051128807867725,0.019290123456790122,0.847993827160494
0,0,exception,uniform,0.03225806451612903,128,6,0.11265432098765434,0.3298611111111111,0.37847222222222227,1.0,1.0,0.007360286223405745,0.008386283077587322,0.0,0.017629572756268558,0.5933641975308642,0.24922839506172842
0,0,exception,uniform,0.03225806451612903,512,6,0.1273148148148148,0.34375,0.3819444444444444,1.0,1.0,0.0030688794036633654,0.003820748389757241,0.041666666666666664,0.008816228827247759,0.5385802469135802,0.29552469135802467
0,1,coherent,root125,0.125,0,6,0.0,0.0,0.0,0.0,0.0,0.0,0.0,0.0,0.0,0.0,0.9521604938271605
0,1,coherent,root125,0.125,32,6,0.13734567901234568,0.13194444444444445,0.13368055555555555,0.1111111111111111,0.43333333333333335,0.017561721697715683,0.016845185757232765,0.0,0.03285841887699492,0.006172839506172839,0.6226851851851852
0,1,coherent,root125,0.125,128,6,0.8217592592592592,0.7986111111111112,0.8107638888888888,1.0,1.0,0.01213710229903593,0.01345298717536047,0.125,0.03322138410757683,0.0,0.13271604938271606
0,1,coherent,root125,0.125,512,6,0.8472222222222223,0.8229166666666669,0.8315972222222222,1.0,1.0,0.006144861486954669,0.007417646452432544,0.125,0.018779628415713547,0.0,0.10030864197530864
0,1,coherent,root250,0.25,0,6,0.0,0.0,0.0,0.0,0.0,0.0,0.0,0.0,0.0,0.0,0.9521604938271605
0,1,coherent,root250,0.25,32,6,0.13734567901234565,0.12152777777777778,0.12326388888888888,0.1111111111111111,0.36296296296296293,0.018363664216966922,0.01761809503072209,0.0,0.03408251613760873,0.006172839506172839,0.6219135802469137
0,1,coherent,root250,0.25,128,6,0.8279320987654321,0.7986111111111112,0.8090277777777778,1.0,1.0,0.012399491950694563,0.013764549591764192,0.08333333333333333,0.032667671992651914,0.0,0.12654320987654322
0,1,coherent,root250,0.25,512,6,0.8472222222222223,0.8125,0.8315972222222222,1.0,1.0,0.006328943202609574,0.007639743148665403,0.125,0.018223680388822747,0.0,0.10030864197530864
0,1,coherent,root500,0.5,0,6,0.0,0.0,0.0,0.0,0.0,0.0,0.0,0.0,0.0,0.0,0.9521604938271605
0,1,coherent,root500,0.5,32,6,0.05709876543209876,0.05208333333333332,0.05555555555555555,0.16666666666666666,0.20370370370370372,0.018583571863646935,0.017742110133154364,0.0,0.03337684048100731,0.0,0.7754629629629629
0,1,coherent,root500,0.5,128,6,0.8279320987654321,0.7881944444444445,0.8020833333333334,1.0,1.0,0.012688685953980226,0.01410365581321639,0.08333333333333333,0.03149333898309859,0.0,0.12654320987654322
0,1,coherent,root500,0.5,512,6,0.8541666666666666,0.8125,0.8333333333333334,1.0,1.0,0.006387191125517323,0.007685151192182626,0.08333333333333333,0.017949555322915724,0.0,0.10030864197530864
0,1,coherent,uniform,0.03225806451612903,0,6,0.0,0.0,0.0,0.0,0.0,0.0,0.0,0.0,0.0,0.0,0.9521604938271605
0,1,coherent,uniform,0.03225806451612903,32,6,0.15046296296296297,0.14583333333333331,0.140625,0.05555555555555555,0.45740740740740743,0.016551432903339925,0.015980762746564875,0.0,0.03025329052223527,0.0,0.628858024691358
0,1,coherent,uniform,0.03225806451612903,128,6,0.8148148148148148,0.7951388888888888,0.8038194444444445,1.0,1.0,0.011600796312228418,0.012887455269050599,0.125,0.03327835908023768,0.0,0.13271604938271606
0,1,coherent,uniform,0.03225806451612903,512,6,0.8472222222222222,0.8229166666666666,0.8263888888888888,1.0,1.0,0.005975200490734592,0.007173910123406774,0.125,0.01946268852500316,0.0,0.10030864197530864
0,1,exception,root125,0.125,0,6,0.0,0.0,0.0,0.0,0.0,0.0,0.0,0.0,0.0,0.0,0.9521604938271605
0,1,exception,root125,0.125,32,6,0.024691358024691357,0.024305555555555552,0.019097222222222224,0.05555555555555555,0.20555555555555557,0.017162761776801944,0.016318196523357167,0.0,0.03310818643376907,0.05092592592592592,0.6782407407407406
0,1,exception,root125,0.125,128,6,0.1697530864197531,0.4305555555555555,0.4756944444444444,1.0,1.0,0.013417746474455065,0.014835007626163433,0.08333333333333333,0.03770079677510424,0.6265432098765432,0.11342592592592593
0,1,exception,root125,0.125,512,6,0.14506172839506173,0.3993055555555556,0.44965277777777785,1.0,1.0,0.0062947355056993184,0.0076010087609742795,0.041666666666666664,0.019821124989481066,0.6180555555555556,0.14583333333333334
0,1,exception,root250,0.25,0,6,0.0,0.0,0.0,0.0,0.0,0.0,0.0,0.0,0.0,0.0,0.9521604938271605
0,1,exception,root250,0.25,32,6,0.024691358024691357,0.024305555555555552,0.020833333333333332,0.05555555555555555,0.16481481481481483,0.018477747604882005,0.017725828783894653,0.0,0.034479276944203836,0.044753086419753084,0.6774691358024691
0,1,exception,root250,0.25,128,6,0.2229938271604938,0.45486111111111116,0.5,1.0,1.0,0.01388405834527288,0.015258862947576867,0.041666666666666664,0.0381948040552576,0.5794753086419753,0.10725308641975308
0,1,exception,root250,0.25,512,6,0.18287037037037038,0.42708333333333326,0.46701388888888884,1.0,1.0,0.00626590217440885,0.007612645445227568,0.08333333333333333,0.01995544327570131,0.5941358024691358,0.13271604938271606
0,1,exception,root500,0.5,0,6,0.0,0.0,0.0,0.0,0.0,0.0,0.0,0.0,0.0,0.0,0.9521604938271605
0,1,exception,root500,0.5,32,6,0.012345679012345678,0.010416666666666666,0.010416666666666666,0.05555555555555555,0.08888888888888889,0.01856569751393083,0.017695444522907694,0.0,0.03183885807853165,0.019290123456790122,0.7677469135802469
0,1,exception,root500,0.5,128,6,0.29475308641975306,0.4930555555555556,0.5503472222222222,1.0,1.0,0.014219748620081947,0.015720986671204574,0.041666666666666664,0.03676299881718494,0.5077160493827161,0.10725308641975308
0,1,exception,root500,0.5,512,6,0.19598765432098766,0.43402777777777773,0.4861111111111111,1.0,1.0,0.006152471193572539,0.0074683906410130405,0.0,0.018040583492942176,0.5802469135802469,0.13966049382716048
0,1,exception,uniform,0.03225806451612903,0,6,0.0,0.0,0.0,0.0,0.0,0.0,0.0,0.0,0.0,0.0,0.9521604938271605
0,1,exception,uniform,0.03225806451612903,32,6,0.018518518518518517,0.01736111111111111,0.015625,0.0,0.2240740740740741,0.016134363656503982,0.015418427361913104,0.0,0.031348020054797136,0.0640432098765432,0.6844135802469137
0,1,exception,uniform,0.03225806451612903,128,6,0.13811728395061726,0.4131944444444445,0.4618055555555556,1.0,1.0,0.012830242031033195,0.014238071926862333,0.08333333333333333,0.038601006977640025,0.6396604938271605,0.11959876543209876
0,1,exception,uniform,0.03225806451612903,512,6,0.1257716049382716,0.3819444444444444,0.43402777777777773,1.0,1.0,0.0059666315772583635,0.0071803507835478545,0.041666666666666664,0.020180295781803193,0.6304012345679012,0.14583333333333334
1,0,coherent,root125,0.125,0,6,0.0,0.0,0.0,0.0,0.0,0.0,0.0,0.0,0.0,0.0,1.0
1,0,coherent,root125,0.125,32,6,0.15991902834008098,0.1388888888888889,0.13715277777777776,0.2222222222222222,0.5444444444444444,0.008439273354366249,0.008130209391291861,0.0,0.01016607994487843,0.0,0.6484480431848852
1,0,coherent,root125,0.125,128,6,0.8562753036437246,0.8298611111111112,0.8263888888888888,1.0,1.0,0.0061142853190856656,0.006941235875959635,0.12499999999999999,0.01377066338280345,0.0,0.13495276653171392
1,0,coherent,root125,0.125,512,6,0.862685560053981,0.8402777777777778,0.8402777777777778,1.0,1.0,0.0028842439446178695,0.003517304190228707,0.15277777777777776,0.005194413169370465,0.0,0.12854251012145748
1,0,coherent,root250,0.25,0,6,0.0,0.0,0.0,0.0,0.0,0.0,0.0,0.0,0.0,0.0,1.0
1,0,coherent,root250,0.25,32,6,0.15519568151147098,0.13888888888888887,0.12847222222222224,0.3333333333333333,0.46851851851851856,0.008587677516710503,0.008357038915183274,0.0,0.009883598889106044,0.0,0.646761133603239
1,0,coherent,root250,0.25,128,6,0.8434547908232118,0.8263888888888888,0.8211805555555555,1.0,1.0,0.006600353595207658,0.007497945278650523,0.09722222222222221,0.013789898733410584,0.0,0.14777327935222673
1,0,coherent,root250,0.25,512,6,0.8498650472334682,0.8333333333333334,0.8333333333333334,1.0,1.0,0.0029583912737639745,0.003630781885795797,0.15277777777777776,0.005194413169370465,0.0,0.1413630229419703
1,0,coherent,root500,0.5,0,6,0.0,0.0,0.0,0.0,0.0,0.0,0.0,0.0,0.0,0.0,1.0
1,0,coherent,root500,0.5,32,6,0.10964912280701755,0.09375,0.08854166666666667,0.3333333333333333,0.26851851851851855,0.008142745347076057,0.007975013063480777,0.0,0.008250490870948533,0.0,0.7449392712550607
1,0,coherent,root500,0.5,128,6,0.8154520917678814,0.798611111111111,0.795138888888889,1.0,1.0,0.007053458972978936,0.007992874364541163,0.09722222222222221,0.012697185442281142,0.0,0.17577597840755735
1,0,coherent,root500,0.5,512,6,0.8498650472334682,0.8263888888888888,0.8211805555555555,1.0,1.0,0.003040804501149123,0.003713273578976544,0.125,0.005193540393095317,0.0,0.1413630229419703
1,0,coherent,uniform,0.03225806451612903,0,6,0.0,0.0,0.0,0.0,0.0,0.0,0.0,0.0,0.0,0.0,1.0
1,0,coherent,uniform,0.03225806451612903,32,6,0.17105263157894735,0.14930555555555555,0.14062500000000003,0.05555555555555555,0.5629629629629629,0.008183681920304803,0.007779492790197109,0.0,0.009884617878092677,0.0,0.6285425101214575
1,0,coherent,uniform,0.03225806451612903,128,6,0.862685560053981,0.8368055555555555,0.8333333333333334,1.0,1.0,0.005619955620268757,0.006415448618348005,0.12499999999999999,0.015156790246015224,0.0,0.12854251012145748
1,0,coherent,uniform,0.03225806451612903,512,6,0.862685560053981,0.8402777777777778,0.8420138888888888,1.0,1.0,0.002702958668350573,0.0033109803443213434,0.15277777777777776,0.005205745302404268,0.0,0.12854251012145748
1,0,exception,root125,0.125,0,6,0.0,0.0,0.0,0.0,0.0,0.0,0.0,0.0,0.0,0.0,1.0
1,0,exception,root125,0.125,32,6,0.023954116059379218,0.027777777777777776,0.01909722222222222,0.1111111111111111,0.19999999999999998,0.007755543581318475,0.007604206817093662,0.0,0.010693425831145582,0.06713900134952766,0.6869095816464238
1,0,exception,root125,0.125,128,6,0.19331983805668015,0.4513888888888889,0.4305555555555555,1.0,1.0,0.007976605677719338,0.008910673435426683,0.125,0.021767976108716103,0.6437246963562754,0.1413630229419703
1,0,exception,root125,0.125,512,6,0.15249662618083668,0.45138888888888884,0.4305555555555555,1.0,1.0,0.0029667072477550347,0.0036720615397430856,0.06944444444444443,0.010200071540329573,0.6605937921727395,0.1349527665317139
1,0,exception,root250,0.25,0,6,0.0,0.0,0.0,0.0,0.0,0.0,0.0,0.0,0.0,0.0,1.0
1,0,exception,root250,0.25,32,6,0.030364372469635626,0.03819444444444445,0.031249999999999997,0.16666666666666666,0.1574074074074074,0.007994476876465236,0.007882370052225422,0.0,0.011255617724559769,0.045546558704453434,0.6956815114709852
1,0,exception,root250,0.25,128,6,0.19331983805668018,0.4618055555555555,0.4392361111111111,1.0,1.0,0.00831439523611286,0.009292165668023416,0.125,0.02147463607946121,0.6437246963562754,0.1413630229419703
1,0,exception,root250,0.25,512,6,0.16767881241565452,0.4548611111111111,0.43749999999999994,1.0,1.0,0.00294193401198437,0.003640987328366046,0.06944444444444443,0.00936885272522143,0.6541835357624831,0.1349527665317139
1,0,exception,root500,0.5,0,6,0.0,0.0,0.0,0.0,0.0,0.0,0.0,0.0,0.0,0.0,1.0
1,0,exception,root500,0.5,32,6,0.03441295546558704,0.02777777777777778,0.029513888888888885,0.27777777777777773,0.09999999999999999,0.007945048423321154,0.007809842548285917,0.0,0.010456509219884917,0.021592442645074223,0.800944669365722
1,0,exception,root500,0.5,128,6,0.2149122807017544,0.4826388888888889,0.47395833333333326,1.0,0.9981481481481481,0.008775709411218899,0.00976632960880782,0.09722222222222221,0.019529098894153153,0.6093117408906882,0.15418353576248311
1,0,exception,root500,0.5,512,6,0.21086369770580293,0.4756944444444444,0.45659722222222215,1.0,1.0,0.0030408125793804828,0.003764646923898497,0.06944444444444443,0.008266484987374704,0.6133603238866396,0.1413630229419703
1,0,exception,uniform,0.03225806451612903,0,6,0.0,0.0,0.0,0.0,0.0,0.0,0.0,0.0,0.0,0.0,1.0
1,0,exception,uniform,0.03225806451612903,32,6,0.017543859649122806,0.01736111111111111,0.010416666666666666,0.0,0.22962962962962963,0.007277401329749505,0.00711926274049346,0.0,0.011256963660386211,0.08232118758434548,0.6933198380566802
1,0,exception,uniform,0.03225806451612903,128,6,0.17172739541160595,0.4236111111111111,0.40972222222222227,1.0,1.0,0.007342181245445761,0.008209634545761096,0.09722222222222221,0.021203638173084377,0.671727395411606,0.13495276653171392
1,0,exception,uniform,0.03225806451612903,512,6,0.12213225371120107,0.4270833333333334,0.4131944444444444,1.0,1.0,0.0028760868415842046,0.003579340040727129,0.06944444444444443,0.009636134094365088,0.6798245614035089,0.1349527665317139
1,1,coherent,root125,0.125,0,6,0.0,0.0,0.0,0.0,0.0,0.0,0.0,0.0,0.0,0.0,1.0
1,1,coherent,root125,0.125,32,6,0.11605937921727395,0.1076388888888889,0.08680555555555554,0.0,0.337037037037037,0.006801415740397045,0.0065514940297321566,0.0,0.008524098318522187,0.006410256410256411,0.7992577597840756
1,1,coherent,root125,0.125,128,6,0.8697705802968961,0.8680555555555555,0.857638888888889,1.0,1.0,0.007327469687938635,0.008297412029190565,0.11666666666666665,0.013015348021500603,0.0,0.1214574898785425
1,1,coherent,root125,0.125,512,6,0.8954116059379217,0.8680555555555555,0.8541666666666666,1.0,1.0,0.0034959293146367976,0.004356248083283298,0.075,0.006071745493831575,0.0,0.09581646423751687
1,1,coherent,root250,0.25,0,6,0.0,0.0,0.0,0.0,0.0,0.0,0.0,0.0,0.0,0.0,1.0
1,1,coherent,root250,0.25,32,6,0.09210526315789475,0.08680555555555557,0.07465277777777778,0.0,0.29444444444444445,0.006571304561390993,0.006304128877156875,0.0,0.006883940605451046,0.006410256410256411,0.8255735492577599
1,1,coherent,root250,0.25,128,6,0.8697705802968961,0.8645833333333334,0.8576388888888888,1.0,1.0,0.007788706937730989,0.008833821062859631,0.11666666666666665,0.01466257943943957,0.0,0.1214574898785425
1,1,coherent,root250,0.25,512,6,0.8954116059379217,0.8680555555555555,0.859375,1.0,1.0,0.0035868569660645294,0.0044598052945191355,0.075,0.0058029282895305,0.0,0.09581646423751687
1,1,coherent,root500,0.5,0,6,0.0,0.0,0.0,0.0,0.0,0.0,0.0,0.0,0.0,0.0,1.0
1,1,coherent,root500,0.5,32,6,0.05769230769230769,0.052083333333333336,0.05034722222222222,0.05555555555555555,0.13518518518518519,0.005721964543856435,0.005571403187705495,0.0,0.004987351324096046,0.006410256410256411,0.9014844804318489
1,1,coherent,root500,0.5,128,6,0.8545883940620783,0.8541666666666666,0.8524305555555555,1.0,1.0,0.008208869816673563,0.009256434382245817,0.11666666666666665,0.015201544918368231,0.0,0.13663967611336034
1,1,coherent,root500,0.5,512,6,0.8738191632928475,0.8541666666666666,0.84375,1.0,1.0,0.003594956271420107,0.004480274785637211,0.075,0.005789739220630805,0.0,0.11740890688259109
1,1,coherent,uniform,0.03225806451612903,0,6,0.0,0.0,0.0,0.0,0.0,0.0,0.0,0.0,0.0,0.0,1.0
1,1,coherent,uniform,0.03225806451612903,32,6,0.12246963562753037,0.11111111111111112,0.08680555555555557,0.0,0.3666666666666667,0.006866982362940137,0.006623484826118323,0.0,0.009336233727890433,0.0,0.7928475033738193
1,1,coherent,uniform,0.03225806451612903,128,6,0.8697705802968961,0.8645833333333334,0.8506944444444445,1.0,1.0,0.006725404995032221,0.007688191164782414,0.11666666666666665,0.012736411439050415,0.0,0.1214574898785425
1,1,coherent,uniform,0.03225806451612903,512,6,0.8890013495276653,0.8611111111111112,0.8454861111111112,1.0,1.0,0.0033387544616126415,0.004149168665351536,0.075,0.006343632388883234,0.0,0.10222672064777327
1,1,exception,root125,0.125,0,6,0.0,0.0,0.0,0.0,0.0,0.0,0.0,0.0,0.0,0.0,1.0
1,1,exception,root125,0.125,32,6,0.038461538461538464,0.034722222222222224,0.03472222222222222,0.0,0.11481481481481481,0.0070058401179586526,0.00673569503826365,0.0,0.008521880095592673,0.028002699055330635,0.7962213225371119
1,1,exception,root125,0.125,128,6,0.312753036437247,0.5104166666666667,0.5173611111111112,1.0,0.9962962962962963,0.010121899554348604,0.010960755090149122,0.061111111111111116,0.015484354624451482,0.5522941970310392,0.09109311740890687
1,1,exception,root125,0.125,512,6,0.2655195681511471,0.5000000000000001,0.4826388888888889,1.0,1.0,0.003282995808841177,0.0040895068456692505,0.03333333333333333,0.006363547314804424,0.5124831309041835,0.1653171390013495
1,1,exception,root250,0.25,0,6,0.0,0.0,0.0,0.0,0.0,0.0,0.0,0.0,0.0,0.0,1.0
1,1,exception,root250,0.25,32,6,0.032051282051282055,0.03125,0.032986111111111105,0.0,0.08518518518518518,0.006700874553406563,0.006519061621939028,0.0,0.0066208900531605774,0.006410256410256411,0.8616734143049932
1,1,exception,root250,0.25,128,6,0.34075573549257765,0.545138888888889,0.560763888888889,1.0,0.9962962962962963,0.01064067172363345,0.011569127931904427,0.061111111111111116,0.017445844842591037,0.5266531713900134,0.0975033738191633
1,1,exception,root250,0.25,512,6,0.29993252361673417,0.517361111111111,0.5104166666666666,1.0,1.0,0.00334867520263425,0.004161413243086669,0.03333333333333333,0.005810457579434473,0.4804318488529014,0.16295546558704455
1,1,exception,root500,0.5,0,6,0.0,0.0,0.0,0.0,0.0,0.0,0.0,0.0,0.0,0.0,1.0
1,1,exception,root500,0.5,32,6,0.019230769230769232,0.01736111111111111,0.027777777777777776,0.05555555555555555,0.0462962962962963,0.005869215230065232,0.005735549992980429,0.0,0.005272906890552845,0.006410256410256411,0.9183535762483132
1,1,exception,root500,0.5,128,6,0.3991228070175438,0.5833333333333334,0.6232638888888888,1.0,0.9851851851851853,0.011242033199722319,0.012187985206110715,0.061111111111111116,0.01798785599480099,0.4770580296896086,0.08873144399460188
1,1,exception,root500,0.5,512,6,0.3559379217273954,0.5520833333333334,0.5538194444444444,1.0,1.0,0.003422508001431412,0.004243570739664645,0.03333333333333333,0.006891410193103791,0.44197031039136303,0.1454116059379217
1,1,exception,uniform,0.03225806451612903,0,6,0.0,0.0,0.0,0.0,0.0,0.0,0.0,0.0,0.0,0.0,1.0
1,1,exception,uniform,0.03225806451612903,32,6,0.032051282051282055,0.03125,0.031249999999999997,0.0,0.12407407407407407,0.007104898382896795,0.006921930043339284,0.0,0.009874719604313653,0.028002699055330635,0.8114035087719298
1,1,exception,uniform,0.03225806451612903,128,6,0.28238866396761136,0.4861111111111111,0.4930555555555556,1.0,0.9981481481481481,0.009421481138672673,0.010259142211732856,0.061111111111111116,0.016026365776661434,0.5738866396761133,0.09986504723346828
1,1,exception,uniform,0.03225806451612903,512,6,0.2655195681511471,0.49652777777777773,0.47222222222222227,1.0,1.0,0.0031760735480033104,0.0039452835196075895,0.03333333333333333,0.006633671571962717,0.5340755735492577,0.15013495276653174
