run_id,group,phase,world_seed,initialization,layers,width,parameters,budget_steps,actual_steps,evaluation_nodes,examples,atomic_exposures,composite_exposures,dataset_passes,effective_input_tokens,supervised_tokens,estimated_training_flops,training_seconds,evaluation_seconds,last_capture_seconds,started_utc,finished_utc,wall_seconds,t90_reached,t90_step,t90_confirmed_at_step,t90_examples,t90_atomic_exposures,t90_estimated_training_flops,atomic_accuracy,atomic_n,train_composite_accuracy,train_composite_n,test_composite_accuracy,test_composite_n,ood_composite_accuracy,ood_composite_n,two_calls_accuracy,two_calls_n,id_atomic_accuracy,id_atomic_n,ood_atomic_accuracy,ood_atomic_n
dev-d2-original,development,development,143001,14301,2,128,416512,128000,128000,69,32768000,4775.296875,4775.281945871874,4775.284173710289,126182096,65536000,318196678656000,125.8127673609415,1.1260491695720702,0.6041618440067396,2026-09-30T00:57:37.237020+00:00,2026-09-30T01:00:17.189633+00:00,159.952613,True,42000,46000,10752000,1566.88671875,104408285184000,1.0,1024,1.0,5838,0.9708222811671088,754,0.0,14,1.0,754,1.0,973,1.0,51
dev-d4-reference,development,development,143001,14301,4,128,813056,128000,128000,69,32768000,4775.296875,4775.281945871874,4775.284173710289,126182096,65536000,629044936704000,182.0216330656549,1.648130600224249,0.5995612218976021,2026-09-30T00:57:45.737828+00:00,2026-09-30T01:01:29.109815+00:00,223.371987,True,22000,26000,5632000,820.7451171875,108117098496000,1.0,1024,1.0,5838,0.9893899204244032,754,0.07142857142857142,14,1.0,754,1.0,973,1.0,51
conf-w143011-s14301-d1,primary,confirmation,143011,14301,1,128,218240,128000,128000,69,32768000,4775.2705078125,4775.286570743406,4775.284173710289,126182123,65536000,162772549632000,94.85262378677726,0.8752452713670209,0.5947292729979381,2026-09-30T01:03:20.855920+00:00,2026-09-30T01:05:29.231089+00:00,128.375169,False,,,,,,1.0,1024,1.0,5838,0.28475935828877,748,0.0,21,1.0,748,1.0,973,1.0,51
conf-w143011-s14301-d2,primary,confirmation,143011,14301,2,128,416512,128000,128000,69,32768000,4775.2705078125,4775.286570743406,4775.284173710289,126182123,65536000,318196678656000,122.40494713420048,1.0883242088602856,0.5755625229794532,2026-09-30T01:03:20.872693+00:00,2026-09-30T01:05:59.505958+00:00,158.633265,True,46000,50000,11776000,1716.130859375,114351931392000,1.0,1024,1.0,5838,0.9719251336898396,748,0.0,21,1.0,748,1.0,973,1.0,51
conf-w143011-s14302-d1,primary,confirmation,143011,14302,1,128,218240,128000,128000,69,32768000,4775.27734375,4775.285371702638,4775.284173710289,126182116,65536000,162772549632000,94.22249531908892,0.8592170168412849,0.5782155209453776,2026-09-30T01:05:31.876339+00:00,2026-09-30T01:07:39.564075+00:00,127.687736,False,,,,,,1.0,1024,1.0,5838,0.27807486631016043,748,0.0,21,1.0,748,1.0,973,1.0,51
conf-w143011-s14302-d2,primary,confirmation,143011,14302,2,128,416512,128000,128000,69,32768000,4775.27734375,4775.285371702638,4775.284173710289,126182116,65536000,318196678656000,121.92078099073842,1.120814093737863,0.5787719109794125,2026-09-30T01:06:02.277341+00:00,2026-09-30T01:08:40.869118+00:00,158.591777,True,42000,46000,10752000,1566.8798828125,104408285184000,1.0,1024,1.0,5838,0.9705882352941176,748,0.0,21,1.0,748,1.0,973,1.0,51
conf-w143012-s14301-d1,primary,confirmation,143012,14301,1,128,218240,128000,128000,69,32768000,4775.2978515625,4775.281774580336,4775.284173710289,126182095,65536000,162772549632000,94.67763815901708,0.8640357222175226,0.6187733879778534,2026-09-30T01:07:42.584291+00:00,2026-09-30T01:09:51.150553+00:00,128.566262,False,,,,,,1.0,1024,1.0,5838,0.2736842105263158,760,0.08695652173913043,23,1.0,760,1.0,973,1.0,51
conf-w143012-s14301-d2,primary,confirmation,143012,14301,2,128,416512,128000,128000,69,32768000,4775.2978515625,4775.281774580336,4775.284173710289,126182095,65536000,318196678656000,123.85086557897739,1.1165442216442898,0.5698342879768461,2026-09-30T01:08:43.798408+00:00,2026-09-30T01:11:24.234421+00:00,160.436013,True,48000,52000,12288000,1790.7373046875,119323754496000,1.0,1024,1.0,5838,0.9592105263157895,760,0.043478260869565216,23,1.0,760,1.0,973,1.0,51
conf-w143012-s14302-d1,primary,confirmation,143012,14302,1,128,218240,128000,128000,69,32768000,4775.3056640625,4775.28040424803,4775.284173710289,126182087,65536000,162772549632000,94.77620501816273,0.8809137844946235,0.6000124800484627,2026-09-30T01:09:53.845180+00:00,2026-09-30T01:12:02.271468+00:00,128.426288,False,,,,,,1.0,1024,1.0,5838,0.2723684210526316,760,0.0,23,1.0,760,1.0,973,1.0,51
conf-w143012-s14302-d2,primary,confirmation,143012,14302,2,128,416512,128000,128000,69,32768000,4775.3056640625,4775.28040424803,4775.284173710289,126182087,65536000,318196678656000,122.4507353034569,1.114393797935918,0.5648224969627336,2026-09-30T01:11:26.945650+00:00,2026-09-30T01:14:05.613868+00:00,158.668218,True,60000,64000,15360000,2238.4150390625,149154693120000,1.0,1024,1.0,5838,0.9473684210526315,760,0.043478260869565216,23,1.0,760,1.0,973,1.0,51
conf-w143013-s14301-d1,primary,confirmation,143013,14301,1,128,218240,128000,128000,69,32768000,4775.2744140625,4775.285885577253,4775.284173710289,126182119,65536000,162772549632000,94.34114825353026,0.8807791528524831,0.5884708300000057,2026-09-30T01:12:04.983047+00:00,2026-09-30T01:14:11.504325+00:00,126.521278,False,,,,,,1.0,1024,1.0,5838,0.293888166449935,769,0.0,20,1.0,769,1.0,973,1.0,51
conf-w143013-s14301-d2,primary,confirmation,143013,14301,2,128,416512,128000,128000,69,32768000,4775.2744140625,4775.285885577253,4775.284173710289,126182119,65536000,318196678656000,122.39501287415624,1.1222415658412501,0.5915902479318902,2026-09-30T01:14:08.425406+00:00,2026-09-30T01:16:49.563166+00:00,161.13776,True,40000,44000,10240000,1492.283203125,99436462080000,1.0,1024,1.0,5838,0.9713914174252276,769,0.0,20,1.0,769,1.0,973,1.0,51
conf-w143013-s14302-d1,primary,confirmation,143013,14302,1,128,218240,128000,128000,69,32768000,4775.2685546875,4775.286913326481,4775.284173710289,126182125,65536000,162772549632000,94.79049757914618,0.88344034133479,0.5993412469979376,2026-09-30T01:14:14.611738+00:00,2026-09-30T01:16:22.713402+00:00,128.101664,False,,,,,,1.0,1024,1.0,5838,0.26397919375812745,769,0.0,20,1.0,769,1.0,973,1.0,51
conf-w143013-s14302-d2,primary,confirmation,143013,14302,2,128,416512,128000,128000,69,32768000,4775.2685546875,4775.286913326481,4775.284173710289,126182125,65536000,318196678656000,125.53299741714727,1.1055837349267676,0.5851220870390534,2026-09-30T01:16:25.608381+00:00,2026-09-30T01:19:08.880526+00:00,163.272145,True,46000,50000,11776000,1716.09765625,114351931392000,1.0,1024,1.0,5838,0.9661898569570871,769,0.05,20,1.0,769,1.0,973,1.0,51
conf-w143011-s14301-d1wide,conditional_wide,confirmation,143011,14301,1,180,419220,128000,128000,69,32768000,4775.2705078125,4775.286570743406,4775.284173710289,126182123,65536000,317230940160000,98.41141145967413,1.1195238452637568,0.5897018989780918,2026-09-30T01:19:36.697741+00:00,2026-09-30T01:21:54.321979+00:00,137.624238,False,,,,,,1.0,1024,1.0,5838,0.24197860962566844,748,0.0,21,1.0,748,1.0,973,1.0,51
conf-w143011-s14302-d1wide,conditional_wide,confirmation,143011,14302,1,180,419220,128000,128000,69,32768000,4775.27734375,4775.285371702638,4775.284173710289,126182116,65536000,317230940160000,96.5874305194011,1.1157626684289426,0.629360013990663,2026-09-30T01:19:36.650864+00:00,2026-09-30T01:21:52.628950+00:00,135.978086,False,,,,,,1.0,1024,1.0,5838,0.22593582887700533,748,0.0,21,1.0,748,1.0,973,1.0,51
conf-w143012-s14301-d1wide,conditional_wide,confirmation,143012,14301,1,180,419220,128000,128000,69,32768000,4775.2978515625,4775.281774580336,4775.284173710289,126182095,65536000,317230940160000,96.44097389874514,1.1255869182059541,0.6673455570125952,2026-09-30T01:21:55.515688+00:00,2026-09-30T01:24:09.852443+00:00,134.336755,False,,,,,,1.0,1024,1.0,5838,0.2565789473684211,760,0.08695652173913043,23,1.0,760,1.0,973,1.0,51
conf-w143012-s14302-d1wide,conditional_wide,confirmation,143012,14302,1,180,419220,128000,128000,69,32768000,4775.3056640625,4775.28040424803,4775.284173710289,126182087,65536000,317230940160000,98.38024928001687,1.127664320752956,0.6438911199802533,2026-09-30T01:21:57.011010+00:00,2026-09-30T01:24:11.495372+00:00,134.484362,False,,,,,,1.0,1024,1.0,5838,0.2355263157894737,760,0.08695652173913043,23,1.0,760,1.0,973,1.0,51
conf-w143013-s14301-d1wide,conditional_wide,confirmation,143013,14301,1,180,419220,128000,128000,69,32768000,4775.2744140625,4775.285885577253,4775.284173710289,126182119,65536000,317230940160000,96.21198523510247,1.0629678663099185,0.5994576580123976,2026-09-30T01:24:12.731237+00:00,2026-09-30T01:26:30.198951+00:00,137.467714,False,,,,,,1.0,1024,1.0,5838,0.258777633289987,769,0.0,20,1.0,769,1.0,973,1.0,51
conf-w143013-s14302-d1wide,conditional_wide,confirmation,143013,14302,1,180,419220,128000,128000,69,32768000,4775.2685546875,4775.286913326481,4775.284173710289,126182125,65536000,317230940160000,98.2377429031767,1.111926355632022,0.6561724429484457,2026-09-30T01:24:14.175981+00:00,2026-09-30T01:26:33.175993+00:00,139.000012,False,,,,,,1.0,1024,1.0,5838,0.25227568270481143,769,0.0,20,1.0,769,1.0,973,1.0,51
