phase,kind,step,metric,cases,valid_cases,case_mean,numerator,denominator
low,coherent,0,roots,24,24,0.0,0,72
low,coherent,0,actual,24,24,0.0,0,864
low,coherent,0,paired_D9,24,24,0.0,0,216
low,coherent,0,U_global_damage,24,24,0.0,0,478783
low,coherent,0,U_local_damage,24,24,0.0,0,134
low,coherent,0,U_global_coverage,24,24,0.9744195607222521,478783,491352
low,coherent,0,U_local_coverage,24,24,0.9305555555555556,134,144
low,coherent,32,roots,24,24,0.08333333333333333,6,72
low,coherent,32,actual,24,24,0.48842592592592593,422,864
low,coherent,32,paired_D9,24,24,0.12962962962962962,28,216
low,coherent,32,U_global_damage,24,24,0.010242915857994542,4750,478783
low,coherent,32,U_local_damage,24,24,0.022222222222222223,3,134
low,coherent,32,U_global_coverage,24,24,0.9744195607222521,478783,491352
low,coherent,32,U_local_coverage,24,24,0.9305555555555556,134,144
low,coherent,128,roots,24,24,1.0,72,72
low,coherent,128,actual,24,24,1.0,864,864
low,coherent,128,paired_D9,24,24,0.8703703703703703,188,216
low,coherent,128,U_global_damage,24,24,0.010673341100642057,5063,478783
low,coherent,128,U_local_damage,24,24,0.048611111111111105,6,134
low,coherent,128,U_global_coverage,24,24,0.9744195607222521,478783,491352
low,coherent,128,U_local_coverage,24,24,0.9305555555555556,134,144
low,coherent,512,roots,24,24,1.0,72,72
low,coherent,512,actual,24,24,1.0,864,864
low,coherent,512,paired_D9,24,24,0.8564814814814815,185,216
low,coherent,512,U_global_damage,24,24,0.00658364940746727,3126,478783
low,coherent,512,U_local_damage,24,24,0.029166666666666667,4,134
low,coherent,512,U_global_coverage,24,24,0.9744195607222521,478783,491352
low,coherent,512,U_local_coverage,24,24,0.9305555555555556,134,144
low,exception,0,roots,24,24,0.0,0,72
low,exception,0,actual,24,24,0.0,0,864
low,exception,0,paired_D9,24,24,0.0,0,216
low,exception,0,U_global_damage,24,24,0.0,0,478783
low,exception,0,U_local_damage,24,24,0.0,0,134
low,exception,0,U_global_coverage,24,24,0.9744195607222521,478783,491352
low,exception,0,U_local_coverage,24,24,0.9305555555555556,134,144
low,exception,32,roots,24,24,0.041666666666666664,3,72
low,exception,32,actual,24,24,0.2534722222222222,219,864
low,exception,32,paired_D9,24,24,0.023148148148148147,5,216
low,exception,32,U_global_damage,24,24,0.009821280396129574,4532,478783
low,exception,32,U_local_damage,24,24,0.029166666666666667,4,134
low,exception,32,U_global_coverage,24,24,0.9744195607222521,478783,491352
low,exception,32,U_local_coverage,24,24,0.9305555555555556,134,144
low,exception,128,roots,24,24,1.0,72,72
low,exception,128,actual,24,24,1.0,864,864
low,exception,128,paired_D9,24,24,0.07407407407407407,16,216
low,exception,128,U_global_damage,24,24,0.011204612374355936,5314,478783
low,exception,128,U_local_damage,24,24,0.020833333333333332,3,134
low,exception,128,U_global_coverage,24,24,0.9744195607222521,478783,491352
low,exception,128,U_local_coverage,24,24,0.9305555555555556,134,144
low,exception,512,roots,24,24,1.0,72,72
low,exception,512,actual,24,24,1.0,864,864
low,exception,512,paired_D9,24,24,0.06018518518518518,13,216
low,exception,512,U_global_damage,24,24,0.006201623215422355,2938,478783
low,exception,512,U_local_damage,24,24,0.0,0,134
low,exception,512,U_global_coverage,24,24,0.9744195607222521,478783,491352
low,exception,512,U_local_coverage,24,24,0.9305555555555556,134,144
high,coherent,0,roots,24,24,0.0,0,72
high,coherent,0,actual,24,24,0.0,0,864
high,coherent,0,paired_D9,24,24,0.0,0,216
high,coherent,0,U_global_damage,24,24,0.0,0,479155
high,coherent,0,U_local_damage,24,24,0.0,0,141
high,coherent,0,U_global_coverage,24,24,0.9751766554323581,479155,491352
high,coherent,0,U_local_coverage,24,24,0.9791666666666666,141,144
high,coherent,32,roots,24,24,0.05555555555555555,4,72
high,coherent,32,actual,24,24,0.3414351851851852,295,864
high,coherent,32,paired_D9,24,24,0.1111111111111111,24,216
high,coherent,32,U_global_damage,24,24,0.013121655876889257,6280,479155
high,coherent,32,U_local_damage,24,24,0.013888888888888888,2,141
high,coherent,32,U_global_coverage,24,24,0.9751766554323581,479155,491352
high,coherent,32,U_local_coverage,24,24,0.9791666666666666,141,144
high,coherent,128,roots,24,24,1.0,72,72
high,coherent,128,actual,24,24,1.0,864,864
high,coherent,128,paired_D9,24,24,0.7268518518518519,157,216
high,coherent,128,U_global_damage,24,24,0.013497829675218835,6469,479155
high,coherent,128,U_local_damage,24,24,0.034722222222222224,5,141
high,coherent,128,U_global_coverage,24,24,0.9751766554323581,479155,491352
high,coherent,128,U_local_coverage,24,24,0.9791666666666666,141,144
high,coherent,512,roots,24,24,1.0,72,72
high,coherent,512,actual,24,24,1.0,864,864
high,coherent,512,paired_D9,24,24,0.6759259259259259,146,216
high,coherent,512,U_global_damage,24,24,0.008281923038344073,3967,479155
high,coherent,512,U_local_damage,24,24,0.027777777777777776,4,141
high,coherent,512,U_global_coverage,24,24,0.9751766554323581,479155,491352
high,coherent,512,U_local_coverage,24,24,0.9791666666666666,141,144
high,exception,0,roots,24,24,0.0,0,72
high,exception,0,actual,24,24,0.0,0,864
high,exception,0,paired_D9,24,24,0.0,0,216
high,exception,0,U_global_damage,24,24,0.0,0,479155
high,exception,0,U_local_damage,24,24,0.0,0,141
high,exception,0,U_global_coverage,24,24,0.9751766554323581,479155,491352
high,exception,0,U_local_coverage,24,24,0.9791666666666666,141,144
high,exception,32,roots,24,24,0.013888888888888888,1,72
high,exception,32,actual,24,24,0.20601851851851852,178,864
high,exception,32,paired_D9,24,24,0.023148148148148147,5,216
high,exception,32,U_global_damage,24,24,0.013588218832523783,6505,479155
high,exception,32,U_local_damage,24,24,0.013888888888888888,2,141
high,exception,32,U_global_coverage,24,24,0.9751766554323581,479155,491352
high,exception,32,U_local_coverage,24,24,0.9791666666666666,141,144
high,exception,128,roots,24,24,1.0,72,72
high,exception,128,actual,24,24,1.0,864,864
high,exception,128,paired_D9,24,24,0.18518518518518517,40,216
high,exception,128,U_global_damage,24,24,0.01404751795326218,6732,479155
high,exception,128,U_local_damage,24,24,0.043055555555555555,6,141
high,exception,128,U_global_coverage,24,24,0.9751766554323581,479155,491352
high,exception,128,U_local_coverage,24,24,0.9791666666666666,141,144
high,exception,512,roots,24,24,1.0,72,72
high,exception,512,actual,24,24,1.0,864,864
high,exception,512,paired_D9,24,24,0.17129629629629628,37,216
high,exception,512,U_global_damage,24,24,0.008130519621792924,3893,479155
high,exception,512,U_local_damage,24,24,0.013888888888888888,2,141
high,exception,512,U_global_coverage,24,24,0.9751766554323581,479155,491352
high,exception,512,U_local_coverage,24,24,0.9791666666666666,141,144
