phase,world,seed,kind,step,cases,E_accuracy,E_roots_accuracy,E_actual_accuracy,D_heldout_accuracy,paired_reference_D_heldout_accuracy,U_full_damage,U_full_coverage,U_full_known,U_full_broken,U_heldout_damage
high,0,0,coherent,0,6,0.0,0.0,0.0,0.006944444444444444,0.0,0.0,0.9852488643579349,20171,0,0.0
high,0,0,coherent,32,6,0.2136752136752137,0.05555555555555555,0.22685185185185186,0.06597222222222222,0.05555555555555555,0.011022894189460883,0.9852488643579349,20171,222.33333333333334,0.013253610590029453
high,0,0,coherent,128,6,1.0,1.0,1.0,0.7291666666666666,0.8703703703703703,0.015386376572397125,0.9852488643579349,20171,310.3333333333333,0.023099221532092394
high,0,0,coherent,512,6,1.0,1.0,1.0,0.6215277777777778,0.8518518518518519,0.008610174390265849,0.9852488643579349,20171,173.66666666666666,0.013670758438853785
high,0,0,exception,0,6,0.0,0.0,0.0,0.006944444444444444,0.0,0.0,0.9852488643579349,20171,0,0.0
high,0,0,exception,32,6,0.13675213675213677,0.05555555555555555,0.14351851851851852,0.006944444444444444,0.0,0.012443874972706739,0.9852488643579349,20171,251,0.0144524747265357
high,0,0,exception,128,6,1.0,1.0,1.0,0.3854166666666667,0.24074074074074073,0.01579900655563534,0.9852488643579349,20171,318.6666666666667,0.02320438573299886
high,0,0,exception,512,6,1.0,1.0,1.0,0.24652777777777776,0.18518518518518517,0.007817193991312248,0.9852488643579349,20171,157.66666666666666,0.012357074975524084
high,0,1,coherent,0,6,0.0,0.0,0.0,0.0,0.0,0.0,0.9707175304059005,19873.5,0,0.0
high,0,1,coherent,32,6,0.2777777777777778,0.05555555555555555,0.2962962962962963,0.1423611111111111,0.1111111111111111,0.017103088413852014,0.9707175304059005,19873.5,339.5,0.019328973224953586
high,0,1,coherent,128,6,1.0,1.0,1.0,0.5625,0.6481481481481481,0.015091950943486082,0.9707175304059005,19873.5,299.6666666666667,0.022468288123124906
high,0,1,coherent,512,6,1.0,1.0,1.0,0.5173611111111112,0.6296296296296297,0.009157598102031794,0.9707175304059005,19873.5,181.83333333333334,0.014710474749956967
high,0,1,exception,0,6,0.0,0.0,0.0,0.0,0.0,0.0,0.9707175304059005,19873.5,0,0.0
high,0,1,exception,32,6,0.18803418803418803,0.0,0.2037037037037037,0.0625,0.018518518518518517,0.017433790781297403,0.9707175304059005,19873.5,346,0.01963375146202897
high,0,1,exception,128,6,1.0,1.0,1.0,0.3298611111111111,0.16666666666666666,0.016212201528331773,0.9707175304059005,19873.5,321.8333333333333,0.024869732621834638
high,0,1,exception,512,6,1.0,1.0,1.0,0.2708333333333333,0.18518518518518517,0.009490179114315355,0.9707175304059005,19873.5,188.33333333333334,0.015730710309884065
high,1,0,coherent,0,6,0.0,0.0,0.0,0.003472222222222222,0.0,0.0,0.9695452547257363,19849.5,0,0.0
high,1,0,coherent,32,6,0.4658119658119658,0.05555555555555555,0.5,0.10416666666666666,0.16666666666666666,0.012889531160597429,0.9695452547257363,19849.5,256,0.014754098295064374
high,1,0,coherent,128,6,1.0,1.0,1.0,0.5590277777777778,0.6851851851851851,0.011283953576587478,0.9695452547257363,19849.5,224,0.015399639901527502
high,1,0,coherent,512,6,1.0,1.0,1.0,0.4409722222222222,0.5740740740740741,0.007709279450600902,0.9695452547257363,19849.5,153,0.010661633567632115
high,1,0,exception,0,6,0.0,0.0,0.0,0.003472222222222222,0.0,0.0,0.9695452547257363,19849.5,0,0.0
high,1,0,exception,32,6,0.2692307692307692,0.0,0.29166666666666663,0.03125,0.037037037037037035,0.012796099032974895,0.9695452547257363,19849.5,254.16666666666666,0.014413992398771523
high,1,0,exception,128,6,1.0,1.0,1.0,0.3333333333333333,0.18518518518518517,0.011333876599557237,0.9695452547257363,19849.5,225,0.015805878262833296
high,1,0,exception,512,6,1.0,1.0,1.0,0.2638888888888889,0.18518518518518517,0.007422378349279635,0.9695452547257363,19849.5,147.33333333333334,0.010730291659306144
high,1,1,coherent,0,6,0.0,0.0,0.0,0.0,0.0,0.0,0.9751949722398606,19965.166666666668,0,0.0
high,1,1,coherent,32,6,0.3205128205128205,0.05555555555555555,0.3425925925925926,0.04513888888888889,0.1111111111111111,0.011471109743646703,0.9751949722398606,19965.166666666668,228.83333333333334,0.013018943556686409
high,1,1,coherent,128,6,1.0,1.0,1.0,0.5486111111111112,0.7037037037037037,0.012229037608404656,0.9751949722398606,19965.166666666668,244.16666666666666,0.0181882279767736
high,1,1,coherent,512,6,1.0,1.0,1.0,0.4826388888888889,0.6481481481481481,0.007650640210477742,0.9751949722398606,19965.166666666668,152.66666666666666,0.012128132785576532
high,1,1,exception,0,6,0.0,0.0,0.0,0.0,0.0,0.0,0.9751949722398606,19965.166666666668,0,0.0
high,1,1,exception,32,6,0.17094017094017094,0.0,0.18518518518518517,0.010416666666666666,0.037037037037037035,0.011679110543116098,0.9751949722398606,19965.166666666668,233,0.013202551068457696
high,1,1,exception,128,6,1.0,1.0,1.0,0.2569444444444445,0.14814814814814814,0.012844987129524373,0.9751949722398606,19965.166666666668,256.5,0.019494273856346014
high,1,1,exception,512,6,1.0,1.0,1.0,0.2013888888888889,0.12962962962962962,0.0077923270322644575,0.9751949722398606,19965.166666666668,155.5,0.012746828512345178
low,0,0,coherent,0,6,0.0,0.0,0.0,0.0,0.0,0.0,0.9899461078819258,20267.166666666668,0,0.0
low,0,0,coherent,32,6,0.3888888888888889,0.05555555555555555,0.41666666666666663,0.0798611111111111,0.07407407407407407,0.010745310709566356,0.9899461078819258,20267.166666666668,217.66666666666666,0.008799014493097224
low,0,0,coherent,128,6,1.0,1.0,1.0,0.75,0.8333333333333333,0.010382554552034674,0.9899461078819258,20267.166666666668,210.33333333333334,0.011840388031873296
low,0,0,coherent,512,6,1.0,1.0,1.0,0.701388888888889,0.8518518518518519,0.006220043259953876,0.9899461078819258,20267.166666666668,126,0.006989173909371748
low,0,0,exception,0,6,0.0,0.0,0.0,0.0,0.0,0.0,0.9899461078819258,20267.166666666668,0,0.0
low,0,0,exception,32,6,0.2222222222222222,0.0,0.24074074074074076,0.013888888888888888,0.018518518518518517,0.009997909663541228,0.9899461078819258,20267.166666666668,202.5,0.007870693018994224
low,0,0,exception,128,6,1.0,1.0,1.0,0.34375,0.05555555555555555,0.0109287757523139,0.9899461078819258,20267.166666666668,221.33333333333334,0.012099057258708799
low,0,0,exception,512,6,1.0,1.0,1.0,0.2986111111111111,0.037037037037037035,0.005669283287377717,0.9899461078819258,20267.166666666668,114.83333333333333,0.0061308494805021796
low,0,1,coherent,0,6,0.0,0.0,0.0,0.0,0.0,0.0,0.927099106139794,18980.5,0,0.0
low,0,1,coherent,32,6,0.4358974358974359,0.0,0.4722222222222222,0.12152777777777778,0.07407407407407407,0.015083558429290319,0.927099106139794,18980.5,267.1666666666667,0.010850450729992078
low,0,1,coherent,128,6,1.0,1.0,1.0,0.763888888888889,0.8148148148148148,0.012268858523494582,0.927099106139794,18980.5,227.16666666666666,0.013182238835385293
low,0,1,coherent,512,6,1.0,1.0,1.0,0.71875,0.8148148148148148,0.007460906016445418,0.927099106139794,18980.5,138.5,0.008265200099083743
low,0,1,exception,0,6,0.0,0.0,0.0,0.0,0.0,0.0,0.927099106139794,18980.5,0,0.0
low,0,1,exception,32,6,0.2564102564102564,0.0,0.2777777777777778,0.03819444444444445,0.018518518518518517,0.015407245857575445,0.927099106139794,18980.5,271.6666666666667,0.010612720895133461
low,0,1,exception,128,6,1.0,1.0,1.0,0.4236111111111111,0.09259259259259259,0.012989740276540457,0.927099106139794,18980.5,240.66666666666666,0.013651842580775484
low,0,1,exception,512,6,1.0,1.0,1.0,0.3854166666666667,0.05555555555555555,0.007257119443302188,0.927099106139794,18980.5,134,0.007419926428191377
low,1,0,coherent,0,6,0.0,0.0,0.0,0.0,0.0,0.0,0.9904426968853286,20277.333333333332,0,0.0
low,1,0,coherent,32,6,0.6623931623931624,0.2777777777777778,0.6944444444444444,0.2152777777777778,0.2777777777777778,0.008827707245201565,0.9904426968853286,20277.333333333332,179,0.008234660225374163
low,1,0,coherent,128,6,1.0,1.0,1.0,0.7881944444444444,0.8888888888888888,0.009024164387348734,0.9904426968853286,20277.333333333332,183,0.010234882436543868
low,1,0,coherent,512,6,1.0,1.0,1.0,0.7708333333333334,0.8888888888888888,0.006008084829220071,0.9904426968853286,20277.333333333332,121.83333333333333,0.006323687200198405
low,1,0,exception,0,6,0.0,0.0,0.0,0.0,0.0,0.0,0.9904426968853286,20277.333333333332,0,0.0
low,1,0,exception,32,6,0.3034188034188034,0.16666666666666666,0.3148148148148148,0.06944444444444445,0.05555555555555555,0.007332000190643033,0.9904426968853286,20277.333333333332,148.66666666666666,0.006912961004712391
low,1,0,exception,128,6,1.0,1.0,1.0,0.4409722222222222,0.09259259259259259,0.009221273400143618,0.9904426968853286,20277.333333333332,187,0.010630641524947177
low,1,0,exception,512,6,1.0,1.0,1.0,0.4270833333333333,0.09259259259259259,0.00567103489721061,0.9904426968853286,20277.333333333332,115,0.006139915528768284
low,1,1,coherent,0,6,0.0,0.0,0.0,0.0,0.0,0.0,0.9901903319819599,20272.166666666668,0,0.0
low,1,1,coherent,32,6,0.3418803418803419,0.0,0.37037037037037035,0.08680555555555555,0.09259259259259259,0.006315087047919931,0.9901903319819599,20272.166666666668,127.83333333333333,0.005413070576618512
low,1,1,coherent,128,6,1.0,1.0,1.0,0.8402777777777778,0.9444444444444444,0.011017786939690235,0.9901903319819599,20272.166666666668,223.33333333333334,0.013223808366173172
low,1,1,coherent,512,6,1.0,1.0,1.0,0.7569444444444444,0.8703703703703703,0.006645563524249714,0.9901903319819599,20272.166666666668,134.66666666666666,0.007820364359208371
low,1,1,exception,0,6,0.0,0.0,0.0,0.0,0.0,0.0,0.9901903319819599,20272.166666666668,0,0.0
low,1,1,exception,32,6,0.16666666666666666,0.0,0.18055555555555555,0.006944444444444444,0.0,0.006547965872758588,0.9901903319819599,20272.166666666668,132.5,0.005227736436575108
low,1,1,exception,128,6,1.0,1.0,1.0,0.3229166666666667,0.05555555555555555,0.011678660068425767,0.9901903319819599,20272.166666666668,236.66666666666666,0.013762494625072763
low,1,1,exception,512,6,1.0,1.0,1.0,0.2569444444444444,0.05555555555555555,0.006209055233798906,0.9901903319819599,20272.166666666668,125.83333333333333,0.00721701048795137
