arm,branch,pool,view,hop,mode,n,correct,old_correct,accuracy
separate,training,E,0,0,direct,32,32,32,1.0
separate,training,E,0,1,direct,32,32,32,1.0
separate,training,E,0,2,direct,32,0,0,0.0
separate,training,U,0,0,direct,32,32,32,1.0
separate,training,U,0,1,direct,32,32,32,1.0
separate,training,U,0,2,direct,32,4,4,0.125
separate,training,background,0,0,direct,16,16,16,1.0
separate,training,background,0,1,direct,16,16,16,1.0
separate,training,background,0,2,direct,16,16,16,1.0
separate,training,E,1,0,direct,32,32,32,1.0
separate,training,E,1,1,direct,32,32,32,1.0
separate,training,E,1,2,direct,32,2,2,0.0625
separate,training,U,1,0,direct,32,32,32,1.0
separate,training,U,1,1,direct,32,32,32,1.0
separate,training,U,1,2,direct,32,5,5,0.15625
separate,training,E,0,2,autonomous,32,32,32,1.0
separate,training,U,0,2,autonomous,32,32,32,1.0
separate,training,E,1,2,autonomous,32,32,32,1.0
separate,training,U,1,2,autonomous,32,32,32,1.0
separate,update,E,0,0,direct,32,32,32,1.0
separate,update,E,0,1,direct,32,32,0,1.0
separate,update,E,0,2,direct,32,2,1,0.0625
separate,update,U,0,0,direct,32,20,20,0.625
separate,update,U,0,1,direct,32,9,9,0.28125
separate,update,U,0,2,direct,32,3,3,0.09375
separate,update,background,0,0,direct,16,16,16,1.0
separate,update,background,0,1,direct,16,16,16,1.0
separate,update,background,0,2,direct,16,16,16,1.0
separate,update,E,1,0,direct,32,32,32,1.0
separate,update,E,1,1,direct,32,32,0,1.0
separate,update,E,1,2,direct,32,2,2,0.0625
separate,update,U,1,0,direct,32,21,21,0.65625
separate,update,U,1,1,direct,32,9,9,0.28125
separate,update,U,1,2,direct,32,3,3,0.09375
separate,update,E,0,2,autonomous,32,32,0,1.0
separate,update,U,0,2,autonomous,32,7,7,0.21875
separate,update,E,1,2,autonomous,32,32,0,1.0
separate,update,U,1,2,autonomous,32,6,6,0.1875
separate,replay,E,0,0,direct,32,32,32,1.0
separate,replay,E,0,1,direct,32,0,32,0.0
separate,replay,E,0,2,direct,32,3,1,0.09375
separate,replay,U,0,0,direct,32,21,21,0.65625
separate,replay,U,0,1,direct,32,27,27,0.84375
separate,replay,U,0,2,direct,32,4,4,0.125
separate,replay,background,0,0,direct,16,16,16,1.0
separate,replay,background,0,1,direct,16,16,16,1.0
separate,replay,background,0,2,direct,16,16,16,1.0
separate,replay,E,1,0,direct,32,32,32,1.0
separate,replay,E,1,1,direct,32,0,32,0.0
separate,replay,E,1,2,direct,32,3,0,0.09375
separate,replay,U,1,0,direct,32,21,21,0.65625
separate,replay,U,1,1,direct,32,27,27,0.84375
separate,replay,U,1,2,direct,32,5,5,0.15625
separate,replay,E,0,2,autonomous,32,0,32,0.0
separate,replay,U,0,2,autonomous,32,19,19,0.59375
separate,replay,E,1,2,autonomous,32,0,32,0.0
separate,replay,U,1,2,autonomous,32,19,19,0.59375
shuffled,training,E,0,0,direct,32,32,32,1.0
shuffled,training,E,0,1,direct,32,32,32,1.0
shuffled,training,E,0,2,direct,32,2,2,0.0625
shuffled,training,U,0,0,direct,32,32,32,1.0
shuffled,training,U,0,1,direct,32,32,32,1.0
shuffled,training,U,0,2,direct,32,1,1,0.03125
shuffled,training,background,0,0,direct,16,16,16,1.0
shuffled,training,background,0,1,direct,16,16,16,1.0
shuffled,training,background,0,2,direct,16,16,16,1.0
shuffled,training,E,1,0,direct,32,32,32,1.0
shuffled,training,E,1,1,direct,32,32,32,1.0
shuffled,training,E,1,2,direct,32,1,1,0.03125
shuffled,training,U,1,0,direct,32,32,32,1.0
shuffled,training,U,1,1,direct,32,32,32,1.0
shuffled,training,U,1,2,direct,32,2,2,0.0625
shuffled,training,E,0,2,autonomous,32,32,32,1.0
shuffled,training,U,0,2,autonomous,32,32,32,1.0
shuffled,training,E,1,2,autonomous,32,32,32,1.0
shuffled,training,U,1,2,autonomous,32,32,32,1.0
shuffled,update,E,0,0,direct,32,32,32,1.0
shuffled,update,E,0,1,direct,32,32,0,1.0
shuffled,update,E,0,2,direct,32,3,1,0.09375
shuffled,update,U,0,0,direct,32,26,26,0.8125
shuffled,update,U,0,1,direct,32,7,7,0.21875
shuffled,update,U,0,2,direct,32,0,0,0.0
shuffled,update,background,0,0,direct,16,16,16,1.0
shuffled,update,background,0,1,direct,16,16,16,1.0
shuffled,update,background,0,2,direct,16,16,16,1.0
shuffled,update,E,1,0,direct,32,32,32,1.0
shuffled,update,E,1,1,direct,32,32,0,1.0
shuffled,update,E,1,2,direct,32,2,1,0.0625
shuffled,update,U,1,0,direct,32,26,26,0.8125
shuffled,update,U,1,1,direct,32,9,9,0.28125
shuffled,update,U,1,2,direct,32,1,1,0.03125
shuffled,update,E,0,2,autonomous,32,32,0,1.0
shuffled,update,U,0,2,autonomous,32,7,7,0.21875
shuffled,update,E,1,2,autonomous,32,32,0,1.0
shuffled,update,U,1,2,autonomous,32,9,9,0.28125
shuffled,replay,E,0,0,direct,32,32,32,1.0
shuffled,replay,E,0,1,direct,32,0,32,0.0
shuffled,replay,E,0,2,direct,32,4,0,0.125
shuffled,replay,U,0,0,direct,32,18,18,0.5625
shuffled,replay,U,0,1,direct,32,23,23,0.71875
shuffled,replay,U,0,2,direct,32,0,0,0.0
shuffled,replay,background,0,0,direct,16,16,16,1.0
shuffled,replay,background,0,1,direct,16,16,16,1.0
shuffled,replay,background,0,2,direct,16,16,16,1.0
shuffled,replay,E,1,0,direct,32,32,32,1.0
shuffled,replay,E,1,1,direct,32,0,32,0.0
shuffled,replay,E,1,2,direct,32,4,1,0.125
shuffled,replay,U,1,0,direct,32,18,18,0.5625
shuffled,replay,U,1,1,direct,32,22,22,0.6875
shuffled,replay,U,1,2,direct,32,2,2,0.0625
shuffled,replay,E,0,2,autonomous,32,0,32,0.0
shuffled,replay,U,0,2,autonomous,32,13,13,0.40625
shuffled,replay,E,1,2,autonomous,32,0,32,0.0
shuffled,replay,U,1,2,autonomous,32,13,13,0.40625
linked,training,E,0,0,direct,32,32,32,1.0
linked,training,E,0,1,direct,32,32,32,1.0
linked,training,E,0,2,direct,32,3,3,0.09375
linked,training,U,0,0,direct,32,32,32,1.0
linked,training,U,0,1,direct,32,32,32,1.0
linked,training,U,0,2,direct,32,7,7,0.21875
linked,training,background,0,0,direct,16,16,16,1.0
linked,training,background,0,1,direct,16,16,16,1.0
linked,training,background,0,2,direct,16,16,16,1.0
linked,training,E,1,0,direct,32,32,32,1.0
linked,training,E,1,1,direct,32,32,32,1.0
linked,training,E,1,2,direct,32,2,2,0.0625
linked,training,U,1,0,direct,32,32,32,1.0
linked,training,U,1,1,direct,32,32,32,1.0
linked,training,U,1,2,direct,32,8,8,0.25
linked,training,E,0,2,autonomous,32,32,32,1.0
linked,training,U,0,2,autonomous,32,32,32,1.0
linked,training,E,1,2,autonomous,32,32,32,1.0
linked,training,U,1,2,autonomous,32,32,32,1.0
linked,update,E,0,0,direct,32,32,32,1.0
linked,update,E,0,1,direct,32,32,0,1.0
linked,update,E,0,2,direct,32,6,4,0.1875
linked,update,U,0,0,direct,32,20,20,0.625
linked,update,U,0,1,direct,32,16,16,0.5
linked,update,U,0,2,direct,32,1,1,0.03125
linked,update,background,0,0,direct,16,16,16,1.0
linked,update,background,0,1,direct,16,16,16,1.0
linked,update,background,0,2,direct,16,16,16,1.0
linked,update,E,1,0,direct,32,32,32,1.0
linked,update,E,1,1,direct,32,32,0,1.0
linked,update,E,1,2,direct,32,4,2,0.125
linked,update,U,1,0,direct,32,21,21,0.65625
linked,update,U,1,1,direct,32,16,16,0.5
linked,update,U,1,2,direct,32,4,4,0.125
linked,update,E,0,2,autonomous,32,32,0,1.0
linked,update,U,0,2,autonomous,32,9,9,0.28125
linked,update,E,1,2,autonomous,32,32,0,1.0
linked,update,U,1,2,autonomous,32,7,7,0.21875
linked,replay,E,0,0,direct,32,32,32,1.0
linked,replay,E,0,1,direct,32,0,32,0.0
linked,replay,E,0,2,direct,32,4,2,0.125
linked,replay,U,0,0,direct,32,21,21,0.65625
linked,replay,U,0,1,direct,32,28,28,0.875
linked,replay,U,0,2,direct,32,5,5,0.15625
linked,replay,background,0,0,direct,16,16,16,1.0
linked,replay,background,0,1,direct,16,16,16,1.0
linked,replay,background,0,2,direct,16,16,16,1.0
linked,replay,E,1,0,direct,32,32,32,1.0
linked,replay,E,1,1,direct,32,0,32,0.0
linked,replay,E,1,2,direct,32,4,2,0.125
linked,replay,U,1,0,direct,32,20,20,0.625
linked,replay,U,1,1,direct,32,29,29,0.90625
linked,replay,U,1,2,direct,32,9,9,0.28125
linked,replay,E,0,2,autonomous,32,0,32,0.0
linked,replay,U,0,2,autonomous,32,20,20,0.625
linked,replay,E,1,2,autonomous,32,0,32,0.0
linked,replay,U,1,2,autonomous,32,19,19,0.59375
