run_id,hops,layers,phi,step,atomic_mean_exposure,estimated_training_flops,atomic,train_composite,test_probe,autonomous_calls_probe
conf-w144011-k3-d3-phi24,3,3,24.0,0,0.0,0,0.0,0.0,0.0,0.0
conf-w144011-k3-d3-phi24,3,3,24.0,100,1.0673828125,461674905600,0.0,4.2822884549503255e-05,0.0,0.0
conf-w144011-k3-d3-phi24,3,3,24.0,250,2.611328125,1154187264000,0.0,0.002012675573826653,0.00390625,0.0
conf-w144011-k3-d3-phi24,3,3,24.0,500,5.2568359375,2308374528000,0.0,0.048775265501884206,0.0380859375,0.0
conf-w144011-k3-d3-phi24,3,3,24.0,1000,10.51171875,4616749056000,0.041015625,0.05725419664268585,0.052734375,0.044921875
conf-w144011-k3-d3-phi24,3,3,24.0,2000,21.009765625,9233498112000,0.0751953125,0.09202637889688249,0.0654296875,0.037109375
conf-w144011-k3-d3-phi24,3,3,24.0,4000,42.005859375,18466996224000,0.3173828125,0.16662384378211717,0.07421875,0.103515625
conf-w144011-k3-d3-phi24,3,3,24.0,6000,63.009765625,27700494336000,0.615234375,0.29492120589242893,0.0966796875,0.310546875
conf-w144011-k3-d3-phi24,3,3,24.0,8000,84.01953125,36933992448000,0.80078125,0.4782459746488523,0.125,0.59375
conf-w144011-k3-d3-phi24,3,3,24.0,10000,105.0185546875,46167490560000,0.9111328125,0.6724049331963001,0.1689453125,0.8466796875
conf-w144011-k3-d3-phi24,3,3,24.0,12000,126.0244140625,55400988672000,0.96484375,0.8228845495032545,0.189453125,0.951171875
conf-w144011-k3-d3-phi24,3,3,24.0,14000,147.0341796875,64634486784000,0.984375,0.9152535114765331,0.2255859375,0.982421875
conf-w144011-k3-d3-phi24,3,3,24.0,16000,168.037109375,73867984896000,0.9951171875,0.9665981500513875,0.2646484375,0.9951171875
conf-w144011-k3-d3-phi24,3,3,24.0,18000,189.033203125,83101483008000,0.998046875,0.9871103117505995,0.3115234375,0.9951171875
conf-w144011-k3-d3-phi24,3,3,24.0,20000,210.0546875,92334981120000,0.9990234375,0.9959746488523467,0.3388671875,0.9990234375
conf-w144011-k3-d3-phi24,3,3,24.0,22000,231.0322265625,101568479232000,1.0,0.9973878040424803,0.38671875,1.0
conf-w144011-k3-d3-phi24,3,3,24.0,24000,252.0478515625,110801977344000,1.0,0.9992291880781089,0.4091796875,1.0
conf-w144011-k3-d3-phi24,3,3,24.0,26000,273.05078125,120035475456000,1.0,0.999571771154505,0.4248046875,1.0
conf-w144011-k3-d3-phi24,3,3,24.0,28000,294.05078125,129268973568000,1.0,0.999914354230901,0.4716796875,1.0
conf-w144011-k3-d3-phi24,3,3,24.0,30000,315.07421875,138502471680000,1.0,0.9997002398081535,0.4677734375,1.0
conf-w144011-k3-d3-phi24,3,3,24.0,32000,336.0703125,147735969792000,1.0,0.9999571771154505,0.515625,1.0
conf-w144011-k3-d3-phi24,3,3,24.0,34000,357.07421875,156969467904000,1.0,0.999914354230901,0.5224609375,1.0
conf-w144011-k3-d3-phi24,3,3,24.0,36000,378.0732421875,166202966016000,1.0,0.9998287084618019,0.5478515625,1.0
conf-w144011-k3-d3-phi24,3,3,24.0,38000,399.103515625,175436464128000,1.0,1.0,0.5537109375,1.0
conf-w144011-k3-d3-phi24,3,3,24.0,40000,420.0869140625,184669962240000,1.0,1.0,0.5830078125,1.0
conf-w144011-k3-d3-phi24,3,3,24.0,42000,441.099609375,193903460352000,1.0,1.0,0.6142578125,1.0
conf-w144011-k3-d3-phi24,3,3,24.0,44000,462.1005859375,203136958464000,1.0,1.0,0.6162109375,1.0
conf-w144011-k3-d3-phi24,3,3,24.0,46000,483.1005859375,212370456576000,1.0,1.0,0.6328125,1.0
conf-w144011-k3-d3-phi24,3,3,24.0,48000,504.0986328125,221603954688000,1.0,1.0,0.64453125,1.0
conf-w144011-k3-d3-phi24,3,3,24.0,50000,525.1181640625,230837452800000,1.0,0.9999571771154505,0.6396484375,1.0
conf-w144011-k3-d3-phi24,3,3,24.0,52000,546.1240234375,240070950912000,1.0,1.0,0.669921875,1.0
conf-w144011-k3-d3-phi24,3,3,24.0,54000,567.0986328125,249304449024000,1.0,1.0,0.6748046875,1.0
conf-w144011-k3-d3-phi24,3,3,24.0,56000,588.1240234375,258537947136000,1.0,1.0,0.68359375,1.0
conf-w144011-k3-d3-phi24,3,3,24.0,58000,609.142578125,267771445248000,1.0,1.0,0.6943359375,1.0
conf-w144011-k3-d3-phi24,3,3,24.0,60000,630.1220703125,277004943360000,1.0,1.0,0.716796875,1.0
conf-w144011-k3-d3-phi24,3,3,24.0,62000,651.1201171875,286238441472000,1.0,1.0,0.7099609375,1.0
conf-w144011-k3-d3-phi24,3,3,24.0,64000,672.146484375,295471939584000,1.0,1.0,0.7197265625,1.0
conf-w144011-k3-d3-phi24,3,3,24.0,66000,693.1455078125,304705437696000,1.0,1.0,0.7236328125,1.0
conf-w144011-k3-d3-phi24,3,3,24.0,68000,714.13671875,313938935808000,1.0,1.0,0.7373046875,1.0
conf-w144011-k3-d3-phi24,3,3,24.0,70000,735.138671875,323172433920000,1.0,1.0,0.7451171875,1.0
conf-w144011-k3-d3-phi24,3,3,24.0,72000,756.166015625,332405932032000,1.0,1.0,0.76953125,1.0
conf-w144011-k3-d3-phi24,3,3,24.0,74000,777.1494140625,341639430144000,1.0,1.0,0.78515625,1.0
conf-w144011-k3-d3-phi24,3,3,24.0,76000,798.166015625,350872928256000,1.0,1.0,0.7734375,1.0
conf-w144011-k3-d3-phi24,3,3,24.0,78000,819.158203125,360106426368000,1.0,1.0,0.7861328125,1.0
conf-w144011-k3-d3-phi24,3,3,24.0,80000,840.1865234375,369339924480000,1.0,1.0,0.7890625,1.0
conf-w144011-k3-d3-phi24,3,3,24.0,82000,861.18359375,378573422592000,1.0,1.0,0.7998046875,1.0
conf-w144011-k3-d3-phi24,3,3,24.0,84000,882.1875,387806920704000,1.0,1.0,0.81640625,1.0
conf-w144011-k3-d3-phi24,3,3,24.0,86000,903.1689453125,397040418816000,1.0,1.0,0.806640625,1.0
conf-w144011-k3-d3-phi24,3,3,24.0,88000,924.205078125,406273916928000,1.0,1.0,0.818359375,1.0
conf-w144011-k3-d3-phi24,3,3,24.0,90000,945.193359375,415507415040000,1.0,1.0,0.8232421875,1.0
conf-w144011-k3-d3-phi24,3,3,24.0,92000,966.185546875,424740913152000,1.0,1.0,0.8193359375,1.0
conf-w144011-k3-d3-phi24,3,3,24.0,94000,987.1884765625,433974411264000,1.0,1.0,0.8388671875,1.0
conf-w144011-k3-d3-phi24,3,3,24.0,96000,1008.205078125,443207909376000,1.0,1.0,0.837890625,1.0
conf-w144011-k3-d3-phi24,3,3,24.0,98000,1029.232421875,452441407488000,1.0,1.0,0.83984375,1.0
conf-w144011-k3-d3-phi24,3,3,24.0,100000,1050.201171875,461674905600000,1.0,1.0,0.84375,1.0
conf-w144011-k3-d3-phi24,3,3,24.0,102000,1071.224609375,470908403712000,1.0,1.0,0.8427734375,1.0
conf-w144011-k3-d3-phi24,3,3,24.0,104000,1092.2236328125,480141901824000,1.0,1.0,0.8466796875,1.0
conf-w144011-k3-d3-phi24,3,3,24.0,106000,1113.212890625,489375399936000,1.0,1.0,0.849609375,1.0
conf-w144011-k3-d3-phi24,3,3,24.0,108000,1134.2333984375,498608898048000,1.0,1.0,0.8603515625,1.0
conf-w144011-k3-d3-phi24,3,3,24.0,110000,1155.2421875,507842396160000,1.0,1.0,0.8544921875,1.0
conf-w144011-k3-d3-phi24,3,3,24.0,112000,1176.2490234375,517075894272000,1.0,1.0,0.8623046875,1.0
conf-w144011-k3-d3-phi24,3,3,24.0,114000,1197.2197265625,526309392384000,1.0,1.0,0.8740234375,1.0
conf-w144011-k3-d3-phi24,3,3,24.0,116000,1218.2265625,535542890496000,1.0,1.0,0.8740234375,1.0
conf-w144011-k3-d3-phi24,3,3,24.0,118000,1239.255859375,544776388608000,1.0,1.0,0.892578125,1.0
conf-w144011-k3-d3-phi24,3,3,24.0,120000,1260.2666015625,554009886720000,1.0,1.0,0.8818359375,1.0
conf-w144011-k3-d3-phi24,3,3,24.0,122000,1281.2578125,563243384832000,1.0,1.0,0.8740234375,1.0
conf-w144011-k3-d3-phi24,3,3,24.0,124000,1302.275390625,572476882944000,1.0,1.0,0.9072265625,1.0
conf-w144011-k3-d3-phi24,3,3,24.0,126000,1323.2607421875,581710381056000,1.0,1.0,0.8955078125,1.0
conf-w144011-k3-d3-phi24,3,3,24.0,128000,1344.28125,590943879168000,1.0,1.0,0.8916015625,1.0
conf-w144011-k3-d4-phi24,3,4,24.0,0,0.0,0,0.0,0.0,0.0,0.0
conf-w144011-k3-d4-phi24,3,4,24.0,100,1.0673828125,613652889600,0.0,0.0,0.0,0.0
conf-w144011-k3-d4-phi24,3,4,24.0,250,2.611328125,1534132224000,0.0,0.014816718054128127,0.0078125,0.0
conf-w144011-k3-d4-phi24,3,4,24.0,500,5.2568359375,3068264448000,0.0263671875,0.05023124357656732,0.0390625,0.033203125
conf-w144011-k3-d4-phi24,3,4,24.0,1000,10.51171875,6136528896000,0.04296875,0.05691161356628983,0.0537109375,0.04296875
conf-w144011-k3-d4-phi24,3,4,24.0,2000,21.009765625,12273057792000,0.0810546875,0.09502398081534773,0.0693359375,0.05078125
conf-w144011-k3-d4-phi24,3,4,24.0,4000,42.005859375,24546115584000,0.3720703125,0.19304556354916066,0.0908203125,0.13671875
conf-w144011-k3-d4-phi24,3,4,24.0,6000,63.009765625,36819173376000,0.6767578125,0.3564576909900651,0.1240234375,0.412109375
conf-w144011-k3-d4-phi24,3,4,24.0,8000,84.01953125,49092231168000,0.892578125,0.5805070229530661,0.146484375,0.81640625
conf-w144011-k3-d4-phi24,3,4,24.0,10000,105.0185546875,61365288960000,0.9482421875,0.7816032887975334,0.193359375,0.9296875
conf-w144011-k3-d4-phi24,3,4,24.0,12000,126.0244140625,73638346752000,0.9853515625,0.9199212058924289,0.2490234375,0.9775390625
conf-w144011-k3-d4-phi24,3,4,24.0,14000,147.0341796875,85911404544000,0.99609375,0.9758478931140802,0.314453125,0.9951171875
conf-w144011-k3-d4-phi24,3,4,24.0,16000,168.037109375,98184462336000,0.9990234375,0.9933624528948269,0.3740234375,0.9970703125
conf-w144011-k3-d4-phi24,3,4,24.0,18000,189.033203125,110457520128000,1.0,0.9977732100034258,0.435546875,1.0
conf-w144011-k3-d4-phi24,3,4,24.0,20000,210.0546875,122730577920000,1.0,0.9994433025008564,0.46875,1.0
conf-w144011-k3-d4-phi24,3,4,24.0,22000,231.0322265625,135003635712000,1.0,0.999657416923604,0.5,1.0
conf-w144011-k3-d4-phi24,3,4,24.0,24000,252.0478515625,147276693504000,1.0,0.999743062692703,0.552734375,1.0
conf-w144011-k3-d4-phi24,3,4,24.0,26000,273.05078125,159549751296000,1.0,0.999914354230901,0.580078125,1.0
conf-w144011-k3-d4-phi24,3,4,24.0,28000,294.05078125,171822809088000,1.0,1.0,0.6025390625,1.0
conf-w144011-k3-d4-phi24,3,4,24.0,30000,315.07421875,184095866880000,1.0,1.0,0.62890625,1.0
conf-w144011-k3-d4-phi24,3,4,24.0,32000,336.0703125,196368924672000,1.0,1.0,0.654296875,1.0
conf-w144011-k3-d4-phi24,3,4,24.0,34000,357.07421875,208641982464000,1.0,0.9999571771154505,0.658203125,1.0
conf-w144011-k3-d4-phi24,3,4,24.0,36000,378.0732421875,220915040256000,1.0,1.0,0.6904296875,1.0
conf-w144011-k3-d4-phi24,3,4,24.0,38000,399.103515625,233188098048000,1.0,1.0,0.7109375,1.0
conf-w144011-k3-d4-phi24,3,4,24.0,40000,420.0869140625,245461155840000,1.0,0.9999571771154505,0.7265625,1.0
conf-w144011-k3-d4-phi24,3,4,24.0,42000,441.099609375,257734213632000,1.0,1.0,0.751953125,1.0
conf-w144011-k3-d4-phi24,3,4,24.0,44000,462.1005859375,270007271424000,1.0,1.0,0.736328125,1.0
conf-w144011-k3-d4-phi24,3,4,24.0,46000,483.1005859375,282280329216000,1.0,1.0,0.7666015625,1.0
conf-w144011-k3-d4-phi24,3,4,24.0,48000,504.0986328125,294553387008000,1.0,1.0,0.7783203125,1.0
conf-w144011-k3-d4-phi24,3,4,24.0,50000,525.1181640625,306826444800000,1.0,1.0,0.802734375,1.0
conf-w144011-k3-d4-phi24,3,4,24.0,52000,546.1240234375,319099502592000,1.0,1.0,0.798828125,1.0
conf-w144011-k3-d4-phi24,3,4,24.0,54000,567.0986328125,331372560384000,1.0,1.0,0.8291015625,1.0
conf-w144011-k3-d4-phi24,3,4,24.0,56000,588.1240234375,343645618176000,1.0,1.0,0.828125,1.0
conf-w144011-k3-d4-phi24,3,4,24.0,58000,609.142578125,355918675968000,1.0,1.0,0.8388671875,1.0
conf-w144011-k3-d4-phi24,3,4,24.0,60000,630.1220703125,368191733760000,1.0,1.0,0.833984375,1.0
conf-w144011-k3-d4-phi24,3,4,24.0,62000,651.1201171875,380464791552000,1.0,1.0,0.8544921875,1.0
conf-w144011-k3-d4-phi24,3,4,24.0,64000,672.146484375,392737849344000,1.0,1.0,0.861328125,1.0
conf-w144011-k3-d4-phi24,3,4,24.0,66000,693.1455078125,405010907136000,1.0,1.0,0.869140625,1.0
conf-w144011-k3-d4-phi24,3,4,24.0,68000,714.13671875,417283964928000,1.0,1.0,0.873046875,1.0
conf-w144011-k3-d4-phi24,3,4,24.0,70000,735.138671875,429557022720000,1.0,1.0,0.8798828125,1.0
conf-w144011-k3-d4-phi24,3,4,24.0,72000,756.166015625,441830080512000,1.0,1.0,0.880859375,1.0
conf-w144011-k3-d4-phi24,3,4,24.0,74000,777.1494140625,454103138304000,1.0,0.9999571771154505,0.8935546875,1.0
conf-w144011-k3-d4-phi24,3,4,24.0,76000,798.166015625,466376196096000,1.0,1.0,0.904296875,1.0
conf-w144011-k3-d4-phi24,3,4,24.0,78000,819.158203125,478649253888000,1.0,1.0,0.90625,1.0
conf-w144011-k3-d4-phi24,3,4,24.0,80000,840.1865234375,490922311680000,1.0,1.0,0.9072265625,1.0
conf-w144011-k3-d4-phi24,3,4,24.0,82000,861.18359375,503195369472000,1.0,1.0,0.919921875,1.0
conf-w144011-k3-d4-phi24,3,4,24.0,84000,882.1875,515468427264000,1.0,1.0,0.9169921875,1.0
conf-w144011-k3-d4-phi24,3,4,24.0,86000,903.1689453125,527741485056000,1.0,1.0,0.9150390625,1.0
conf-w144011-k3-d4-phi24,3,4,24.0,88000,924.205078125,540014542848000,1.0,1.0,0.91796875,1.0
conf-w144011-k3-d4-phi24,3,4,24.0,90000,945.193359375,552287600640000,1.0,0.9999571771154505,0.93359375,1.0
conf-w144011-k3-d4-phi24,3,4,24.0,92000,966.185546875,564560658432000,1.0,1.0,0.9365234375,1.0
conf-w144011-k3-d4-phi24,3,4,24.0,94000,987.1884765625,576833716224000,1.0,1.0,0.9365234375,1.0
conf-w144011-k3-d4-phi24,3,4,24.0,96000,1008.205078125,589106774016000,1.0,1.0,0.9375,1.0
conf-w144011-k3-d4-phi24,3,4,24.0,98000,1029.232421875,601379831808000,1.0,1.0,0.9501953125,1.0
conf-w144011-k3-d4-phi24,3,4,24.0,100000,1050.201171875,613652889600000,1.0,1.0,0.939453125,1.0
conf-w144011-k3-d4-phi24,3,4,24.0,102000,1071.224609375,625925947392000,1.0,1.0,0.94140625,1.0
conf-w144011-k3-d4-phi24,3,4,24.0,104000,1092.2236328125,638199005184000,1.0,1.0,0.9541015625,1.0
conf-w144011-k3-d4-phi24,3,4,24.0,106000,1113.212890625,650472062976000,1.0,1.0,0.9501953125,1.0
conf-w144011-k3-d4-phi24,3,4,24.0,108000,1134.2333984375,662745120768000,1.0,1.0,0.955078125,1.0
conf-w144011-k3-d4-phi24,3,4,24.0,110000,1155.2421875,675018178560000,1.0,1.0,0.955078125,1.0
conf-w144011-k3-d4-phi24,3,4,24.0,112000,1176.2490234375,687291236352000,1.0,1.0,0.95703125,1.0
conf-w144011-k3-d4-phi24,3,4,24.0,114000,1197.2197265625,699564294144000,1.0,1.0,0.9609375,1.0
conf-w144011-k3-d4-phi24,3,4,24.0,116000,1218.2265625,711837351936000,1.0,1.0,0.95703125,1.0
conf-w144011-k3-d4-phi24,3,4,24.0,118000,1239.255859375,724110409728000,1.0,1.0,0.96484375,1.0
conf-w144011-k3-d4-phi24,3,4,24.0,120000,1260.2666015625,736383467520000,1.0,1.0,0.96484375,1.0
conf-w144011-k3-d4-phi24,3,4,24.0,122000,1281.2578125,748656525312000,1.0,1.0,0.9619140625,1.0
conf-w144011-k3-d4-phi24,3,4,24.0,124000,1302.275390625,760929583104000,1.0,1.0,0.970703125,1.0
conf-w144011-k3-d4-phi24,3,4,24.0,126000,1323.2607421875,773202640896000,1.0,1.0,0.974609375,1.0
conf-w144011-k3-d4-phi24,3,4,24.0,128000,1344.28125,785475698688000,1.0,1.0,0.970703125,1.0
conf-w144012-k3-d3-phi24,3,3,24.0,0,0.0,0,0.0,0.0,0.0,0.0
conf-w144012-k3-d3-phi24,3,3,24.0,100,1.0673828125,461674905600,0.0,4.2822884549503255e-05,0.0009765625,0.0
conf-w144012-k3-d3-phi24,3,3,24.0,250,2.611328125,1154187264000,0.0,0.006166495375128468,0.0068359375,0.0
conf-w144012-k3-d3-phi24,3,3,24.0,500,5.2568359375,2308374528000,0.0,0.0539140116478246,0.0556640625,0.0
conf-w144012-k3-d3-phi24,3,3,24.0,1000,10.51171875,4616749056000,0.0498046875,0.06102261048304214,0.05859375,0.0498046875
conf-w144012-k3-d3-phi24,3,3,24.0,2000,21.009765625,9233498112000,0.0859375,0.0960517300445358,0.080078125,0.06640625
conf-w144012-k3-d3-phi24,3,3,24.0,4000,42.005859375,18466996224000,0.328125,0.17463172319287426,0.103515625,0.119140625
conf-w144012-k3-d3-phi24,3,3,24.0,6000,63.009765625,27700494336000,0.62109375,0.3039568345323741,0.109375,0.3505859375
conf-w144012-k3-d3-phi24,3,3,24.0,8000,84.01953125,36933992448000,0.783203125,0.49361939020212403,0.14453125,0.6162109375
conf-w144012-k3-d3-phi24,3,3,24.0,10000,105.0185546875,46167490560000,0.9033203125,0.683710174717369,0.17578125,0.849609375
conf-w144012-k3-d3-phi24,3,3,24.0,12000,126.0244140625,55400988672000,0.951171875,0.8385149023638232,0.2080078125,0.9306640625
conf-w144012-k3-d3-phi24,3,3,24.0,14000,147.0341796875,64634486784000,0.984375,0.921719767043508,0.236328125,0.9921875
conf-w144012-k3-d3-phi24,3,3,24.0,16000,168.037109375,73867984896000,0.9951171875,0.9708376156217883,0.2822265625,0.998046875
conf-w144012-k3-d3-phi24,3,3,24.0,18000,189.033203125,83101483008000,0.99609375,0.9897653305926687,0.3046875,0.9931640625
conf-w144012-k3-d3-phi24,3,3,24.0,20000,210.0546875,92334981120000,1.0,0.9960602946214457,0.3330078125,1.0
conf-w144012-k3-d3-phi24,3,3,24.0,22000,231.0322265625,101568479232000,1.0,0.9985868448098664,0.3583984375,1.0
conf-w144012-k3-d3-phi24,3,3,24.0,24000,252.0478515625,110801977344000,1.0,0.999057896539911,0.39453125,1.0
conf-w144012-k3-d3-phi24,3,3,24.0,26000,273.05078125,120035475456000,1.0,0.999743062692703,0.435546875,1.0
conf-w144012-k3-d3-phi24,3,3,24.0,28000,294.05078125,129268973568000,0.9990234375,0.999743062692703,0.451171875,0.9990234375
conf-w144012-k3-d3-phi24,3,3,24.0,30000,315.07421875,138502471680000,1.0,0.999914354230901,0.4931640625,1.0
conf-w144012-k3-d3-phi24,3,3,24.0,32000,336.0703125,147735969792000,1.0,0.9999571771154505,0.50390625,1.0
conf-w144012-k3-d3-phi24,3,3,24.0,34000,357.07421875,156969467904000,1.0,0.9999571771154505,0.515625,1.0
conf-w144012-k3-d3-phi24,3,3,24.0,36000,378.0732421875,166202966016000,1.0,1.0,0.5439453125,1.0
conf-w144012-k3-d3-phi24,3,3,24.0,38000,399.103515625,175436464128000,1.0,1.0,0.552734375,1.0
conf-w144012-k3-d3-phi24,3,3,24.0,40000,420.0869140625,184669962240000,1.0,1.0,0.5673828125,1.0
conf-w144012-k3-d3-phi24,3,3,24.0,42000,441.099609375,193903460352000,1.0,1.0,0.591796875,1.0
conf-w144012-k3-d3-phi24,3,3,24.0,44000,462.1005859375,203136958464000,1.0,1.0,0.6064453125,1.0
conf-w144012-k3-d3-phi24,3,3,24.0,46000,483.1005859375,212370456576000,1.0,1.0,0.623046875,1.0
conf-w144012-k3-d3-phi24,3,3,24.0,48000,504.0986328125,221603954688000,1.0,0.9999571771154505,0.646484375,1.0
conf-w144012-k3-d3-phi24,3,3,24.0,50000,525.1181640625,230837452800000,1.0,1.0,0.650390625,1.0
conf-w144012-k3-d3-phi24,3,3,24.0,52000,546.1240234375,240070950912000,1.0,1.0,0.6513671875,1.0
conf-w144012-k3-d3-phi24,3,3,24.0,54000,567.0986328125,249304449024000,1.0,1.0,0.6591796875,1.0
conf-w144012-k3-d3-phi24,3,3,24.0,56000,588.1240234375,258537947136000,1.0,1.0,0.6875,1.0
conf-w144012-k3-d3-phi24,3,3,24.0,58000,609.142578125,267771445248000,1.0,0.9999571771154505,0.6708984375,1.0
conf-w144012-k3-d3-phi24,3,3,24.0,60000,630.1220703125,277004943360000,1.0,1.0,0.6826171875,1.0
conf-w144012-k3-d3-phi24,3,3,24.0,62000,651.1201171875,286238441472000,1.0,1.0,0.705078125,1.0
conf-w144012-k3-d3-phi24,3,3,24.0,64000,672.146484375,295471939584000,1.0,1.0,0.7109375,1.0
conf-w144012-k3-d3-phi24,3,3,24.0,66000,693.1455078125,304705437696000,1.0,1.0,0.724609375,1.0
conf-w144012-k3-d3-phi24,3,3,24.0,68000,714.13671875,313938935808000,1.0,1.0,0.74609375,1.0
conf-w144012-k3-d3-phi24,3,3,24.0,70000,735.138671875,323172433920000,1.0,1.0,0.7431640625,1.0
conf-w144012-k3-d3-phi24,3,3,24.0,72000,756.166015625,332405932032000,1.0,1.0,0.748046875,1.0
conf-w144012-k3-d3-phi24,3,3,24.0,74000,777.1494140625,341639430144000,1.0,1.0,0.7587890625,1.0
conf-w144012-k3-d3-phi24,3,3,24.0,76000,798.166015625,350872928256000,1.0,0.9999571771154505,0.7666015625,1.0
conf-w144012-k3-d3-phi24,3,3,24.0,78000,819.158203125,360106426368000,1.0,1.0,0.787109375,1.0
conf-w144012-k3-d3-phi24,3,3,24.0,80000,840.1865234375,369339924480000,1.0,1.0,0.78125,1.0
conf-w144012-k3-d3-phi24,3,3,24.0,82000,861.18359375,378573422592000,1.0,1.0,0.794921875,1.0
conf-w144012-k3-d3-phi24,3,3,24.0,84000,882.1875,387806920704000,1.0,1.0,0.794921875,1.0
conf-w144012-k3-d3-phi24,3,3,24.0,86000,903.1689453125,397040418816000,1.0,1.0,0.8046875,1.0
conf-w144012-k3-d3-phi24,3,3,24.0,88000,924.205078125,406273916928000,1.0,1.0,0.8076171875,1.0
conf-w144012-k3-d3-phi24,3,3,24.0,90000,945.193359375,415507415040000,1.0,1.0,0.83203125,1.0
conf-w144012-k3-d3-phi24,3,3,24.0,92000,966.185546875,424740913152000,1.0,0.9999571771154505,0.814453125,1.0
conf-w144012-k3-d3-phi24,3,3,24.0,94000,987.1884765625,433974411264000,1.0,1.0,0.8134765625,1.0
conf-w144012-k3-d3-phi24,3,3,24.0,96000,1008.205078125,443207909376000,1.0,1.0,0.81640625,1.0
conf-w144012-k3-d3-phi24,3,3,24.0,98000,1029.232421875,452441407488000,1.0,1.0,0.841796875,1.0
conf-w144012-k3-d3-phi24,3,3,24.0,100000,1050.201171875,461674905600000,1.0,1.0,0.83984375,1.0
conf-w144012-k3-d3-phi24,3,3,24.0,102000,1071.224609375,470908403712000,1.0,0.9999571771154505,0.8466796875,1.0
conf-w144012-k3-d3-phi24,3,3,24.0,104000,1092.2236328125,480141901824000,1.0,1.0,0.853515625,1.0
conf-w144012-k3-d3-phi24,3,3,24.0,106000,1113.212890625,489375399936000,1.0,1.0,0.873046875,1.0
conf-w144012-k3-d3-phi24,3,3,24.0,108000,1134.2333984375,498608898048000,1.0,1.0,0.8583984375,1.0
conf-w144012-k3-d3-phi24,3,3,24.0,110000,1155.2421875,507842396160000,1.0,1.0,0.87890625,1.0
conf-w144012-k3-d3-phi24,3,3,24.0,112000,1176.2490234375,517075894272000,1.0,1.0,0.876953125,1.0
conf-w144012-k3-d3-phi24,3,3,24.0,114000,1197.2197265625,526309392384000,1.0,1.0,0.869140625,1.0
conf-w144012-k3-d3-phi24,3,3,24.0,116000,1218.2265625,535542890496000,1.0,1.0,0.8818359375,1.0
conf-w144012-k3-d3-phi24,3,3,24.0,118000,1239.255859375,544776388608000,1.0,1.0,0.8818359375,1.0
conf-w144012-k3-d3-phi24,3,3,24.0,120000,1260.2666015625,554009886720000,1.0,1.0,0.892578125,1.0
conf-w144012-k3-d3-phi24,3,3,24.0,122000,1281.2578125,563243384832000,1.0,1.0,0.9013671875,1.0
conf-w144012-k3-d3-phi24,3,3,24.0,124000,1302.275390625,572476882944000,1.0,1.0,0.884765625,1.0
conf-w144012-k3-d3-phi24,3,3,24.0,126000,1323.2607421875,581710381056000,1.0,1.0,0.8974609375,1.0
conf-w144012-k3-d3-phi24,3,3,24.0,128000,1344.28125,590943879168000,1.0,1.0,0.91015625,1.0
conf-w144012-k3-d4-phi24,3,4,24.0,0,0.0,0,0.0,0.0,0.0,0.0
conf-w144012-k3-d4-phi24,3,4,24.0,100,1.0673828125,613652889600,0.0,0.0,0.0,0.0
conf-w144012-k3-d4-phi24,3,4,24.0,250,2.611328125,1534132224000,0.0,0.013446385748544022,0.0185546875,0.0
conf-w144012-k3-d4-phi24,3,4,24.0,500,5.2568359375,3068264448000,0.021484375,0.048518328194587186,0.05078125,0.0341796875
conf-w144012-k3-d4-phi24,3,4,24.0,1000,10.51171875,6136528896000,0.0498046875,0.05909558067831449,0.0615234375,0.0556640625
conf-w144012-k3-d4-phi24,3,4,24.0,2000,21.009765625,12273057792000,0.0908203125,0.09600890715998629,0.07421875,0.0576171875
conf-w144012-k3-d4-phi24,3,4,24.0,4000,42.005859375,24546115584000,0.3544921875,0.19672833162041795,0.11328125,0.16015625
conf-w144012-k3-d4-phi24,3,4,24.0,6000,63.009765625,36819173376000,0.654296875,0.3669064748201439,0.125,0.431640625
conf-w144012-k3-d4-phi24,3,4,24.0,8000,84.01953125,49092231168000,0.8603515625,0.5935680027406646,0.17578125,0.7744140625
conf-w144012-k3-d4-phi24,3,4,24.0,10000,105.0185546875,61365288960000,0.9443359375,0.7937649880095923,0.2236328125,0.9345703125
conf-w144012-k3-d4-phi24,3,4,24.0,12000,126.0244140625,73638346752000,0.9755859375,0.9245889003083247,0.263671875,0.98046875
conf-w144012-k3-d4-phi24,3,4,24.0,14000,147.0341796875,85911404544000,0.9951171875,0.9730644056183625,0.3056640625,1.0
conf-w144012-k3-d4-phi24,3,4,24.0,16000,168.037109375,98184462336000,1.0,0.9932339842411785,0.3583984375,1.0
conf-w144012-k3-d4-phi24,3,4,24.0,18000,189.033203125,110457520128000,1.0,0.9977303871188763,0.4091796875,1.0
conf-w144012-k3-d4-phi24,3,4,24.0,20000,210.0546875,122730577920000,0.9990234375,0.999314833847208,0.4638671875,0.99609375
conf-w144012-k3-d4-phi24,3,4,24.0,22000,231.0322265625,135003635712000,1.0,0.9996145940390545,0.4736328125,1.0
conf-w144012-k3-d4-phi24,3,4,24.0,24000,252.0478515625,147276693504000,1.0,0.999914354230901,0.5185546875,1.0
conf-w144012-k3-d4-phi24,3,4,24.0,26000,273.05078125,159549751296000,1.0,0.999914354230901,0.5693359375,1.0
conf-w144012-k3-d4-phi24,3,4,24.0,28000,294.05078125,171822809088000,1.0,0.9999571771154505,0.576171875,1.0
conf-w144012-k3-d4-phi24,3,4,24.0,30000,315.07421875,184095866880000,1.0,1.0,0.578125,1.0
conf-w144012-k3-d4-phi24,3,4,24.0,32000,336.0703125,196368924672000,1.0,1.0,0.6171875,1.0
conf-w144012-k3-d4-phi24,3,4,24.0,34000,357.07421875,208641982464000,1.0,0.9999571771154505,0.6591796875,1.0
conf-w144012-k3-d4-phi24,3,4,24.0,36000,378.0732421875,220915040256000,1.0,1.0,0.671875,1.0
conf-w144012-k3-d4-phi24,3,4,24.0,38000,399.103515625,233188098048000,1.0,1.0,0.681640625,1.0
conf-w144012-k3-d4-phi24,3,4,24.0,40000,420.0869140625,245461155840000,1.0,1.0,0.6884765625,1.0
conf-w144012-k3-d4-phi24,3,4,24.0,42000,441.099609375,257734213632000,1.0,1.0,0.7236328125,1.0
conf-w144012-k3-d4-phi24,3,4,24.0,44000,462.1005859375,270007271424000,1.0,0.9999571771154505,0.732421875,1.0
conf-w144012-k3-d4-phi24,3,4,24.0,46000,483.1005859375,282280329216000,1.0,1.0,0.7470703125,1.0
conf-w144012-k3-d4-phi24,3,4,24.0,48000,504.0986328125,294553387008000,1.0,1.0,0.751953125,1.0
conf-w144012-k3-d4-phi24,3,4,24.0,50000,525.1181640625,306826444800000,1.0,1.0,0.771484375,1.0
conf-w144012-k3-d4-phi24,3,4,24.0,52000,546.1240234375,319099502592000,1.0,1.0,0.7705078125,1.0
conf-w144012-k3-d4-phi24,3,4,24.0,54000,567.0986328125,331372560384000,1.0,1.0,0.7880859375,1.0
conf-w144012-k3-d4-phi24,3,4,24.0,56000,588.1240234375,343645618176000,1.0,1.0,0.79296875,1.0
conf-w144012-k3-d4-phi24,3,4,24.0,58000,609.142578125,355918675968000,1.0,1.0,0.7998046875,1.0
conf-w144012-k3-d4-phi24,3,4,24.0,60000,630.1220703125,368191733760000,1.0,1.0,0.8212890625,1.0
conf-w144012-k3-d4-phi24,3,4,24.0,62000,651.1201171875,380464791552000,1.0,1.0,0.8251953125,1.0
conf-w144012-k3-d4-phi24,3,4,24.0,64000,672.146484375,392737849344000,1.0,0.9999571771154505,0.8291015625,1.0
conf-w144012-k3-d4-phi24,3,4,24.0,66000,693.1455078125,405010907136000,1.0,0.9999571771154505,0.84375,1.0
conf-w144012-k3-d4-phi24,3,4,24.0,68000,714.13671875,417283964928000,1.0,1.0,0.845703125,1.0
conf-w144012-k3-d4-phi24,3,4,24.0,70000,735.138671875,429557022720000,1.0,1.0,0.8525390625,1.0
conf-w144012-k3-d4-phi24,3,4,24.0,72000,756.166015625,441830080512000,1.0,1.0,0.8564453125,1.0
conf-w144012-k3-d4-phi24,3,4,24.0,74000,777.1494140625,454103138304000,1.0,1.0,0.859375,1.0
conf-w144012-k3-d4-phi24,3,4,24.0,76000,798.166015625,466376196096000,1.0,1.0,0.888671875,1.0
conf-w144012-k3-d4-phi24,3,4,24.0,78000,819.158203125,478649253888000,1.0,1.0,0.8857421875,1.0
conf-w144012-k3-d4-phi24,3,4,24.0,80000,840.1865234375,490922311680000,1.0,0.9999571771154505,0.880859375,1.0
conf-w144012-k3-d4-phi24,3,4,24.0,82000,861.18359375,503195369472000,1.0,1.0,0.89453125,1.0
conf-w144012-k3-d4-phi24,3,4,24.0,84000,882.1875,515468427264000,1.0,1.0,0.8955078125,1.0
conf-w144012-k3-d4-phi24,3,4,24.0,86000,903.1689453125,527741485056000,1.0,0.9999571771154505,0.908203125,1.0
conf-w144012-k3-d4-phi24,3,4,24.0,88000,924.205078125,540014542848000,1.0,1.0,0.908203125,1.0
conf-w144012-k3-d4-phi24,3,4,24.0,90000,945.193359375,552287600640000,1.0,1.0,0.9111328125,1.0
conf-w144012-k3-d4-phi24,3,4,24.0,92000,966.185546875,564560658432000,1.0,1.0,0.9169921875,1.0
conf-w144012-k3-d4-phi24,3,4,24.0,94000,987.1884765625,576833716224000,1.0,1.0,0.923828125,1.0
conf-w144012-k3-d4-phi24,3,4,24.0,96000,1008.205078125,589106774016000,1.0,1.0,0.9287109375,1.0
conf-w144012-k3-d4-phi24,3,4,24.0,98000,1029.232421875,601379831808000,1.0,1.0,0.9150390625,1.0
conf-w144012-k3-d4-phi24,3,4,24.0,100000,1050.201171875,613652889600000,1.0,1.0,0.931640625,1.0
conf-w144012-k3-d4-phi24,3,4,24.0,102000,1071.224609375,625925947392000,1.0,1.0,0.9306640625,1.0
conf-w144012-k3-d4-phi24,3,4,24.0,104000,1092.2236328125,638199005184000,1.0,1.0,0.9345703125,1.0
conf-w144012-k3-d4-phi24,3,4,24.0,106000,1113.212890625,650472062976000,1.0,1.0,0.9326171875,1.0
conf-w144012-k3-d4-phi24,3,4,24.0,108000,1134.2333984375,662745120768000,1.0,1.0,0.935546875,1.0
conf-w144012-k3-d4-phi24,3,4,24.0,110000,1155.2421875,675018178560000,1.0,1.0,0.94140625,1.0
conf-w144012-k3-d4-phi24,3,4,24.0,112000,1176.2490234375,687291236352000,1.0,1.0,0.9453125,1.0
conf-w144012-k3-d4-phi24,3,4,24.0,114000,1197.2197265625,699564294144000,1.0,1.0,0.951171875,1.0
conf-w144012-k3-d4-phi24,3,4,24.0,116000,1218.2265625,711837351936000,1.0,1.0,0.9482421875,1.0
conf-w144012-k3-d4-phi24,3,4,24.0,118000,1239.255859375,724110409728000,1.0,1.0,0.9521484375,1.0
conf-w144012-k3-d4-phi24,3,4,24.0,120000,1260.2666015625,736383467520000,1.0,1.0,0.9501953125,1.0
conf-w144012-k3-d4-phi24,3,4,24.0,122000,1281.2578125,748656525312000,1.0,1.0,0.9560546875,1.0
conf-w144012-k3-d4-phi24,3,4,24.0,124000,1302.275390625,760929583104000,1.0,1.0,0.9677734375,1.0
conf-w144012-k3-d4-phi24,3,4,24.0,126000,1323.2607421875,773202640896000,1.0,1.0,0.9609375,1.0
conf-w144012-k3-d4-phi24,3,4,24.0,128000,1344.28125,785475698688000,1.0,1.0,0.9580078125,1.0
