phase,world_seed,architecture,hops,unique_layers,training_repeats,init_scheme,width,checkpoint_step,condition_id,figure_recipe_id,evaluated_repeats,split,kind,population_pool_n,initializations,available_initialization_ids,available_initializations,answer_accuracy,complete_accuracy,prediction_coverage,population_n,partition_fraction
development,145001,l1,2,1,4,scaled_effective,128,128000,742932b69f8855d9,66e5782c653732f3,1,id_atomic,atomic,1024,[14501],[14501],1,1.0,0.0,1.0,768.0,0.75
development,145001,l1,2,1,4,scaled_effective,128,128000,742932b69f8855d9,66e5782c653732f3,1,ood_atomic,atomic,1024,[14501],[14501],1,0.1796875,0.0,1.0,256.0,0.25
development,145001,l1,2,1,4,scaled_effective,128,128000,742932b69f8855d9,66e5782c653732f3,1,test_composite,composite,446,[14501],[14501],1,0.0,0.0,1.0,446.0,1.0
development,145001,l1,2,1,4,scaled_effective,128,128000,742932b69f8855d9,66e5782c653732f3,1,ood_composite,composite,540,[14501],[14501],1,0.0,0.0,1.0,540.0,1.0
development,145001,l1,2,1,4,scaled_effective,128,128000,742932b69f8855d9,66e5782c653732f3,2,id_atomic,atomic,1024,[14501],[14501],1,1.0,0.6015625,1.0,768.0,0.75
development,145001,l1,2,1,4,scaled_effective,128,128000,742932b69f8855d9,66e5782c653732f3,2,ood_atomic,atomic,1024,[14501],[14501],1,0.96484375,0.71484375,1.0,256.0,0.25
development,145001,l1,2,1,4,scaled_effective,128,128000,742932b69f8855d9,66e5782c653732f3,2,test_composite,composite,446,[14501],[14501],1,0.17713004484304934,0.17713004484304934,1.0,446.0,1.0
development,145001,l1,2,1,4,scaled_effective,128,128000,742932b69f8855d9,66e5782c653732f3,2,ood_composite,composite,540,[14501],[14501],1,0.0,0.0,1.0,540.0,1.0
development,145001,l1,2,1,4,scaled_effective,128,128000,742932b69f8855d9,66e5782c653732f3,3,id_atomic,atomic,1024,[14501],[14501],1,1.0,1.0,1.0,768.0,0.75
development,145001,l1,2,1,4,scaled_effective,128,128000,742932b69f8855d9,66e5782c653732f3,3,ood_atomic,atomic,1024,[14501],[14501],1,1.0,1.0,1.0,256.0,0.25
development,145001,l1,2,1,4,scaled_effective,128,128000,742932b69f8855d9,66e5782c653732f3,3,test_composite,composite,446,[14501],[14501],1,0.9955156950672646,0.9955156950672646,1.0,446.0,1.0
development,145001,l1,2,1,4,scaled_effective,128,128000,742932b69f8855d9,66e5782c653732f3,3,ood_composite,composite,540,[14501],[14501],1,0.014814814814814815,0.014814814814814815,1.0,540.0,1.0
development,145001,l1,2,1,4,scaled_effective,128,128000,742932b69f8855d9,66e5782c653732f3,4,id_atomic,atomic,1024,[14501],[14501],1,1.0,1.0,1.0,768.0,0.75
development,145001,l1,2,1,4,scaled_effective,128,128000,742932b69f8855d9,66e5782c653732f3,4,ood_atomic,atomic,1024,[14501],[14501],1,1.0,1.0,1.0,256.0,0.25
development,145001,l1,2,1,4,scaled_effective,128,128000,742932b69f8855d9,66e5782c653732f3,4,test_composite,composite,446,[14501],[14501],1,1.0,1.0,1.0,446.0,1.0
development,145001,l1,2,1,4,scaled_effective,128,128000,742932b69f8855d9,66e5782c653732f3,4,ood_composite,composite,540,[14501],[14501],1,0.03518518518518519,0.03518518518518519,1.0,540.0,1.0
development,145001,l1,2,1,4,scaled_effective,128,128000,742932b69f8855d9,66e5782c653732f3,5,id_atomic,atomic,1024,[14501],[14501],1,0.9973958333333334,0.9973958333333334,1.0,768.0,0.75
development,145001,l1,2,1,4,scaled_effective,128,128000,742932b69f8855d9,66e5782c653732f3,5,ood_atomic,atomic,1024,[14501],[14501],1,1.0,1.0,1.0,256.0,0.25
development,145001,l1,2,1,4,scaled_effective,128,128000,742932b69f8855d9,66e5782c653732f3,5,test_composite,composite,446,[14501],[14501],1,1.0,1.0,1.0,446.0,1.0
development,145001,l1,2,1,4,scaled_effective,128,128000,742932b69f8855d9,66e5782c653732f3,5,ood_composite,composite,540,[14501],[14501],1,0.10555555555555556,0.10555555555555556,1.0,540.0,1.0
development,145001,l1,2,1,4,scaled_effective,128,128000,742932b69f8855d9,66e5782c653732f3,6,id_atomic,atomic,1024,[14501],[14501],1,0.99609375,0.99609375,1.0,768.0,0.75
development,145001,l1,2,1,4,scaled_effective,128,128000,742932b69f8855d9,66e5782c653732f3,6,ood_atomic,atomic,1024,[14501],[14501],1,1.0,1.0,1.0,256.0,0.25
development,145001,l1,2,1,4,scaled_effective,128,128000,742932b69f8855d9,66e5782c653732f3,6,test_composite,composite,446,[14501],[14501],1,1.0,1.0,1.0,446.0,1.0
development,145001,l1,2,1,4,scaled_effective,128,128000,742932b69f8855d9,66e5782c653732f3,6,ood_composite,composite,540,[14501],[14501],1,0.21481481481481482,0.21481481481481482,1.0,540.0,1.0
development,145001,l1,2,1,4,scaled_effective,128,128000,742932b69f8855d9,66e5782c653732f3,7,id_atomic,atomic,1024,[14501],[14501],1,0.984375,0.984375,1.0,768.0,0.75
development,145001,l1,2,1,4,scaled_effective,128,128000,742932b69f8855d9,66e5782c653732f3,7,ood_atomic,atomic,1024,[14501],[14501],1,0.99609375,0.99609375,1.0,256.0,0.25
development,145001,l1,2,1,4,scaled_effective,128,128000,742932b69f8855d9,66e5782c653732f3,7,test_composite,composite,446,[14501],[14501],1,1.0,1.0,1.0,446.0,1.0
development,145001,l1,2,1,4,scaled_effective,128,128000,742932b69f8855d9,66e5782c653732f3,7,ood_composite,composite,540,[14501],[14501],1,0.26481481481481484,0.26481481481481484,1.0,540.0,1.0
development,145001,l1,2,1,4,scaled_effective,128,128000,742932b69f8855d9,66e5782c653732f3,8,id_atomic,atomic,1024,[14501],[14501],1,0.9049479166666666,0.9049479166666666,1.0,768.0,0.75
development,145001,l1,2,1,4,scaled_effective,128,128000,742932b69f8855d9,66e5782c653732f3,8,ood_atomic,atomic,1024,[14501],[14501],1,0.96875,0.96875,1.0,256.0,0.25
development,145001,l1,2,1,4,scaled_effective,128,128000,742932b69f8855d9,66e5782c653732f3,8,test_composite,composite,446,[14501],[14501],1,0.9887892376681614,0.9887892376681614,1.0,446.0,1.0
development,145001,l1,2,1,4,scaled_effective,128,128000,742932b69f8855d9,66e5782c653732f3,8,ood_composite,composite,540,[14501],[14501],1,0.3074074074074074,0.3074074074074074,1.0,540.0,1.0
development,145001,l2,2,2,2,scaled_effective,128,128000,f3e74cc7add23e73,66e5782c653732f3,1,id_atomic,atomic,1024,[14501],[14501],1,1.0,0.953125,1.0,768.0,0.75
development,145001,l2,2,2,2,scaled_effective,128,128000,f3e74cc7add23e73,66e5782c653732f3,1,ood_atomic,atomic,1024,[14501],[14501],1,0.98046875,0.9609375,1.0,256.0,0.25
development,145001,l2,2,2,2,scaled_effective,128,128000,f3e74cc7add23e73,66e5782c653732f3,1,test_composite,composite,446,[14501],[14501],1,0.006726457399103139,0.006726457399103139,1.0,446.0,1.0
development,145001,l2,2,2,2,scaled_effective,128,128000,f3e74cc7add23e73,66e5782c653732f3,1,ood_composite,composite,540,[14501],[14501],1,0.0,0.0,1.0,540.0,1.0
development,145001,l2,2,2,2,scaled_effective,128,128000,f3e74cc7add23e73,66e5782c653732f3,2,id_atomic,atomic,1024,[14501],[14501],1,1.0,1.0,1.0,768.0,0.75
development,145001,l2,2,2,2,scaled_effective,128,128000,f3e74cc7add23e73,66e5782c653732f3,2,ood_atomic,atomic,1024,[14501],[14501],1,1.0,1.0,1.0,256.0,0.25
development,145001,l2,2,2,2,scaled_effective,128,128000,f3e74cc7add23e73,66e5782c653732f3,2,test_composite,composite,446,[14501],[14501],1,1.0,1.0,1.0,446.0,1.0
development,145001,l2,2,2,2,scaled_effective,128,128000,f3e74cc7add23e73,66e5782c653732f3,2,ood_composite,composite,540,[14501],[14501],1,0.06481481481481481,0.06481481481481481,1.0,540.0,1.0
development,145001,l2,2,2,2,scaled_effective,128,128000,f3e74cc7add23e73,66e5782c653732f3,3,id_atomic,atomic,1024,[14501],[14501],1,0.9986979166666666,0.9986979166666666,1.0,768.0,0.75
development,145001,l2,2,2,2,scaled_effective,128,128000,f3e74cc7add23e73,66e5782c653732f3,3,ood_atomic,atomic,1024,[14501],[14501],1,1.0,1.0,1.0,256.0,0.25
development,145001,l2,2,2,2,scaled_effective,128,128000,f3e74cc7add23e73,66e5782c653732f3,3,test_composite,composite,446,[14501],[14501],1,1.0,1.0,1.0,446.0,1.0
development,145001,l2,2,2,2,scaled_effective,128,128000,f3e74cc7add23e73,66e5782c653732f3,3,ood_composite,composite,540,[14501],[14501],1,0.2351851851851852,0.2351851851851852,1.0,540.0,1.0
development,145001,l2,2,2,2,scaled_effective,128,128000,f3e74cc7add23e73,66e5782c653732f3,4,id_atomic,atomic,1024,[14501],[14501],1,0.9140625,0.9140625,1.0,768.0,0.75
development,145001,l2,2,2,2,scaled_effective,128,128000,f3e74cc7add23e73,66e5782c653732f3,4,ood_atomic,atomic,1024,[14501],[14501],1,0.9453125,0.9453125,1.0,256.0,0.25
development,145001,l2,2,2,2,scaled_effective,128,128000,f3e74cc7add23e73,66e5782c653732f3,4,test_composite,composite,446,[14501],[14501],1,0.9932735426008968,0.9932735426008968,1.0,446.0,1.0
development,145001,l2,2,2,2,scaled_effective,128,128000,f3e74cc7add23e73,66e5782c653732f3,4,ood_composite,composite,540,[14501],[14501],1,0.3648148148148148,0.3648148148148148,1.0,540.0,1.0
development,145001,l2,2,2,2,scaled_effective,128,128000,f3e74cc7add23e73,66e5782c653732f3,5,id_atomic,atomic,1024,[14501],[14501],1,0.6627604166666666,0.6627604166666666,1.0,768.0,0.75
development,145001,l2,2,2,2,scaled_effective,128,128000,f3e74cc7add23e73,66e5782c653732f3,5,ood_atomic,atomic,1024,[14501],[14501],1,0.77734375,0.77734375,1.0,256.0,0.25
development,145001,l2,2,2,2,scaled_effective,128,128000,f3e74cc7add23e73,66e5782c653732f3,5,test_composite,composite,446,[14501],[14501],1,0.8766816143497758,0.8766816143497758,1.0,446.0,1.0
development,145001,l2,2,2,2,scaled_effective,128,128000,f3e74cc7add23e73,66e5782c653732f3,5,ood_composite,composite,540,[14501],[14501],1,0.3296296296296296,0.3296296296296296,1.0,540.0,1.0
development,145001,l2,2,2,2,scaled_effective,128,128000,f3e74cc7add23e73,66e5782c653732f3,6,id_atomic,atomic,1024,[14501],[14501],1,0.4205729166666667,0.4205729166666667,1.0,768.0,0.75
development,145001,l2,2,2,2,scaled_effective,128,128000,f3e74cc7add23e73,66e5782c653732f3,6,ood_atomic,atomic,1024,[14501],[14501],1,0.59375,0.59375,1.0,256.0,0.25
development,145001,l2,2,2,2,scaled_effective,128,128000,f3e74cc7add23e73,66e5782c653732f3,6,test_composite,composite,446,[14501],[14501],1,0.6412556053811659,0.6412556053811659,1.0,446.0,1.0
development,145001,l2,2,2,2,scaled_effective,128,128000,f3e74cc7add23e73,66e5782c653732f3,6,ood_composite,composite,540,[14501],[14501],1,0.2518518518518518,0.2518518518518518,1.0,540.0,1.0
development,145001,l2,2,2,2,scaled_effective,128,128000,f3e74cc7add23e73,66e5782c653732f3,7,id_atomic,atomic,1024,[14501],[14501],1,0.27734375,0.27734375,1.0,768.0,0.75
development,145001,l2,2,2,2,scaled_effective,128,128000,f3e74cc7add23e73,66e5782c653732f3,7,ood_atomic,atomic,1024,[14501],[14501],1,0.42578125,0.42578125,1.0,256.0,0.25
development,145001,l2,2,2,2,scaled_effective,128,128000,f3e74cc7add23e73,66e5782c653732f3,7,test_composite,composite,446,[14501],[14501],1,0.4260089686098655,0.4260089686098655,1.0,446.0,1.0
development,145001,l2,2,2,2,scaled_effective,128,128000,f3e74cc7add23e73,66e5782c653732f3,7,ood_composite,composite,540,[14501],[14501],1,0.1648148148148148,0.1648148148148148,1.0,540.0,1.0
development,145001,l2,2,2,2,scaled_effective,128,128000,f3e74cc7add23e73,66e5782c653732f3,8,id_atomic,atomic,1024,[14501],[14501],1,0.17317708333333334,0.17317708333333334,1.0,768.0,0.75
development,145001,l2,2,2,2,scaled_effective,128,128000,f3e74cc7add23e73,66e5782c653732f3,8,ood_atomic,atomic,1024,[14501],[14501],1,0.3203125,0.3203125,1.0,256.0,0.25
development,145001,l2,2,2,2,scaled_effective,128,128000,f3e74cc7add23e73,66e5782c653732f3,8,test_composite,composite,446,[14501],[14501],1,0.2623318385650224,0.2623318385650224,1.0,446.0,1.0
development,145001,l2,2,2,2,scaled_effective,128,128000,f3e74cc7add23e73,66e5782c653732f3,8,ood_composite,composite,540,[14501],[14501],1,0.14074074074074075,0.14074074074074075,1.0,540.0,1.0
development,145001,l1,3,1,4,scaled_effective,128,128000,76de5e5e805d58a3,66e5782c653732f3,1,id_atomic,atomic,1024,[14501],[14501],1,1.0,0.0,1.0,768.0,0.75
development,145001,l1,3,1,4,scaled_effective,128,128000,76de5e5e805d58a3,66e5782c653732f3,1,ood_atomic,atomic,1024,[14501],[14501],1,0.10546875,0.0,1.0,256.0,0.25
development,145001,l1,3,1,4,scaled_effective,128,128000,76de5e5e805d58a3,66e5782c653732f3,1,test_composite,composite,1024,[14501],[14501],1,0.0,0.0,1.0,1024.0,1.0
development,145001,l1,3,1,4,scaled_effective,128,128000,76de5e5e805d58a3,66e5782c653732f3,1,ood_composite,composite,1190,[14501],[14501],1,0.0,0.0,1.0,1190.0,1.0
development,145001,l1,3,1,4,scaled_effective,128,128000,76de5e5e805d58a3,66e5782c653732f3,2,id_atomic,atomic,1024,[14501],[14501],1,1.0,0.9140625,1.0,768.0,0.75
development,145001,l1,3,1,4,scaled_effective,128,128000,76de5e5e805d58a3,66e5782c653732f3,2,ood_atomic,atomic,1024,[14501],[14501],1,0.94921875,0.875,1.0,256.0,0.25
development,145001,l1,3,1,4,scaled_effective,128,128000,76de5e5e805d58a3,66e5782c653732f3,2,test_composite,composite,1024,[14501],[14501],1,0.0,0.0,1.0,1024.0,1.0
development,145001,l1,3,1,4,scaled_effective,128,128000,76de5e5e805d58a3,66e5782c653732f3,2,ood_composite,composite,1190,[14501],[14501],1,0.0,0.0,1.0,1190.0,1.0
development,145001,l1,3,1,4,scaled_effective,128,128000,76de5e5e805d58a3,66e5782c653732f3,3,id_atomic,atomic,1024,[14501],[14501],1,1.0,1.0,1.0,768.0,0.75
development,145001,l1,3,1,4,scaled_effective,128,128000,76de5e5e805d58a3,66e5782c653732f3,3,ood_atomic,atomic,1024,[14501],[14501],1,1.0,1.0,1.0,256.0,0.25
development,145001,l1,3,1,4,scaled_effective,128,128000,76de5e5e805d58a3,66e5782c653732f3,3,test_composite,composite,1024,[14501],[14501],1,0.9921875,0.9921875,1.0,1024.0,1.0
development,145001,l1,3,1,4,scaled_effective,128,128000,76de5e5e805d58a3,66e5782c653732f3,3,ood_composite,composite,1190,[14501],[14501],1,0.0008403361344537816,0.0008403361344537816,1.0,1190.0,1.0
development,145001,l1,3,1,4,scaled_effective,128,128000,76de5e5e805d58a3,66e5782c653732f3,4,id_atomic,atomic,1024,[14501],[14501],1,1.0,1.0,1.0,768.0,0.75
development,145001,l1,3,1,4,scaled_effective,128,128000,76de5e5e805d58a3,66e5782c653732f3,4,ood_atomic,atomic,1024,[14501],[14501],1,1.0,1.0,1.0,256.0,0.25
development,145001,l1,3,1,4,scaled_effective,128,128000,76de5e5e805d58a3,66e5782c653732f3,4,test_composite,composite,1024,[14501],[14501],1,1.0,1.0,1.0,1024.0,1.0
development,145001,l1,3,1,4,scaled_effective,128,128000,76de5e5e805d58a3,66e5782c653732f3,4,ood_composite,composite,1190,[14501],[14501],1,0.005042016806722689,0.005042016806722689,1.0,1190.0,1.0
development,145001,l1,3,1,4,scaled_effective,128,128000,76de5e5e805d58a3,66e5782c653732f3,5,id_atomic,atomic,1024,[14501],[14501],1,1.0,1.0,1.0,768.0,0.75
development,145001,l1,3,1,4,scaled_effective,128,128000,76de5e5e805d58a3,66e5782c653732f3,5,ood_atomic,atomic,1024,[14501],[14501],1,1.0,1.0,1.0,256.0,0.25
development,145001,l1,3,1,4,scaled_effective,128,128000,76de5e5e805d58a3,66e5782c653732f3,5,test_composite,composite,1024,[14501],[14501],1,1.0,1.0,1.0,1024.0,1.0
development,145001,l1,3,1,4,scaled_effective,128,128000,76de5e5e805d58a3,66e5782c653732f3,5,ood_composite,composite,1190,[14501],[14501],1,0.007563025210084034,0.007563025210084034,1.0,1190.0,1.0
development,145001,l1,3,1,4,scaled_effective,128,128000,76de5e5e805d58a3,66e5782c653732f3,6,id_atomic,atomic,1024,[14501],[14501],1,0.9986979166666666,0.9986979166666666,1.0,768.0,0.75
development,145001,l1,3,1,4,scaled_effective,128,128000,76de5e5e805d58a3,66e5782c653732f3,6,ood_atomic,atomic,1024,[14501],[14501],1,1.0,1.0,1.0,256.0,0.25
development,145001,l1,3,1,4,scaled_effective,128,128000,76de5e5e805d58a3,66e5782c653732f3,6,test_composite,composite,1024,[14501],[14501],1,1.0,1.0,1.0,1024.0,1.0
development,145001,l1,3,1,4,scaled_effective,128,128000,76de5e5e805d58a3,66e5782c653732f3,6,ood_composite,composite,1190,[14501],[14501],1,0.010924369747899159,0.010924369747899159,1.0,1190.0,1.0
development,145001,l1,3,1,4,scaled_effective,128,128000,76de5e5e805d58a3,66e5782c653732f3,7,id_atomic,atomic,1024,[14501],[14501],1,0.9947916666666666,0.9947916666666666,1.0,768.0,0.75
development,145001,l1,3,1,4,scaled_effective,128,128000,76de5e5e805d58a3,66e5782c653732f3,7,ood_atomic,atomic,1024,[14501],[14501],1,1.0,1.0,1.0,256.0,0.25
development,145001,l1,3,1,4,scaled_effective,128,128000,76de5e5e805d58a3,66e5782c653732f3,7,test_composite,composite,1024,[14501],[14501],1,0.99609375,0.99609375,1.0,1024.0,1.0
development,145001,l1,3,1,4,scaled_effective,128,128000,76de5e5e805d58a3,66e5782c653732f3,7,ood_composite,composite,1190,[14501],[14501],1,0.018487394957983194,0.018487394957983194,1.0,1190.0,1.0
development,145001,l1,3,1,4,scaled_effective,128,128000,76de5e5e805d58a3,66e5782c653732f3,8,id_atomic,atomic,1024,[14501],[14501],1,0.9713541666666666,0.9713541666666666,1.0,768.0,0.75
development,145001,l1,3,1,4,scaled_effective,128,128000,76de5e5e805d58a3,66e5782c653732f3,8,ood_atomic,atomic,1024,[14501],[14501],1,0.99609375,0.99609375,1.0,256.0,0.25
development,145001,l1,3,1,4,scaled_effective,128,128000,76de5e5e805d58a3,66e5782c653732f3,8,test_composite,composite,1024,[14501],[14501],1,0.9736328125,0.9736328125,1.0,1024.0,1.0
development,145001,l1,3,1,4,scaled_effective,128,128000,76de5e5e805d58a3,66e5782c653732f3,8,ood_composite,composite,1190,[14501],[14501],1,0.020168067226890758,0.020168067226890758,1.0,1190.0,1.0
development,145001,l2,3,2,2,scaled_effective,128,128000,3bff21339ec73e55,66e5782c653732f3,1,id_atomic,atomic,1024,[14501],[14501],1,1.0,0.6354166666666666,1.0,768.0,0.75
development,145001,l2,3,2,2,scaled_effective,128,128000,3bff21339ec73e55,66e5782c653732f3,1,ood_atomic,atomic,1024,[14501],[14501],1,0.921875,0.60546875,1.0,256.0,0.25
development,145001,l2,3,2,2,scaled_effective,128,128000,3bff21339ec73e55,66e5782c653732f3,1,test_composite,composite,1024,[14501],[14501],1,0.0,0.0,1.0,1024.0,1.0
development,145001,l2,3,2,2,scaled_effective,128,128000,3bff21339ec73e55,66e5782c653732f3,1,ood_composite,composite,1190,[14501],[14501],1,0.0,0.0,1.0,1190.0,1.0
development,145001,l2,3,2,2,scaled_effective,128,128000,3bff21339ec73e55,66e5782c653732f3,2,id_atomic,atomic,1024,[14501],[14501],1,1.0,1.0,1.0,768.0,0.75
development,145001,l2,3,2,2,scaled_effective,128,128000,3bff21339ec73e55,66e5782c653732f3,2,ood_atomic,atomic,1024,[14501],[14501],1,1.0,1.0,1.0,256.0,0.25
development,145001,l2,3,2,2,scaled_effective,128,128000,3bff21339ec73e55,66e5782c653732f3,2,test_composite,composite,1024,[14501],[14501],1,1.0,1.0,1.0,1024.0,1.0
development,145001,l2,3,2,2,scaled_effective,128,128000,3bff21339ec73e55,66e5782c653732f3,2,ood_composite,composite,1190,[14501],[14501],1,0.011764705882352941,0.011764705882352941,1.0,1190.0,1.0
development,145001,l2,3,2,2,scaled_effective,128,128000,3bff21339ec73e55,66e5782c653732f3,3,id_atomic,atomic,1024,[14501],[14501],1,1.0,1.0,1.0,768.0,0.75
development,145001,l2,3,2,2,scaled_effective,128,128000,3bff21339ec73e55,66e5782c653732f3,3,ood_atomic,atomic,1024,[14501],[14501],1,1.0,1.0,1.0,256.0,0.25
development,145001,l2,3,2,2,scaled_effective,128,128000,3bff21339ec73e55,66e5782c653732f3,3,test_composite,composite,1024,[14501],[14501],1,1.0,1.0,1.0,1024.0,1.0
development,145001,l2,3,2,2,scaled_effective,128,128000,3bff21339ec73e55,66e5782c653732f3,3,ood_composite,composite,1190,[14501],[14501],1,0.01680672268907563,0.01680672268907563,1.0,1190.0,1.0
development,145001,l2,3,2,2,scaled_effective,128,128000,3bff21339ec73e55,66e5782c653732f3,4,id_atomic,atomic,1024,[14501],[14501],1,0.9075520833333334,0.9075520833333334,1.0,768.0,0.75
development,145001,l2,3,2,2,scaled_effective,128,128000,3bff21339ec73e55,66e5782c653732f3,4,ood_atomic,atomic,1024,[14501],[14501],1,0.9609375,0.9609375,1.0,256.0,0.25
development,145001,l2,3,2,2,scaled_effective,128,128000,3bff21339ec73e55,66e5782c653732f3,4,test_composite,composite,1024,[14501],[14501],1,0.978515625,0.978515625,1.0,1024.0,1.0
development,145001,l2,3,2,2,scaled_effective,128,128000,3bff21339ec73e55,66e5782c653732f3,4,ood_composite,composite,1190,[14501],[14501],1,0.018487394957983194,0.018487394957983194,1.0,1190.0,1.0
development,145001,l2,3,2,2,scaled_effective,128,128000,3bff21339ec73e55,66e5782c653732f3,5,id_atomic,atomic,1024,[14501],[14501],1,0.5559895833333334,0.5559895833333334,1.0,768.0,0.75
development,145001,l2,3,2,2,scaled_effective,128,128000,3bff21339ec73e55,66e5782c653732f3,5,ood_atomic,atomic,1024,[14501],[14501],1,0.80078125,0.80078125,1.0,256.0,0.25
development,145001,l2,3,2,2,scaled_effective,128,128000,3bff21339ec73e55,66e5782c653732f3,5,test_composite,composite,1024,[14501],[14501],1,0.8095703125,0.8095703125,1.0,1024.0,1.0
development,145001,l2,3,2,2,scaled_effective,128,128000,3bff21339ec73e55,66e5782c653732f3,5,ood_composite,composite,1190,[14501],[14501],1,0.026050420168067228,0.026050420168067228,1.0,1190.0,1.0
development,145001,l2,3,2,2,scaled_effective,128,128000,3bff21339ec73e55,66e5782c653732f3,6,id_atomic,atomic,1024,[14501],[14501],1,0.2591145833333333,0.2591145833333333,1.0,768.0,0.75
development,145001,l2,3,2,2,scaled_effective,128,128000,3bff21339ec73e55,66e5782c653732f3,6,ood_atomic,atomic,1024,[14501],[14501],1,0.54296875,0.54296875,1.0,256.0,0.25
development,145001,l2,3,2,2,scaled_effective,128,128000,3bff21339ec73e55,66e5782c653732f3,6,test_composite,composite,1024,[14501],[14501],1,0.5537109375,0.5537109375,1.0,1024.0,1.0
development,145001,l2,3,2,2,scaled_effective,128,128000,3bff21339ec73e55,66e5782c653732f3,6,ood_composite,composite,1190,[14501],[14501],1,0.019327731092436976,0.019327731092436976,1.0,1190.0,1.0
development,145001,l2,3,2,2,scaled_effective,128,128000,3bff21339ec73e55,66e5782c653732f3,7,id_atomic,atomic,1024,[14501],[14501],1,0.11458333333333333,0.11458333333333333,1.0,768.0,0.75
development,145001,l2,3,2,2,scaled_effective,128,128000,3bff21339ec73e55,66e5782c653732f3,7,ood_atomic,atomic,1024,[14501],[14501],1,0.30078125,0.30078125,1.0,256.0,0.25
development,145001,l2,3,2,2,scaled_effective,128,128000,3bff21339ec73e55,66e5782c653732f3,7,test_composite,composite,1024,[14501],[14501],1,0.3505859375,0.3505859375,1.0,1024.0,1.0
development,145001,l2,3,2,2,scaled_effective,128,128000,3bff21339ec73e55,66e5782c653732f3,7,ood_composite,composite,1190,[14501],[14501],1,0.01680672268907563,0.01680672268907563,1.0,1190.0,1.0
development,145001,l2,3,2,2,scaled_effective,128,128000,3bff21339ec73e55,66e5782c653732f3,8,id_atomic,atomic,1024,[14501],[14501],1,0.0546875,0.0546875,1.0,768.0,0.75
development,145001,l2,3,2,2,scaled_effective,128,128000,3bff21339ec73e55,66e5782c653732f3,8,ood_atomic,atomic,1024,[14501],[14501],1,0.1875,0.1875,1.0,256.0,0.25
development,145001,l2,3,2,2,scaled_effective,128,128000,3bff21339ec73e55,66e5782c653732f3,8,test_composite,composite,1024,[14501],[14501],1,0.2138671875,0.2138671875,1.0,1024.0,1.0
development,145001,l2,3,2,2,scaled_effective,128,128000,3bff21339ec73e55,66e5782c653732f3,8,ood_composite,composite,1190,[14501],[14501],1,0.013445378151260505,0.013445378151260505,1.0,1190.0,1.0
development,145001,l1,4,1,6,scaled_effective,128,128000,b8c6c5380ee8a972,66e5782c653732f3,1,id_atomic,atomic,1024,[14501],[14501],1,1.0,0.0,1.0,768.0,0.75
development,145001,l1,4,1,6,scaled_effective,128,128000,b8c6c5380ee8a972,66e5782c653732f3,1,ood_atomic,atomic,1024,[14501],[14501],1,0.08984375,0.0,1.0,256.0,0.25
development,145001,l1,4,1,6,scaled_effective,128,128000,b8c6c5380ee8a972,66e5782c653732f3,1,test_composite,composite,1024,[14501],[14501],1,0.0,0.0,1.0,1024.0,1.0
development,145001,l1,4,1,6,scaled_effective,128,128000,b8c6c5380ee8a972,66e5782c653732f3,1,ood_composite,composite,2638,[14501],[14501],1,0.0,0.0,1.0,2638.0,1.0
development,145001,l1,4,1,6,scaled_effective,128,128000,b8c6c5380ee8a972,66e5782c653732f3,2,id_atomic,atomic,1024,[14501],[14501],1,1.0,0.22526041666666666,1.0,768.0,0.75
development,145001,l1,4,1,6,scaled_effective,128,128000,b8c6c5380ee8a972,66e5782c653732f3,2,ood_atomic,atomic,1024,[14501],[14501],1,0.6484375,0.09765625,1.0,256.0,0.25
development,145001,l1,4,1,6,scaled_effective,128,128000,b8c6c5380ee8a972,66e5782c653732f3,2,test_composite,composite,1024,[14501],[14501],1,0.0,0.0,1.0,1024.0,1.0
development,145001,l1,4,1,6,scaled_effective,128,128000,b8c6c5380ee8a972,66e5782c653732f3,2,ood_composite,composite,2638,[14501],[14501],1,0.0,0.0,1.0,2638.0,1.0
development,145001,l1,4,1,6,scaled_effective,128,128000,b8c6c5380ee8a972,66e5782c653732f3,3,id_atomic,atomic,1024,[14501],[14501],1,1.0,0.99609375,1.0,768.0,0.75
development,145001,l1,4,1,6,scaled_effective,128,128000,b8c6c5380ee8a972,66e5782c653732f3,3,ood_atomic,atomic,1024,[14501],[14501],1,0.99609375,0.96875,1.0,256.0,0.25
development,145001,l1,4,1,6,scaled_effective,128,128000,b8c6c5380ee8a972,66e5782c653732f3,3,test_composite,composite,1024,[14501],[14501],1,0.0,0.0,1.0,1024.0,1.0
development,145001,l1,4,1,6,scaled_effective,128,128000,b8c6c5380ee8a972,66e5782c653732f3,3,ood_composite,composite,2638,[14501],[14501],1,0.0,0.0,1.0,2638.0,1.0
development,145001,l1,4,1,6,scaled_effective,128,128000,b8c6c5380ee8a972,66e5782c653732f3,4,id_atomic,atomic,1024,[14501],[14501],1,1.0,1.0,1.0,768.0,0.75
development,145001,l1,4,1,6,scaled_effective,128,128000,b8c6c5380ee8a972,66e5782c653732f3,4,ood_atomic,atomic,1024,[14501],[14501],1,1.0,1.0,1.0,256.0,0.25
development,145001,l1,4,1,6,scaled_effective,128,128000,b8c6c5380ee8a972,66e5782c653732f3,4,test_composite,composite,1024,[14501],[14501],1,0.0,0.0,1.0,1024.0,1.0
development,145001,l1,4,1,6,scaled_effective,128,128000,b8c6c5380ee8a972,66e5782c653732f3,4,ood_composite,composite,2638,[14501],[14501],1,0.0,0.0,1.0,2638.0,1.0
development,145001,l1,4,1,6,scaled_effective,128,128000,b8c6c5380ee8a972,66e5782c653732f3,5,id_atomic,atomic,1024,[14501],[14501],1,1.0,1.0,1.0,768.0,0.75
development,145001,l1,4,1,6,scaled_effective,128,128000,b8c6c5380ee8a972,66e5782c653732f3,5,ood_atomic,atomic,1024,[14501],[14501],1,1.0,1.0,1.0,256.0,0.25
development,145001,l1,4,1,6,scaled_effective,128,128000,b8c6c5380ee8a972,66e5782c653732f3,5,test_composite,composite,1024,[14501],[14501],1,0.9990234375,0.9990234375,1.0,1024.0,1.0
development,145001,l1,4,1,6,scaled_effective,128,128000,b8c6c5380ee8a972,66e5782c653732f3,5,ood_composite,composite,2638,[14501],[14501],1,0.003032600454890068,0.003032600454890068,1.0,2638.0,1.0
development,145001,l1,4,1,6,scaled_effective,128,128000,b8c6c5380ee8a972,66e5782c653732f3,6,id_atomic,atomic,1024,[14501],[14501],1,1.0,1.0,1.0,768.0,0.75
development,145001,l1,4,1,6,scaled_effective,128,128000,b8c6c5380ee8a972,66e5782c653732f3,6,ood_atomic,atomic,1024,[14501],[14501],1,1.0,1.0,1.0,256.0,0.25
development,145001,l1,4,1,6,scaled_effective,128,128000,b8c6c5380ee8a972,66e5782c653732f3,6,test_composite,composite,1024,[14501],[14501],1,1.0,1.0,1.0,1024.0,1.0
development,145001,l1,4,1,6,scaled_effective,128,128000,b8c6c5380ee8a972,66e5782c653732f3,6,ood_composite,composite,2638,[14501],[14501],1,0.006065200909780136,0.006065200909780136,1.0,2638.0,1.0
development,145001,l1,4,1,6,scaled_effective,128,128000,b8c6c5380ee8a972,66e5782c653732f3,7,id_atomic,atomic,1024,[14501],[14501],1,1.0,1.0,1.0,768.0,0.75
development,145001,l1,4,1,6,scaled_effective,128,128000,b8c6c5380ee8a972,66e5782c653732f3,7,ood_atomic,atomic,1024,[14501],[14501],1,1.0,1.0,1.0,256.0,0.25
development,145001,l1,4,1,6,scaled_effective,128,128000,b8c6c5380ee8a972,66e5782c653732f3,7,test_composite,composite,1024,[14501],[14501],1,1.0,1.0,1.0,1024.0,1.0
development,145001,l1,4,1,6,scaled_effective,128,128000,b8c6c5380ee8a972,66e5782c653732f3,7,ood_composite,composite,2638,[14501],[14501],1,0.005686125852918878,0.005686125852918878,1.0,2638.0,1.0
development,145001,l1,4,1,6,scaled_effective,128,128000,b8c6c5380ee8a972,66e5782c653732f3,8,id_atomic,atomic,1024,[14501],[14501],1,1.0,1.0,1.0,768.0,0.75
development,145001,l1,4,1,6,scaled_effective,128,128000,b8c6c5380ee8a972,66e5782c653732f3,8,ood_atomic,atomic,1024,[14501],[14501],1,1.0,1.0,1.0,256.0,0.25
development,145001,l1,4,1,6,scaled_effective,128,128000,b8c6c5380ee8a972,66e5782c653732f3,8,test_composite,composite,1024,[14501],[14501],1,1.0,1.0,1.0,1024.0,1.0
development,145001,l1,4,1,6,scaled_effective,128,128000,b8c6c5380ee8a972,66e5782c653732f3,8,ood_composite,composite,2638,[14501],[14501],1,0.006823351023502654,0.006823351023502654,1.0,2638.0,1.0
development,145001,l2,4,2,3,scaled_effective,128,128000,d49177bf03453f8b,66e5782c653732f3,1,id_atomic,atomic,1024,[14501],[14501],1,1.0,0.6002604166666666,1.0,768.0,0.75
development,145001,l2,4,2,3,scaled_effective,128,128000,d49177bf03453f8b,66e5782c653732f3,1,ood_atomic,atomic,1024,[14501],[14501],1,0.6171875,0.30859375,1.0,256.0,0.25
development,145001,l2,4,2,3,scaled_effective,128,128000,d49177bf03453f8b,66e5782c653732f3,1,test_composite,composite,1024,[14501],[14501],1,0.0,0.0,1.0,1024.0,1.0
development,145001,l2,4,2,3,scaled_effective,128,128000,d49177bf03453f8b,66e5782c653732f3,1,ood_composite,composite,2638,[14501],[14501],1,0.0,0.0,1.0,2638.0,1.0
development,145001,l2,4,2,3,scaled_effective,128,128000,d49177bf03453f8b,66e5782c653732f3,2,id_atomic,atomic,1024,[14501],[14501],1,1.0,1.0,1.0,768.0,0.75
development,145001,l2,4,2,3,scaled_effective,128,128000,d49177bf03453f8b,66e5782c653732f3,2,ood_atomic,atomic,1024,[14501],[14501],1,1.0,1.0,1.0,256.0,0.25
development,145001,l2,4,2,3,scaled_effective,128,128000,d49177bf03453f8b,66e5782c653732f3,2,test_composite,composite,1024,[14501],[14501],1,0.0,0.0,1.0,1024.0,1.0
development,145001,l2,4,2,3,scaled_effective,128,128000,d49177bf03453f8b,66e5782c653732f3,2,ood_composite,composite,2638,[14501],[14501],1,0.0,0.0,1.0,2638.0,1.0
development,145001,l2,4,2,3,scaled_effective,128,128000,d49177bf03453f8b,66e5782c653732f3,3,id_atomic,atomic,1024,[14501],[14501],1,1.0,1.0,1.0,768.0,0.75
development,145001,l2,4,2,3,scaled_effective,128,128000,d49177bf03453f8b,66e5782c653732f3,3,ood_atomic,atomic,1024,[14501],[14501],1,1.0,1.0,1.0,256.0,0.25
development,145001,l2,4,2,3,scaled_effective,128,128000,d49177bf03453f8b,66e5782c653732f3,3,test_composite,composite,1024,[14501],[14501],1,1.0,1.0,1.0,1024.0,1.0
development,145001,l2,4,2,3,scaled_effective,128,128000,d49177bf03453f8b,66e5782c653732f3,3,ood_composite,composite,2638,[14501],[14501],1,0.006444275966641395,0.006444275966641395,1.0,2638.0,1.0
development,145001,l2,4,2,3,scaled_effective,128,128000,d49177bf03453f8b,66e5782c653732f3,4,id_atomic,atomic,1024,[14501],[14501],1,1.0,1.0,1.0,768.0,0.75
development,145001,l2,4,2,3,scaled_effective,128,128000,d49177bf03453f8b,66e5782c653732f3,4,ood_atomic,atomic,1024,[14501],[14501],1,1.0,1.0,1.0,256.0,0.25
development,145001,l2,4,2,3,scaled_effective,128,128000,d49177bf03453f8b,66e5782c653732f3,4,test_composite,composite,1024,[14501],[14501],1,1.0,1.0,1.0,1024.0,1.0
development,145001,l2,4,2,3,scaled_effective,128,128000,d49177bf03453f8b,66e5782c653732f3,4,ood_composite,composite,2638,[14501],[14501],1,0.0075815011372251705,0.0075815011372251705,1.0,2638.0,1.0
development,145001,l2,4,2,3,scaled_effective,128,128000,d49177bf03453f8b,66e5782c653732f3,5,id_atomic,atomic,1024,[14501],[14501],1,1.0,1.0,1.0,768.0,0.75
development,145001,l2,4,2,3,scaled_effective,128,128000,d49177bf03453f8b,66e5782c653732f3,5,ood_atomic,atomic,1024,[14501],[14501],1,1.0,1.0,1.0,256.0,0.25
development,145001,l2,4,2,3,scaled_effective,128,128000,d49177bf03453f8b,66e5782c653732f3,5,test_composite,composite,1024,[14501],[14501],1,0.984375,0.984375,1.0,1024.0,1.0
development,145001,l2,4,2,3,scaled_effective,128,128000,d49177bf03453f8b,66e5782c653732f3,5,ood_composite,composite,2638,[14501],[14501],1,0.009855951478392721,0.009855951478392721,1.0,2638.0,1.0
development,145001,l2,4,2,3,scaled_effective,128,128000,d49177bf03453f8b,66e5782c653732f3,6,id_atomic,atomic,1024,[14501],[14501],1,0.9986979166666666,0.9986979166666666,1.0,768.0,0.75
development,145001,l2,4,2,3,scaled_effective,128,128000,d49177bf03453f8b,66e5782c653732f3,6,ood_atomic,atomic,1024,[14501],[14501],1,1.0,1.0,1.0,256.0,0.25
development,145001,l2,4,2,3,scaled_effective,128,128000,d49177bf03453f8b,66e5782c653732f3,6,test_composite,composite,1024,[14501],[14501],1,0.923828125,0.923828125,1.0,1024.0,1.0
development,145001,l2,4,2,3,scaled_effective,128,128000,d49177bf03453f8b,66e5782c653732f3,6,ood_composite,composite,2638,[14501],[14501],1,0.01023502653525398,0.01023502653525398,1.0,2638.0,1.0
development,145001,l2,4,2,3,scaled_effective,128,128000,d49177bf03453f8b,66e5782c653732f3,7,id_atomic,atomic,1024,[14501],[14501],1,0.9830729166666666,0.9830729166666666,1.0,768.0,0.75
development,145001,l2,4,2,3,scaled_effective,128,128000,d49177bf03453f8b,66e5782c653732f3,7,ood_atomic,atomic,1024,[14501],[14501],1,1.0,1.0,1.0,256.0,0.25
development,145001,l2,4,2,3,scaled_effective,128,128000,d49177bf03453f8b,66e5782c653732f3,7,test_composite,composite,1024,[14501],[14501],1,0.818359375,0.818359375,1.0,1024.0,1.0
development,145001,l2,4,2,3,scaled_effective,128,128000,d49177bf03453f8b,66e5782c653732f3,7,ood_composite,composite,2638,[14501],[14501],1,0.011372251705837756,0.011372251705837756,1.0,2638.0,1.0
development,145001,l2,4,2,3,scaled_effective,128,128000,d49177bf03453f8b,66e5782c653732f3,8,id_atomic,atomic,1024,[14501],[14501],1,0.9583333333333334,0.9583333333333334,1.0,768.0,0.75
development,145001,l2,4,2,3,scaled_effective,128,128000,d49177bf03453f8b,66e5782c653732f3,8,ood_atomic,atomic,1024,[14501],[14501],1,1.0,1.0,1.0,256.0,0.25
development,145001,l2,4,2,3,scaled_effective,128,128000,d49177bf03453f8b,66e5782c653732f3,8,test_composite,composite,1024,[14501],[14501],1,0.7177734375,0.7177734375,1.0,1024.0,1.0
development,145001,l2,4,2,3,scaled_effective,128,128000,d49177bf03453f8b,66e5782c653732f3,8,ood_composite,composite,2638,[14501],[14501],1,0.012509476876421531,0.012509476876421531,1.0,2638.0,1.0
