seed,hidden_width,interface,atoms,chains,atomic_accuracy,first_hop_accuracy,clean_second_hop_accuracy,twohop_accuracy,mastered_chains,twohop_given_both_atoms,certified_chains,false_certificates,exact_expansion_max_error,mean_query_error,mean_feature_error,fit_and_evaluation_seconds
142901,128,raw,962,598,0.4625779625779626,0.4331103678929766,0.3879598662207358,0.20903010033444816,64,0.46875,0,0,5.273559366969494e-16,0.6212947404702125,0.7661307839452721,0.1065190130029805
142901,128,unit_norm,962,598,0.4625779625779626,0.4331103678929766,0.3879598662207358,0.1956521739130435,64,0.453125,0,0,9.315465065995454e-16,0.7270617416222307,0.9165496019201165,0.22913764300756156
142901,256,raw,962,598,0.817047817047817,0.7993311036789298,0.8277591973244147,0.31605351170568563,399,0.39849624060150374,0,0,5.30825383648903e-16,0.5609085932522554,0.7182253375589212,0.07156285003293306
142901,256,unit_norm,962,598,0.817047817047817,0.7993311036789298,0.8277591973244147,0.33277591973244147,399,0.41604010025062654,0,0,6.106226635438361e-16,0.6288401942223746,0.8266590778677203,0.18409314804011956
142901,512,raw,962,598,0.9864864864864865,0.9832775919732442,0.9949832775919732,0.6806020066889632,585,0.6888888888888889,0,0,9.43689570931383e-16,0.44704120820378723,0.593785998763115,0.09692135400837287
142901,512,unit_norm,962,598,0.9864864864864865,0.9832775919732442,0.9949832775919732,0.6939799331103679,585,0.7008547008547008,0,0,9.992007221626409e-16,0.472775584560256,0.6412071467561051,0.19770448602503166
142901,1024,raw,962,598,1.0,1.0,1.0,1.0,598,1.0,598,0,3.598832928712603e-15,0.00011902903466802157,0.00017010037999470008,0.138348723994568
142901,1024,unit_norm,962,598,1.0,1.0,1.0,1.0,598,1.0,598,0,3.792185139582342e-15,0.00011366401884797803,0.0001590553871086337,0.2863133780192584
142902,128,raw,962,598,0.4584199584199584,0.45484949832775917,0.41471571906354515,0.22240802675585283,102,0.39215686274509803,0,0,4.440892098500626e-16,0.6136429674876855,0.7707207781647878,0.05117887904634699
142902,128,unit_norm,962,598,0.4584199584199584,0.45484949832775917,0.41471571906354515,0.22240802675585283,102,0.45098039215686275,0,0,6.106226635438361e-16,0.7163526572393907,0.9222141521731756,0.20371642103418708
142902,256,raw,962,598,0.8295218295218295,0.8093645484949833,0.8478260869565217,0.3494983277591973,411,0.43552311435523117,0,0,6.661338147750939e-16,0.5605458163401766,0.7138686287635488,0.06598234799457714
142902,256,unit_norm,962,598,0.8295218295218295,0.8093645484949833,0.8478260869565217,0.38294314381270905,411,0.4744525547445255,0,0,8.326672684688674e-16,0.6278564825708592,0.8228247738652246,0.1940470230183564
142902,512,raw,962,598,0.9844074844074844,0.9816053511705686,0.9933110367892977,0.6722408026755853,583,0.6809605488850772,0,0,1.1587952819525071e-15,0.44879267051682353,0.5944070955506283,0.08826899802079424
142902,512,unit_norm,962,598,0.9844074844074844,0.9816053511705686,0.9933110367892977,0.7224080267558528,583,0.7324185248713551,0,0,1.1934897514720433e-15,0.4751995313034982,0.6438632399379411,0.20485161402029917
142902,1024,raw,962,598,1.0,1.0,1.0,1.0,598,1.0,598,0,3.926953163688185e-15,0.00012016332328038066,0.0001720393046454883,0.1289061229908839
142902,1024,unit_norm,962,598,1.0,1.0,1.0,1.0,598,1.0,598,0,4.098853418135762e-15,0.0001143322932663079,0.00016027434659475742,0.25919738301308826
142903,128,raw,962,598,0.46465696465696466,0.46153846153846156,0.4096989966555184,0.20066889632107024,103,0.39805825242718446,0,0,3.885780586188048e-16,0.6197115343875516,0.7936588296919234,0.049067042011301965
142903,128,unit_norm,962,598,0.46465696465696466,0.46153846153846156,0.4096989966555184,0.18896321070234115,103,0.42718446601941745,0,0,6.106226635438361e-16,0.7217698479164492,0.9475257485976335,0.1628237820114009
142903,256,raw,962,598,0.8087318087318087,0.794314381270903,0.8578595317725752,0.3060200668896321,417,0.35251798561151076,0,0,7.494005416219807e-16,0.5587748641114396,0.7155028572006683,0.07374853600049391
142903,256,unit_norm,962,598,0.8087318087318087,0.794314381270903,0.8578595317725752,0.32608695652173914,417,0.36930455635491605,0,0,7.563394355258879e-16,0.6243838572849698,0.8252907826725618,0.179161085980013
142903,512,raw,962,598,0.9875259875259875,0.9816053511705686,0.9983277591973244,0.7073578595317725,586,0.71160409556314,0,0,9.992007221626409e-16,0.44042233830181265,0.5925782447192334,0.0905040240031667
142903,512,unit_norm,962,598,0.9875259875259875,0.9816053511705686,0.9983277591973244,0.7123745819397993,586,0.7184300341296929,0,0,1.2212453270876722e-15,0.46535799627896796,0.637706374388945,0.21394406200852245
142903,1024,raw,962,598,1.0,1.0,1.0,1.0,598,1.0,598,0,5.085152134445825e-15,0.00014018422365410493,0.0002030478751363027,0.13474703097017482
142903,1024,unit_norm,962,598,1.0,1.0,1.0,1.0,598,1.0,598,0,4.6670837767354145e-15,0.00013359237502619305,0.00018919150995212844,0.26520668901503086
