model,dataset,split,condition,n,em,f1,alias_em,filtered_alias_em,mastered_n,conditional_em,alias_mastered_n,conditional_alias_em,cot_missing_final_marker
small,mquake,development,direct,16,0.0,0.0380952380952381,0.0,0.0,0,,0,,
small,mquake,development,first,16,0.0625,0.3041253885003885,0.0625,,0,,0,,
small,mquake,development,second_oracle,16,0.125,0.33964646464646464,0.1875,0.1875,0,,0,,
small,mquake,development,bridge_proposal,16,0.0,0.06360479797979798,0.0,,0,,0,,
small,mquake,development,self_bridge,16,0.0,0.03443627450980392,0.0,0.0,0,,0,,
small,mquake,development,oracle_bridge,16,0.0,0.04315996503496504,0.0,0.0,0,,0,,
small,mquake,development,scaffold_chain,16,0.1875,0.25361811391223155,0.1875,0.1875,0,,0,,
small,mquake,development,cot,16,0.0,0.04558134268621503,0.0,0.0,0,,0,,16
small,mquake,evaluation,direct,128,0.0234375,0.11160906980070583,0.03125,0.03125,4,0.25,6,0.16666666666666666,
small,mquake,evaluation,first,128,0.1484375,0.28943591131091134,0.2109375,,4,1.0,6,1.0,
small,mquake,evaluation,second_oracle,128,0.1328125,0.2862714759199134,0.1640625,0.1640625,4,1.0,6,1.0,
small,mquake,evaluation,bridge_proposal,128,0.0625,0.1108225331062986,0.0625,,4,0.5,6,0.3333333333333333,
small,mquake,evaluation,self_bridge,128,0.03125,0.11144239026372178,0.046875,0.046875,4,0.25,6,0.16666666666666666,
small,mquake,evaluation,oracle_bridge,128,0.0078125,0.09422751497889365,0.0078125,0.0078125,4,0.25,6,0.16666666666666666,
small,mquake,evaluation,scaffold_chain,128,0.140625,0.21094790294916066,0.140625,0.140625,4,1.0,6,1.0,
small,mquake,evaluation,cot,128,0.0078125,0.07111407859716208,0.0078125,0.0078125,4,0.0,6,0.0,128
small,2wiki,development,direct,16,0.125,0.21290584415584415,0.125,0.125,1,0.0,2,0.0,
small,2wiki,development,first,16,0.375,0.5772587244626718,0.375,,1,1.0,2,1.0,
small,2wiki,development,second_oracle,16,0.1875,0.32250781625781627,0.3125,0.1875,1,1.0,2,1.0,
small,2wiki,development,bridge_proposal,16,0.0625,0.08173076923076923,0.0625,,1,0.0,2,0.0,
small,2wiki,development,self_bridge,16,0.125,0.2773065476190476,0.1875,0.1875,1,0.0,2,0.0,
small,2wiki,development,oracle_bridge,16,0.0,0.11600656288156287,0.0,0.0,1,0.0,2,0.0,
small,2wiki,development,scaffold_chain,16,0.0625,0.11540242165242165,0.125,0.0625,1,1.0,2,1.0,
small,2wiki,development,cot,16,0.125,0.22971454221454224,0.1875,0.1875,1,1.0,2,0.5,16
small,2wiki,evaluation,direct,128,0.0546875,0.1322212107664652,0.0546875,0.0546875,8,0.125,8,0.125,
small,2wiki,evaluation,first,128,0.3828125,0.58604014315363,0.390625,,8,1.0,8,1.0,
small,2wiki,evaluation,second_oracle,128,0.1015625,0.2532888759148918,0.1171875,0.109375,8,1.0,8,1.0,
small,2wiki,evaluation,bridge_proposal,128,0.0625,0.15287258345535557,0.0625,,8,0.125,8,0.125,
small,2wiki,evaluation,self_bridge,128,0.1171875,0.17851356768635654,0.15625,0.1328125,8,0.125,8,0.125,
small,2wiki,evaluation,oracle_bridge,128,0.0,0.05523022473849679,0.0,0.0,8,0.0,8,0.0,
small,2wiki,evaluation,scaffold_chain,128,0.0859375,0.1821379329627201,0.09375,0.09375,8,1.0,8,1.0,
small,2wiki,evaluation,cot,128,0.0390625,0.11482843080141847,0.0390625,0.0390625,8,0.125,8,0.125,128
main,mquake,development,direct,16,0.0625,0.2555059523809524,0.25,0.25,2,0.5,2,1.0,
main,mquake,development,first,16,0.375,0.5935345904095903,0.4375,,2,1.0,2,1.0,
main,mquake,development,second_oracle,16,0.375,0.5020962732919254,0.4375,0.4375,2,1.0,2,1.0,
main,mquake,development,bridge_proposal,16,0.0,0.09166666666666667,0.0625,,2,0.0,2,0.0,
main,mquake,development,self_bridge,16,0.1875,0.2845238095238095,0.25,0.25,2,1.0,2,1.0,
main,mquake,development,oracle_bridge,16,0.25,0.38035714285714284,0.375,0.375,2,0.5,2,0.5,
main,mquake,development,scaffold_chain,16,0.1875,0.2720238095238095,0.1875,0.1875,2,1.0,2,1.0,
main,mquake,development,cot,16,0.125,0.23780726058539356,0.1875,0.1875,2,0.5,2,0.5,10
main,mquake,evaluation,direct,128,0.234375,0.3441645787965689,0.3125,0.3125,30,0.5333333333333333,39,0.5128205128205128,
main,mquake,evaluation,first,128,0.4609375,0.6132927438469907,0.6015625,,30,1.0,39,1.0,
main,mquake,evaluation,second_oracle,128,0.4609375,0.5661591197236977,0.5390625,0.5390625,30,1.0,39,1.0,
main,mquake,evaluation,bridge_proposal,128,0.203125,0.24635416666666668,0.2421875,,30,0.4,39,0.4358974358974359,
main,mquake,evaluation,self_bridge,128,0.2578125,0.3579967035619609,0.328125,0.328125,30,0.5333333333333333,39,0.5384615384615384,
main,mquake,evaluation,oracle_bridge,128,0.3359375,0.45867773719336224,0.4296875,0.4296875,30,0.6,39,0.6153846153846154,
main,mquake,evaluation,scaffold_chain,128,0.3671875,0.4515970065562457,0.4296875,0.4296875,30,1.0,39,0.9743589743589743,
main,mquake,evaluation,cot,128,0.1796875,0.26584492002355065,0.25,0.25,30,0.5,39,0.4358974358974359,80
main,2wiki,development,direct,16,0.5,0.6373015873015873,0.5625,0.5625,8,0.875,9,0.8888888888888888,
main,2wiki,development,first,16,0.875,0.925,0.875,,8,1.0,9,1.0,
main,2wiki,development,second_oracle,16,0.5625,0.7520833333333333,0.625,0.625,8,1.0,9,1.0,
main,2wiki,development,bridge_proposal,16,0.6875,0.76875,0.6875,,8,0.875,9,0.8888888888888888,
main,2wiki,development,self_bridge,16,0.5625,0.6794191919191919,0.625,0.625,8,0.875,9,0.8888888888888888,
main,2wiki,development,oracle_bridge,16,0.5,0.6724747474747474,0.5625,0.5625,8,0.875,9,0.8888888888888888,
main,2wiki,development,scaffold_chain,16,0.5625,0.7104166666666667,0.625,0.625,8,1.0,9,1.0,
main,2wiki,development,cot,16,0.625,0.7583333333333333,0.6875,0.6875,8,1.0,9,1.0,1
main,2wiki,evaluation,direct,128,0.28125,0.36541379193722945,0.3515625,0.3125,37,0.5675675675675675,47,0.6382978723404256,
main,2wiki,evaluation,first,128,0.7109375,0.8212794764880461,0.7265625,,37,1.0,47,1.0,
main,2wiki,evaluation,second_oracle,128,0.375,0.5102937937266981,0.46875,0.4296875,37,1.0,47,1.0,
main,2wiki,evaluation,bridge_proposal,128,0.6171875,0.6609521554834055,0.625,,37,0.7567567567567568,47,0.7659574468085106,
main,2wiki,evaluation,self_bridge,128,0.328125,0.41902623021249136,0.3984375,0.359375,37,0.7297297297297297,47,0.7659574468085106,
main,2wiki,evaluation,oracle_bridge,128,0.328125,0.43306846107057906,0.3984375,0.359375,37,0.7297297297297297,47,0.7872340425531915,
main,2wiki,evaluation,scaffold_chain,128,0.3515625,0.4720937867457209,0.4296875,0.390625,37,1.0,47,1.0,
main,2wiki,evaluation,cot,128,0.2265625,0.3486638251532198,0.3125,0.2578125,37,0.5405405405405406,47,0.6382978723404256,46
