world,seed,chain,group,person,cell,step,next_step,predicted_D,observed_D,delta_norm
0,0,0,29,829,aa,0,1,0.12061543450170539,0.12246417999267578,0.05119906738400459
0,0,0,29,829,aa,1,2,0.1233883313312432,0.1252889633178711,0.050536032766103745
0,0,0,29,829,aa,2,4,0.252001477559389,0.2598552703857422,0.10016011446714401
0,0,0,29,829,aa,4,8,0.553411450745892,0.5868644714355469,0.19681991636753082
0,0,0,29,829,aa,8,16,1.4903809441147,1.6085548400878906,0.35086768865585327
0,0,0,29,829,aa,16,32,3.5502858321150645,3.766477584838867,0.6480878591537476
0,0,0,29,829,aa,32,64,3.4370887782343074,3.308136463165283,0.5815607309341431
0,0,0,29,829,aa,64,128,0.185840689295787,0.10442972183227539,0.24090467393398285
0,0,0,29,829,aa,128,256,0.005357705104135357,-0.03537321090698242,0.17902317643165588
0,0,0,29,829,aa,256,512,-0.12000815889084515,-0.17130184173583984,0.21418756246566772
0,0,0,29,829,aa,512,1024,-0.2638657340778544,-0.33123111724853516,0.27193906903266907
0,0,0,29,829,ab,0,1,-0.1360582467521533,-0.1377420425415039,0.05119922012090683
0,0,0,29,829,ab,1,2,-0.13608922302852994,-0.13782882690429688,0.050508204847574234
0,0,0,29,829,ab,2,4,-0.27093906049660166,-0.2788057327270508,0.09995541721582413
0,0,0,29,829,ab,4,8,-0.5501022063524543,-0.5892820358276367,0.19285595417022705
0,0,0,29,829,ab,8,16,-1.0509135652442518,-1.1656913757324219,0.33007729053497314
0,0,0,29,829,ab,16,32,-0.4420890946768692,-0.035223960876464844,0.5934036374092102
0,0,0,29,829,ab,32,64,2.9067496708760876,3.828369140625,0.7779998779296875
0,0,0,29,829,ab,64,128,-0.1708371497405865,-0.1984701156616211,0.29994505643844604
0,0,0,29,829,ab,128,256,-0.2394787128659045,-0.2410144805908203,0.18925049901008606
0,0,0,29,829,ab,256,512,-0.3578010350009506,-0.36235523223876953,0.21919013559818268
0,0,0,29,829,ab,512,1024,-0.5544319062326379,-0.5526628494262695,0.27371159195899963
0,0,0,29,829,ba,0,1,-0.04616375802082562,-0.046108245849609375,0.05119916796684265
0,0,0,29,829,ba,1,2,-0.04479501346539419,-0.044709205627441406,0.05062999948859215
0,0,0,29,829,ba,2,4,-0.08491358672430105,-0.0847015380859375,0.10045844316482544
0,0,0,29,829,ba,4,8,-0.15276649683687427,-0.15532493591308594,0.19719888269901276
0,0,0,29,829,ba,8,16,-0.2485575332509069,-0.2789278030395508,0.3536337614059448
0,0,0,29,829,ba,16,32,-0.6069485505621683,-0.5211210250854492,0.6423686146736145
0,0,0,29,829,ba,32,64,-0.6776890615302711,-0.7768826484680176,0.5347275733947754
0,0,0,29,829,ba,64,128,-0.24406392146634426,-0.24160337448120117,0.19528327882289886
0,0,0,29,829,ba,128,256,-0.28149160009659313,-0.27582740783691406,0.16055868566036224
0,0,0,29,829,ba,256,512,-0.35036985980047763,-0.33907413482666016,0.19058674573898315
0,0,0,29,829,ba,512,1024,-0.3694679008016604,-0.34401941299438477,0.25022169947624207
0,0,0,29,829,bb,0,1,-0.23107676262132087,-0.23348236083984375,0.051199186593294144
0,0,0,29,829,bb,1,2,-0.23365236638086387,-0.23611068725585938,0.050572991371154785
0,0,0,29,829,bb,2,4,-0.47311112005434774,-0.48403358459472656,0.10001333802938461
0,0,0,29,829,bb,4,8,-0.9965421008761904,-1.0524024963378906,0.19440913200378418
0,0,0,29,829,bb,8,16,-2.268192810494869,-2.4653773307800293,0.34587007761001587
0,0,0,29,829,bb,16,32,-4.296402478821101,-4.284466743469238,0.5805780291557312
0,0,0,29,829,bb,32,64,-1.97257248364572,-1.9474210739135742,0.38352257013320923
0,0,0,29,829,bb,64,128,-0.27514126693304475,-0.24656963348388672,0.17665019631385803
0,0,0,29,829,bb,128,256,-0.26490553254800453,-0.24164772033691406,0.14882677793502808
0,0,0,29,829,bb,256,512,-0.29831758393959656,-0.26763153076171875,0.1784539371728897
0,0,0,29,829,bb,512,1024,-0.28678574499735615,-0.24869060516357422,0.23922662436962128
0,0,0,21,594,aa,0,1,0.1996615432317732,0.20682621002197266,0.051199398934841156
0,0,0,21,594,aa,1,2,0.2103326393399383,0.2159423828125,0.0504007488489151
0,0,0,21,594,aa,2,4,0.42627877954815174,0.4395418167114258,0.09927083551883698
0,0,0,21,594,aa,4,8,0.8537939642509609,0.8804740905761719,0.19185973703861237
0,0,0,21,594,aa,8,16,1.833528922251018,1.9186220169067383,0.33734238147735596
0,0,0,21,594,aa,16,32,2.721299513514916,2.6880130767822266,0.4790670871734619
0,0,0,21,594,aa,32,64,1.1706342895775017,1.1785430908203125,0.3348406255245209
0,0,0,21,594,aa,64,128,0.22003997700431926,0.21163177490234375,0.12925244867801666
0,0,0,21,594,aa,128,256,0.195024253562406,0.18235206604003906,0.1346752792596817
0,0,0,21,594,aa,256,512,0.18197894322798236,0.15976524353027344,0.15913227200508118
0,0,0,21,594,aa,512,1024,0.06853625296400223,0.03359222412109375,0.18774601817131042
0,0,0,21,594,ab,0,1,0.007068088516123672,0.009680747985839844,0.0511992983520031
0,0,0,21,594,ab,1,2,0.012925562522428158,0.013705253601074219,0.05031528323888779
0,0,0,21,594,ab,2,4,0.02093077399341081,0.014499664306640625,0.09924539178609848
0,0,0,21,594,ab,4,8,-0.06027269571421279,-0.10849475860595703,0.1918231099843979
0,0,0,21,594,ab,8,16,-0.564196056318492,-0.6488780975341797,0.342907577753067
0,0,0,21,594,ab,16,32,-1.1155067293262402,-1.0731325149536133,0.498725026845932
0,0,0,21,594,ab,32,64,-0.412042060606996,-0.2729167938232422,0.3789217472076416
0,0,0,21,594,ab,64,128,-0.4801206364478897,-0.47278404235839844,0.13587093353271484
0,0,0,21,594,ab,128,256,-0.5742124718037565,-0.5735225677490234,0.14597269892692566
0,0,0,21,594,ab,256,512,-0.5882151246036799,-0.5934982299804688,0.1735391467809677
0,0,0,21,594,ab,512,1024,-0.5326508946389207,-0.5345392227172852,0.19875235855579376
0,0,0,21,594,ba,0,1,0.11712011433392278,0.12284469604492188,0.05119923874735832
0,0,0,21,594,ba,1,2,0.1288393864003391,0.1333017349243164,0.05019771307706833
0,0,0,21,594,ba,2,4,0.2679307234371535,0.27808666229248047,0.09890978038311005
0,0,0,21,594,ba,4,8,0.5081997601635728,0.5233602523803711,0.19058343768119812
0,0,0,21,594,ba,8,16,0.7901167855652025,0.8424592018127441,0.3317246735095978
0,0,0,21,594,ba,16,32,-0.35204637055187504,-0.4292922019958496,0.48126107454299927
0,0,0,21,594,ba,32,64,-3.283778602227036,-3.2402782440185547,0.5644991993904114
0,0,0,21,594,ba,64,128,0.2653164652524964,0.2958364486694336,0.18926076591014862
0,0,0,21,594,ba,128,256,-0.1115966814533294,-0.11643791198730469,0.1532357633113861
0,0,0,21,594,ba,256,512,-0.1667518469077207,-0.1771984100341797,0.17494869232177734
0,0,0,21,594,ba,512,1024,-0.14493734960259957,-0.15296173095703125,0.1995491087436676
0,0,0,21,594,bb,0,1,-0.11137510967360859,-0.1102304458618164,0.05119917169213295
0,0,0,21,594,bb,1,2,-0.10637048605630772,-0.10695743560791016,0.050316475331783295
0,0,0,21,594,bb,2,4,-0.21148295639500092,-0.2222299575805664,0.09916011989116669
0,0,0,21,594,bb,4,8,-0.5421102556761745,-0.6095151901245117,0.19179333746433258
0,0,0,21,594,bb,8,16,-1.7563923341144845,-1.8196759223937988,0.33942922949790955
0,0,0,21,594,bb,16,32,-3.5386057842913345,-3.0518832206726074,0.504483699798584
0,0,0,21,594,bb,32,64,-2.401912786153214,-2.013441562652588,0.4500170350074768
0,0,0,21,594,bb,64,128,-0.3731513975373381,-0.3550553321838379,0.14423294365406036
0,0,0,21,594,bb,128,256,-0.4182665277006026,-0.4048285484313965,0.14206787943840027
0,0,0,21,594,bb,256,512,-0.5034667378806245,-0.49059057235717773,0.17362432181835175
0,0,0,21,594,bb,512,1024,-0.4879657790308901,-0.472928524017334,0.2105269432067871
0,0,0,13,240,aa,0,1,0.13528086302618264,0.1372203826904297,0.05119912326335907
0,0,0,13,240,aa,1,2,0.13544221838453557,0.13755416870117188,0.050470009446144104
0,0,0,13,240,aa,2,4,0.270642757436391,0.2792539596557617,0.10004373639822006
0,0,0,13,240,aa,4,8,0.5577412278516769,0.581303596496582,0.19839341938495636
0,0,0,13,240,aa,8,16,1.2540059586202799,1.2623825073242188,0.3833664357662201
0,0,0,13,240,aa,16,32,2.973598309266632,2.8982834815979004,0.6611787676811218
0,0,0,13,240,aa,32,64,2.6330098020670882,2.7265782356262207,0.5987507104873657
0,0,0,13,240,aa,64,128,0.6198338184513422,0.6136150360107422,0.2228473573923111
0,0,0,13,240,aa,128,256,0.5574282006492323,0.5571808815002441,0.1947115957736969
0,0,0,13,240,aa,256,512,0.5758784739122345,0.5773334503173828,0.20412306487560272
0,0,0,13,240,aa,512,1024,0.5896491630590922,0.5855412483215332,0.24978415668010712
0,0,0,13,240,ab,0,1,-0.07902498567040495,-0.08044815063476562,0.05119908228516579
0,0,0,13,240,ab,1,2,-0.08113755087906832,-0.08218955993652344,0.05037043243646622
0,0,0,13,240,ab,2,4,-0.16630205488215166,-0.17043113708496094,0.0997696965932846
0,0,0,13,240,ab,4,8,-0.35550590826578476,-0.3869314193725586,0.1970789134502411
0,0,0,13,240,ab,8,16,-0.8793773199184445,-1.084315299987793,0.3659503161907196
0,0,0,13,240,ab,16,32,-1.7874314466102899,-1.8447980880737305,0.6297810077667236
0,0,0,13,240,ab,32,64,1.476034839272724,2.2729992866516113,0.6934674382209778
0,0,0,13,240,ab,64,128,0.23873231894288888,0.3135247230529785,0.23561236262321472
0,0,0,13,240,ab,128,256,-0.12532144382873045,-0.12024879455566406,0.18856346607208252
0,0,0,13,240,ab,256,512,-0.14177771294580804,-0.14068365097045898,0.19478783011436462
0,0,0,13,240,ab,512,1024,-0.33032003599512055,-0.3336467742919922,0.2252790480852127
0,0,0,13,240,ba,0,1,0.017237777900993845,0.018732070922851562,0.05119903385639191
0,0,0,13,240,ba,1,2,0.018333524833565873,0.020021438598632812,0.050516724586486816
0,0,0,13,240,ba,2,4,0.03806587923883642,0.044928550720214844,0.10024148225784302
0,0,0,13,240,ba,4,8,0.0824472122451172,0.09920597076416016,0.1991831213235855
0,0,0,13,240,ba,8,16,0.16339060702732944,0.1442403793334961,0.3839503526687622
0,0,0,13,240,ba,16,32,0.013433770699267988,-0.16677188873291016,0.6717593669891357
0,0,0,13,240,ba,32,64,1.2758362945733466,1.5839180946350098,0.5697858333587646
0,0,0,13,240,ba,64,128,0.4144882402517728,0.4306802749633789,0.19483381509780884
0,0,0,13,240,ba,128,256,0.38988941516655623,0.40692806243896484,0.19099830090999603
0,0,0,13,240,ba,256,512,0.3500924314586113,0.3740959167480469,0.1942192018032074
0,0,0,13,240,ba,512,1024,0.33749022052541316,0.36588239669799805,0.2361653447151184
0,0,0,13,240,bb,0,1,-0.20049424138602884,-0.20248985290527344,0.05119916424155235
0,0,0,13,240,bb,1,2,-0.20258806539321977,-0.2042217254638672,0.050379373133182526
0,0,0,13,240,bb,2,4,-0.40862646716644196,-0.4143352508544922,0.09982248395681381
0,0,0,13,240,bb,4,8,-0.8454001621383791,-0.8777761459350586,0.1975802332162857
0,0,0,13,240,bb,8,16,-1.9000402106961287,-2.0948028564453125,0.37279537320137024
0,0,0,13,240,bb,16,32,-4.030947554612496,-3.9672799110412598,0.6317318081855774
0,0,0,13,240,bb,32,64,-1.940189243633084,-1.9245076179504395,0.42358678579330444
0,0,0,13,240,bb,64,128,-0.23766454449584692,-0.21609020233154297,0.2000543177127838
0,0,0,13,240,bb,128,256,-0.20981287488080558,-0.1876850128173828,0.20872284471988678
0,0,0,13,240,bb,256,512,-0.15935738191582127,-0.13170766830444336,0.20627117156982422
0,0,0,13,240,bb,512,1024,-0.195281484437124,-0.16650629043579102,0.22957606613636017
0,0,1,13,861,aa,0,1,0.2479967103056377,0.25173091888427734,0.05119903385639191
0,0,1,13,861,aa,1,2,0.25568184395054916,0.25959205627441406,0.05061203986406326
0,0,1,13,861,aa,2,4,0.527726703658868,0.5444145202636719,0.10048343241214752
0,0,1,13,861,aa,4,8,1.1298602702953915,1.205230712890625,0.1992712765932083
0,0,1,13,861,aa,8,16,2.6706775185902303,2.998922348022461,0.3959420621395111
0,0,1,13,861,aa,16,32,6.450614407873752,5.481813430786133,0.6517098546028137
0,0,1,13,861,aa,32,64,1.6759552188302238,1.2922286987304688,0.32417136430740356
0,0,1,13,861,aa,64,128,0.2631097648747002,0.2531747817993164,0.15969528257846832
0,0,1,13,861,aa,128,256,0.3694659845534702,0.3553481101989746,0.1705859750509262
0,0,1,13,861,aa,256,512,0.5614684823585429,0.5328383445739746,0.20593564212322235
0,0,1,13,861,aa,512,1024,0.7040344072021655,0.6594500541687012,0.2569758892059326
0,0,1,13,861,ab,0,1,-0.020661072963276295,-0.020638465881347656,0.05119908228516579
0,0,1,13,861,ab,1,2,-0.018444945637906385,-0.01839733123779297,0.050605446100234985
0,0,1,13,861,ab,2,4,-0.030251995543212895,-0.029900550842285156,0.1005379855632782
0,0,1,13,861,ab,4,8,-0.030646611995988948,-0.027780532836914062,0.19986659288406372
0,0,1,13,861,ab,8,16,0.09541011870562954,0.1171722412109375,0.3985028564929962
0,0,1,13,861,ab,16,32,-0.9688484546370848,-1.890172004699707,0.6786150932312012
0,0,1,13,861,ab,32,64,-2.984043944853214,-3.230304718017578,0.43749454617500305
0,0,1,13,861,ab,64,128,-0.12269089930848835,-0.12343025207519531,0.19552403688430786
0,0,1,13,861,ab,128,256,-0.32666876982655857,-0.3344459533691406,0.18533942103385925
0,0,1,13,861,ab,256,512,-0.5108429483829697,-0.5231819152832031,0.2225678563117981
0,0,1,13,861,ab,512,1024,-0.731856865074514,-0.7417211532592773,0.263157457113266
0,0,1,13,861,ba,0,1,0.06422279772088552,0.06545734405517578,0.05119903385639191
0,0,1,13,861,ba,1,2,0.06611227830709004,0.06736946105957031,0.05059489980340004
0,0,1,13,861,ba,2,4,0.13665824796725778,0.1419210433959961,0.10039647668600082
0,0,1,13,861,ba,4,8,0.29655983629573757,0.3208179473876953,0.19922374188899994
0,0,1,13,861,ba,8,16,0.7409823940378826,0.878138542175293,0.3978644013404846
0,0,1,13,861,ba,16,32,2.919398964239722,2.67128849029541,0.7258996963500977
0,0,1,13,861,ba,32,64,1.8488804346954426,1.5375394821166992,0.46214938163757324
0,0,1,13,861,ba,64,128,0.3505924622942151,0.33675146102905273,0.2000068724155426
0,0,1,13,861,ba,128,256,0.6297711409232328,0.6181240081787109,0.2043672800064087
0,0,1,13,861,ba,256,512,0.7992794442442737,0.783637523651123,0.24861282110214233
0,0,1,13,861,ba,512,1024,0.8840966680756002,0.8643941879272461,0.28886815905570984
0,0,1,13,861,bb,0,1,-0.1945014697273988,-0.19704914093017578,0.05119902640581131
0,0,1,13,861,bb,1,2,-0.19774505264278872,-0.20031166076660156,0.05062514916062355
0,0,1,13,861,bb,2,4,-0.4000397384430533,-0.4104185104370117,0.10057882964611053
0,0,1,13,861,bb,4,8,-0.8219949311139152,-0.8650016784667969,0.19980616867542267
0,0,1,13,861,bb,8,16,-1.7682531230629461,-1.9653234481811523,0.39952850341796875
0,0,1,13,861,bb,16,32,-4.237405577990984,-4.838826656341553,0.7169914841651917
0,0,1,13,861,bb,32,64,-2.4180258696141577,-2.2721734046936035,0.4067486524581909
0,0,1,13,861,bb,64,128,-0.3276726858461697,-0.32830810546875,0.17632614076137543
0,0,1,13,861,bb,128,256,-0.5194582794928694,-0.5167489051818848,0.18226011097431183
0,0,1,13,861,bb,256,512,-0.7835645113370173,-0.7745647430419922,0.22988419234752655
0,0,1,13,861,bb,512,1024,-1.0310995031557821,-1.0057005882263184,0.2715872824192047
0,0,1,8,1059,aa,0,1,0.2901487377260157,0.2956409454345703,0.05119921267032623
0,0,1,8,1059,aa,1,2,0.29789289211573844,0.30318450927734375,0.050597526133060455
0,0,1,8,1059,aa,2,4,0.6068463149192448,0.6264305114746094,0.100359246134758
0,0,1,8,1059,aa,4,8,1.2545098654977318,1.3127756118774414,0.19843725860118866
0,0,1,8,1059,aa,8,16,2.6458540883109825,2.7000489234924316,0.37621915340423584
0,0,1,8,1059,aa,16,32,4.232545749678212,3.9504828453063965,0.4967779815196991
0,0,1,8,1059,aa,32,64,1.3415028457014424,1.2921018600463867,0.2370663583278656
0,0,1,8,1059,aa,64,128,0.18892059351975155,0.18880224227905273,0.11792062222957611
0,0,1,8,1059,aa,128,256,0.26332282690305076,0.264528751373291,0.13541440665721893
0,0,1,8,1059,aa,256,512,0.3618482825600491,0.36104297637939453,0.17427295446395874
0,0,1,8,1059,aa,512,1024,0.5976765581993777,0.6037383079528809,0.21538963913917542
0,0,1,8,1059,ab,0,1,-0.07780837730684731,-0.07978439331054688,0.051199015229940414
0,0,1,8,1059,ab,1,2,-0.08242490260810892,-0.08459186553955078,0.050651438534259796
0,0,1,8,1059,ab,2,4,-0.17572361367101585,-0.18561649322509766,0.10052573680877686
0,0,1,8,1059,ab,4,8,-0.4055701585141531,-0.45229148864746094,0.1991766095161438
0,0,1,8,1059,ab,8,16,-1.003271203740371,-1.1052346229553223,0.38169002532958984
0,0,1,8,1059,ab,16,32,-1.3544620024092575,-1.1314549446105957,0.5114163756370544
0,0,1,8,1059,ab,32,64,-0.4675946654773949,-0.38769054412841797,0.23983044922351837
0,0,1,8,1059,ab,64,128,-0.4203958523831716,-0.4208831787109375,0.11885067075490952
0,0,1,8,1059,ab,128,256,-0.5731158711870686,-0.5765929222106934,0.12617765367031097
0,0,1,8,1059,ab,256,512,-0.6679878990040435,-0.6647372245788574,0.15438000857830048
0,0,1,8,1059,ab,512,1024,-0.7981493922688381,-0.7795352935791016,0.20404815673828125
0,0,1,8,1059,ba,0,1,0.08905557020888222,0.09384346008300781,0.05119924247264862
0,0,1,8,1059,ba,1,2,0.09691816158511035,0.10172653198242188,0.05059356614947319
0,0,1,8,1059,ba,2,4,0.20685875577107915,0.22581005096435547,0.10031145811080933
0,0,1,8,1059,ba,4,8,0.4647022603950175,0.5309381484985352,0.19847099483013153
0,0,1,8,1059,ba,8,16,1.0410719976876033,1.1339130401611328,0.36859482526779175
0,0,1,8,1059,ba,16,32,1.6103715062514334,1.5210256576538086,0.5629057884216309
0,0,1,8,1059,ba,32,64,0.7973652896547578,0.7952113151550293,0.32229679822921753
0,0,1,8,1059,ba,64,128,0.2791824590726498,0.29124021530151367,0.13010771572589874
0,0,1,8,1059,ba,128,256,0.4476241250073115,0.4691586494445801,0.13124294579029083
0,0,1,8,1059,ba,256,512,0.5637495503018324,0.590632438659668,0.1524810940027237
0,0,1,8,1059,ba,512,1024,0.5811853366396829,0.6015815734863281,0.19637805223464966
0,0,1,8,1059,bb,0,1,-0.2739386234640648,-0.2773122787475586,0.05119913071393967
0,0,1,8,1059,bb,1,2,-0.2817233432001315,-0.28510189056396484,0.05062354728579521
0,0,1,8,1059,bb,2,4,-0.5828664319235441,-0.5967016220092773,0.10044003278017044
0,0,1,8,1059,bb,4,8,-1.2554306561161355,-1.306950569152832,0.19874145090579987
0,0,1,8,1059,bb,8,16,-2.885264672560468,-2.8990354537963867,0.380297988653183
0,0,1,8,1059,bb,16,32,-3.3213343165825084,-2.7806968688964844,0.5059913396835327
0,0,1,8,1059,bb,32,64,-0.3753821350733061,-0.2969856262207031,0.31064170598983765
0,0,1,8,1059,bb,64,128,-0.5679531909385186,-0.5590400695800781,0.13441085815429688
0,0,1,8,1059,bb,128,256,-0.5550800118109313,-0.5484819412231445,0.1262723207473755
0,0,1,8,1059,bb,256,512,-0.5691334771139147,-0.5602350234985352,0.14953696727752686
0,0,1,8,1059,bb,512,1024,-0.6032627728672195,-0.5859031677246094,0.19362889230251312
0,0,1,1,1090,aa,0,1,0.28924070281379477,0.2941446304321289,0.05119931697845459
0,0,1,1,1090,aa,1,2,0.3001934722094308,0.30468273162841797,0.05059118568897247
0,0,1,1,1090,aa,2,4,0.6218101875188923,0.6360530853271484,0.10010675340890884
0,0,1,1,1090,aa,4,8,1.3263628128634912,1.3275322914123535,0.19624456763267517
0,0,1,1,1090,aa,8,16,2.790866444259472,2.5739731788635254,0.35338523983955383
0,0,1,1,1090,aa,16,32,3.4174041880326067,2.7145280838012695,0.5152385234832764
0,0,1,1,1090,aa,32,64,1.4504925173767833,1.2962918281555176,0.2914213240146637
0,0,1,1,1090,aa,64,128,0.3811400717077668,0.35616493225097656,0.15864022076129913
0,0,1,1,1090,aa,128,256,0.36070199119114843,0.33498191833496094,0.14001399278640747
0,0,1,1,1090,aa,256,512,0.39442069086874837,0.3563041687011719,0.16534645855426788
0,0,1,1,1090,aa,512,1024,0.4451651297201816,0.4005856513977051,0.21819917857646942
0,0,1,1,1090,ab,0,1,0.07732628200803793,0.07732391357421875,0.05119907855987549
0,0,1,1,1090,ab,1,2,0.0774088667993571,0.0769805908203125,0.05055300518870354
0,0,1,1,1090,ab,2,4,0.15455913816681766,0.14968109130859375,0.10010357201099396
0,0,1,1,1090,ab,4,8,0.29585385012094667,0.23578739166259766,0.19731079041957855
0,0,1,1,1090,ab,8,16,0.25754767403012924,-0.05264759063720703,0.357001930475235
0,0,1,1,1090,ab,16,32,-0.7227041401920289,-1.1207990646362305,0.5860915780067444
0,0,1,1,1090,ab,32,64,-2.8055809908217006,-3.637221336364746,0.5124989748001099
0,0,1,1,1090,ab,64,128,0.07977043861272229,0.09432792663574219,0.19872093200683594
0,0,1,1,1090,ab,128,256,0.021396525052779336,0.015193939208984375,0.16342459619045258
0,0,1,1,1090,ab,256,512,-0.01293904171407223,-0.03012847900390625,0.1909070909023285
0,0,1,1,1090,ab,512,1024,-0.05796403104284975,-0.08855438232421875,0.24239011108875275
0,0,1,1,1090,ba,0,1,0.1940895970962337,0.19782447814941406,0.05119911953806877
0,0,1,1,1090,ba,1,2,0.20289534353759725,0.2064189910888672,0.05055064707994461
0,0,1,1,1090,ba,2,4,0.42490057560982386,0.43698883056640625,0.09994161874055862
0,0,1,1,1090,ba,4,8,0.9290131850239951,0.9428753852844238,0.1956770420074463
0,0,1,1,1090,ba,8,16,1.950627091173291,1.8752565383911133,0.3464328348636627
0,0,1,1,1090,ba,16,32,1.1180061952569469,0.6455373764038086,0.5250943899154663
0,0,1,1,1090,ba,32,64,-1.0369220016885812,-1.7367558479309082,0.6001508235931396
0,0,1,1,1090,ba,64,128,0.8505063973379717,0.8187322616577148,0.22921068966388702
0,0,1,1,1090,ba,128,256,0.7999164548483435,0.7842350006103516,0.1714087277650833
0,0,1,1,1090,ba,256,512,0.8358349110265784,0.8158903121948242,0.19157454371452332
0,0,1,1,1090,ba,512,1024,0.9162612663197374,0.8915705680847168,0.23501670360565186
0,0,1,1,1090,bb,0,1,-0.05058691599058768,-0.05180835723876953,0.05119926854968071
0,0,1,1,1090,bb,1,2,-0.05253154926744735,-0.053969383239746094,0.050548095256090164
0,0,1,1,1090,bb,2,4,-0.10907557373086718,-0.11694908142089844,0.10013309121131897
0,0,1,1,1090,bb,4,8,-0.2580975636488456,-0.3195629119873047,0.19737693667411804
0,0,1,1,1090,bb,8,16,-1.0608708396830524,-1.315107822418213,0.3573746979236603
0,0,1,1,1090,bb,16,32,-3.2403179501658714,-3.589940071105957,0.6020766496658325
0,0,1,1,1090,bb,32,64,-2.810159727557425,-2.989532470703125,0.4974358081817627
0,0,1,1,1090,bb,64,128,-0.32300262327686946,-0.3166670799255371,0.2102949321269989
0,0,1,1,1090,bb,128,256,-0.3686994458811487,-0.3788108825683594,0.17417776584625244
0,0,1,1,1090,bb,256,512,-0.4005519355102388,-0.41850948333740234,0.20815126597881317
0,0,1,1,1090,bb,512,1024,-0.37039496338686695,-0.39304685592651367,0.25650086998939514
0,1,0,29,829,aa,0,1,0.208174353084341,0.20903682708740234,0.05119897425174713
0,1,0,29,829,aa,1,2,0.206756101675586,0.20748424530029297,0.05056608468294144
0,1,0,29,829,aa,2,4,0.41051334552358487,0.41269588470458984,0.10026226192712784
0,1,0,29,829,aa,4,8,0.8225548401900178,0.8249292373657227,0.19891729950904846
0,1,0,29,829,aa,8,16,1.7822687078744823,1.8266329765319824,0.36515310406684875
0,1,0,29,829,aa,16,32,3.450929806206819,3.7348780632019043,0.6339829564094543
0,1,0,29,829,aa,32,64,1.3342201353624747,1.3113303184509277,0.38020676374435425
0,1,0,29,829,aa,64,128,0.02590341736577495,0.01572704315185547,0.19260916113853455
0,1,0,29,829,aa,128,256,0.1312637998898177,0.12490558624267578,0.16543981432914734
0,1,0,29,829,aa,256,512,0.23188587844553485,0.2234334945678711,0.21107760071754456
0,1,0,29,829,aa,512,1024,0.18703885728193656,0.1716017723083496,0.27529820799827576
0,1,0,29,829,ab,0,1,-0.13984774209004125,-0.14081859588623047,0.05119903385639191
0,1,0,29,829,ab,1,2,-0.14285046507512145,-0.1433572769165039,0.05057619512081146
0,1,0,29,829,ab,2,4,-0.29166144361333257,-0.29109954833984375,0.10028302669525146
0,1,0,29,829,ab,4,8,-0.5924482198907493,-0.5696821212768555,0.19865655899047852
0,1,0,29,829,ab,8,16,-1.2857969448177244,-1.1414198875427246,0.36237668991088867
0,1,0,29,829,ab,16,32,-2.14903369182454,-1.6418852806091309,0.6592528223991394
0,1,0,29,829,ab,32,64,-0.956531115937906,-0.7953963279724121,0.46771594882011414
0,1,0,29,829,ab,64,128,-0.5034655916290404,-0.5051684379577637,0.22853854298591614
0,1,0,29,829,ab,128,256,-0.4458516187316306,-0.44332456588745117,0.1870199590921402
0,1,0,29,829,ab,256,512,-0.5592806207804721,-0.5522820949554443,0.22744236886501312
0,1,0,29,829,ab,512,1024,-0.7048372757915411,-0.6951982975006104,0.277555912733078
0,1,0,29,829,ba,0,1,0.027407779057944337,0.0276031494140625,0.051198821514844894
0,1,0,29,829,ba,1,2,0.026894288991440474,0.027170181274414062,0.05057781562209129
0,1,0,29,829,ba,2,4,0.05279762709186708,0.054396629333496094,0.10021841526031494
0,1,0,29,829,ba,4,8,0.10063174275566222,0.11060428619384766,0.1986985206604004
0,1,0,29,829,ba,8,16,0.14521556600428198,0.2231278419494629,0.36713525652885437
0,1,0,29,829,ba,16,32,-0.5741609616726011,-0.27283620834350586,0.6846650242805481
0,1,0,29,829,ba,32,64,0.40210323895919275,0.5251245498657227,0.45967572927474976
0,1,0,29,829,ba,64,128,0.46821081984690666,0.4913768768310547,0.22302454710006714
0,1,0,29,829,ba,128,256,0.09919880689648339,0.10235214233398438,0.18336963653564453
0,1,0,29,829,ba,256,512,0.12091827013601836,0.12337207794189453,0.22334742546081543
0,1,0,29,829,ba,512,1024,0.15350828927555787,0.15707969665527344,0.2764914631843567
0,1,0,29,829,bb,0,1,-0.3279985593250329,-0.3300504684448242,0.05119895190000534
0,1,0,29,829,bb,1,2,-0.32972711372962643,-0.33078765869140625,0.05061144009232521
0,1,0,29,829,bb,2,4,-0.6575004476266273,-0.6564850807189941,0.10050471127033234
0,1,0,29,829,bb,4,8,-1.2990279660367814,-1.2564826011657715,0.19966274499893188
0,1,0,29,829,bb,8,16,-2.772738583290818,-2.479116439819336,0.37211406230926514
0,1,0,29,829,bb,16,32,-5.029141706554555,-4.115017414093018,0.6371557712554932
0,1,0,29,829,bb,32,64,-1.2448978493045302,-1.1557331085205078,0.37783434987068176
0,1,0,29,829,bb,64,128,-0.24082117872560874,-0.23259902000427246,0.21643026173114777
0,1,0,29,829,bb,128,256,-0.36632620238814484,-0.3562591075897217,0.18413105607032776
0,1,0,29,829,bb,256,512,-0.38295711572869173,-0.365436315536499,0.22134529054164886
0,1,0,29,829,bb,512,1024,-0.3941899000265744,-0.37134242057800293,0.2685183882713318
0,1,0,21,594,aa,0,1,0.2703749924661151,0.2803831100463867,0.051199089735746384
0,1,0,21,594,aa,1,2,0.29085423222851214,0.3013486862182617,0.05075260251760483
0,1,0,21,594,aa,2,4,0.6247353378270887,0.6690940856933594,0.10086428374052048
0,1,0,21,594,aa,4,8,1.4542725983645317,1.6428098678588867,0.20030301809310913
0,1,0,21,594,aa,8,16,4.048467826080948,4.595571517944336,0.3948034644126892
0,1,0,21,594,aa,16,32,6.748649586580384,5.863848686218262,0.5410613417625427
0,1,0,21,594,aa,32,64,0.29129909440031965,0.2195429801940918,0.3282538652420044
0,1,0,21,594,aa,64,128,-0.08232125114911762,-0.09021663665771484,0.13037830591201782
0,1,0,21,594,aa,128,256,0.26874778734548793,0.26806640625,0.1276974081993103
0,1,0,21,594,aa,256,512,0.5656861772092595,0.5646495819091797,0.16368022561073303
0,1,0,21,594,aa,512,1024,0.7011347590928343,0.6923909187316895,0.226358100771904
0,1,0,21,594,ab,0,1,-0.13664344695105235,-0.1377849578857422,0.051198892295360565
0,1,0,21,594,ab,1,2,-0.14073826002465772,-0.14176177978515625,0.05068551003932953
0,1,0,21,594,ab,2,4,-0.29079627980884715,-0.294189453125,0.10069406032562256
0,1,0,21,594,ab,4,8,-0.6107215046778107,-0.6170177459716797,0.19999265670776367
0,1,0,21,594,ab,8,16,-1.1968958202989484,-1.1608328819274902,0.38886386156082153
0,1,0,21,594,ab,16,32,1.708589679646825,2.379335880279541,0.6047223210334778
0,1,0,21,594,ab,32,64,0.47066326845283835,0.5159759521484375,0.38037756085395813
0,1,0,21,594,ab,64,128,-0.5940356370405773,-0.6010446548461914,0.15535640716552734
0,1,0,21,594,ab,128,256,-0.3371638701354221,-0.3396272659301758,0.15614843368530273
0,1,0,21,594,ab,256,512,-0.2934696503011254,-0.2834587097167969,0.19673559069633484
0,1,0,21,594,ab,512,1024,-0.40325890865474234,-0.38857078552246094,0.2455248087644577
0,1,0,21,594,ba,0,1,-0.04675633611574881,-0.04520988464355469,0.05119883641600609
0,1,0,21,594,ba,1,2,-0.044008276807653235,-0.04226398468017578,0.05073578655719757
0,1,0,21,594,ba,2,4,-0.08222170803007012,-0.07422256469726562,0.10082986205816269
0,1,0,21,594,ba,4,8,-0.13902278548213687,-0.10210704803466797,0.20036134123802185
0,1,0,21,594,ba,8,16,-0.21862631890022044,-0.14723730087280273,0.3846752643585205
0,1,0,21,594,ba,16,32,2.6758522095558943,2.8875479698181152,0.5962022542953491
0,1,0,21,594,ba,32,64,2.9641286467906687,2.9610767364501953,0.3567269742488861
0,1,0,21,594,ba,64,128,-0.6047197454236488,-0.6399679183959961,0.18010753393173218
0,1,0,21,594,ba,128,256,0.11938172081014731,0.11963748931884766,0.16515493392944336
0,1,0,21,594,ba,256,512,0.32677647264000725,0.33499622344970703,0.20533299446105957
0,1,0,21,594,ba,512,1024,0.36150110810709984,0.36739063262939453,0.25295302271842957
0,1,0,21,594,bb,0,1,-0.38224186817882777,-0.38805103302001953,0.05119897052645683
0,1,0,21,594,bb,1,2,-0.3924297288447415,-0.3978729248046875,0.05072503909468651
0,1,0,21,594,bb,2,4,-0.8027720490249364,-0.8219833374023438,0.10079660266637802
0,1,0,21,594,bb,4,8,-1.6730689251013098,-1.7176570892333984,0.20026402175426483
0,1,0,21,594,bb,8,16,-3.540310818843902,-3.3689517974853516,0.38905349373817444
0,1,0,21,594,bb,16,32,-3.2041358760173226,-2.5718278884887695,0.47296416759490967
0,1,0,21,594,bb,32,64,-0.34509741361180407,-0.3127899169921875,0.24694178998470306
0,1,0,21,594,bb,64,128,-0.047630721941420706,-0.03793811798095703,0.1511833816766739
0,1,0,21,594,bb,128,256,-0.17538841870386088,-0.16844749450683594,0.1446968913078308
0,1,0,21,594,bb,256,512,-0.28108292329769063,-0.2673068046569824,0.1916191279888153
0,1,0,21,594,bb,512,1024,-0.3374206338692458,-0.31350040435791016,0.24552661180496216
0,1,0,13,240,aa,0,1,0.39356197695455225,0.39696788787841797,0.051199112087488174
0,1,0,13,240,aa,1,2,0.4025042879863828,0.40552330017089844,0.050436362624168396
0,1,0,13,240,aa,2,4,0.8257668791887391,0.8353300094604492,0.1002700924873352
0,1,0,13,240,aa,4,8,1.7343710899703342,1.741790771484375,0.20047864317893982
0,1,0,13,240,aa,8,16,3.714936206256121,3.3875904083251953,0.40365830063819885
0,1,0,13,240,aa,16,32,4.807923019117702,3.416653633117676,0.6165971159934998
0,1,0,13,240,aa,32,64,0.28337129445974374,0.2037041187286377,0.381339967250824
0,1,0,13,240,aa,64,128,0.1873654142071298,0.17624139785766602,0.19805976748466492
0,1,0,13,240,aa,128,256,0.29480512209029386,0.2835695743560791,0.18509434163570404
0,1,0,13,240,aa,256,512,0.32423569525744356,0.3075227737426758,0.21728454530239105
0,1,0,13,240,aa,512,1024,0.31654684393611526,0.29138684272766113,0.25669580698013306
0,1,0,13,240,ab,0,1,0.10325319353867168,0.10357666015625,0.05119890719652176
0,1,0,13,240,ab,1,2,0.10573277489671712,0.10585594177246094,0.05014009401202202
0,1,0,13,240,ab,2,4,0.21854756643975715,0.2178497314453125,0.09972787648439407
0,1,0,13,240,ab,4,8,0.4816305403427965,0.4680900573730469,0.19912487268447876
0,1,0,13,240,ab,8,16,1.2556687013057983,1.1147069931030273,0.40139350295066833
0,1,0,13,240,ab,16,32,2.210792355472276,1.6360821723937988,0.6944851875305176
0,1,0,13,240,ab,32,64,-3.4520448302816575,-4.215160369873047,0.6919812560081482
0,1,0,13,240,ab,64,128,-0.5533526121322858,-0.6142196655273438,0.30455759167671204
0,1,0,13,240,ab,128,256,0.04197390161371126,0.031856536865234375,0.24883794784545898
0,1,0,13,240,ab,256,512,0.044959314451642085,0.034422874450683594,0.26139721274375916
0,1,0,13,240,ab,512,1024,0.10183603738371699,0.09241962432861328,0.29432323575019836
0,1,0,13,240,ba,0,1,0.18860384443813882,0.19007110595703125,0.051198795437812805
0,1,0,13,240,ba,1,2,0.19351046789675364,0.19479942321777344,0.05024398863315582
0,1,0,13,240,ba,2,4,0.4014832802632923,0.4055137634277344,0.09986835718154907
0,1,0,13,240,ba,4,8,0.8755972575883622,0.8802347183227539,0.19926628470420837
0,1,0,13,240,ba,8,16,2.049947279479813,1.9301824569702148,0.4013729393482208
0,1,0,13,240,ba,16,32,3.231238265924122,2.2041077613830566,0.7218726277351379
0,1,0,13,240,ba,32,64,-0.3370190005573752,-0.5990948677062988,0.48933708667755127
0,1,0,13,240,ba,64,128,0.5262674059484076,0.50946044921875,0.2517028748989105
0,1,0,13,240,ba,128,256,0.43053100454902854,0.4209408760070801,0.23257791996002197
0,1,0,13,240,ba,256,512,0.44902987773027203,0.4394397735595703,0.2459038496017456
0,1,0,13,240,ba,512,1024,0.4604316417931518,0.44394540786743164,0.2781192362308502
0,1,0,13,240,bb,0,1,-0.1456653477998328,-0.14709854125976562,0.051198944449424744
0,1,0,13,240,bb,1,2,-0.1459161410657482,-0.14742565155029297,0.05024828761816025
0,1,0,13,240,bb,2,4,-0.29099872108744346,-0.2974576950073242,0.10003651678562164
0,1,0,13,240,bb,4,8,-0.5853227932096217,-0.6141529083251953,0.19993117451667786
0,1,0,13,240,bb,8,16,-1.221696398460328,-1.3352127075195312,0.40268442034721375
0,1,0,13,240,bb,16,32,-2.7095495661355553,-2.627530574798584,0.7227545976638794
0,1,0,13,240,bb,32,64,-1.9728482103386904,-2.1475987434387207,0.4754117429256439
0,1,0,13,240,bb,64,128,-0.3727771306412642,-0.3826289176940918,0.26207926869392395
0,1,0,13,240,bb,128,256,-0.29802593401859095,-0.3087315559387207,0.2382539063692093
0,1,0,13,240,bb,256,512,-0.22209123382565726,-0.2265458106994629,0.2543175220489502
0,1,0,13,240,bb,512,1024,-0.11006676904873668,-0.1066732406616211,0.29372522234916687
0,1,1,13,861,aa,0,1,0.16912468757949314,0.17244911193847656,0.051199089735746384
0,1,1,13,861,aa,1,2,0.17490422655578866,0.17868900299072266,0.05037221312522888
0,1,1,13,861,aa,2,4,0.3593660250359072,0.37697410583496094,0.09946482628583908
0,1,1,13,861,aa,4,8,0.7649408387921993,0.8439321517944336,0.19653980433940887
0,1,1,13,861,aa,8,16,1.908906288482925,2.144179344177246,0.35577794909477234
0,1,1,13,861,aa,16,32,4.137428102151341,4.998796463012695,0.5750773549079895
0,1,1,13,861,aa,32,64,1.9006879880942784,1.9052209854125977,0.2913643717765808
0,1,1,13,861,aa,64,128,-0.16541297276669273,-0.1808462142944336,0.15749257802963257
0,1,1,13,861,aa,128,256,-0.07048987114538768,-0.09233283996582031,0.17170283198356628
0,1,1,13,861,aa,256,512,0.18984530307214992,0.16883087158203125,0.19777148962020874
0,1,1,13,861,aa,512,1024,0.18357577071290487,0.1503586769104004,0.2582698464393616
0,1,1,13,861,ab,0,1,-0.11671134390258023,-0.12067222595214844,0.05119914188981056
0,1,1,13,861,ab,1,2,-0.12731968773523666,-0.13172531127929688,0.050438765436410904
0,1,1,13,861,ab,2,4,-0.2817315458481525,-0.30219554901123047,0.09993382543325424
0,1,1,13,861,ab,4,8,-0.6830340186131838,-0.7902383804321289,0.19831199944019318
0,1,1,13,861,ab,8,16,-1.7682496995003634,-2.2554454803466797,0.37428829073905945
0,1,1,13,861,ab,16,32,-1.1510375537208102,-0.10791206359863281,0.5693778991699219
0,1,1,13,861,ab,32,64,1.13343491369967,1.4933295249938965,0.3479239344596863
0,1,1,13,861,ab,64,128,-0.3452093386411254,-0.3273439407348633,0.16018572449684143
0,1,1,13,861,ab,128,256,-0.3128365553635278,-0.2914466857910156,0.16939455270767212
0,1,1,13,861,ab,256,512,-0.22597491692218075,-0.1869678497314453,0.2028408795595169
0,1,1,13,861,ab,512,1024,-0.2185955059804192,-0.1562361717224121,0.25445038080215454
0,1,1,13,861,ba,0,1,-0.02068753577660909,-0.01966571807861328,0.05119891092181206
0,1,1,13,861,ba,1,2,-0.01531555573913937,-0.014094352722167969,0.050319235771894455
0,1,1,13,861,ba,2,4,-0.017067406717461542,-0.011336326599121094,0.09934034943580627
0,1,1,13,861,ba,4,8,0.00881467608628217,0.02265167236328125,0.19570130109786987
0,1,1,13,861,ba,8,16,-0.09347261526121997,-0.10015201568603516,0.34934139251708984
0,1,1,13,861,ba,16,32,-1.3396504813852106,-1.7180356979370117,0.6353752613067627
0,1,1,13,861,ba,32,64,0.6290350475568416,0.8628692626953125,0.3983106315135956
0,1,1,13,861,ba,64,128,0.06424330057793204,0.07686614990234375,0.15576104819774628
0,1,1,13,861,ba,128,256,0.09296363703267208,0.10737419128417969,0.16673868894577026
0,1,1,13,861,ba,256,512,0.07602458107239674,0.10499429702758789,0.20641309022903442
0,1,1,13,861,ba,512,1024,0.04379565932159468,0.08649682998657227,0.2584336996078491
0,1,1,13,861,bb,0,1,-0.26237722040627,-0.2684011459350586,0.051199086010456085
0,1,1,13,861,bb,1,2,-0.2747277768201032,-0.2812471389770508,0.05040282756090164
0,1,1,13,861,bb,2,4,-0.5750804916340335,-0.6043119430541992,0.0997341051697731
0,1,1,13,861,bb,4,8,-1.269011491040357,-1.412796974182129,0.197636678814888
0,1,1,13,861,bb,8,16,-3.1478643167920914,-3.780702590942383,0.3756547272205353
0,1,1,13,861,bb,16,32,-5.754438945265919,-5.0674872398376465,0.5580763220787048
0,1,1,13,861,bb,32,64,-0.7641305963518528,-0.646019458770752,0.2905387282371521
0,1,1,13,861,bb,64,128,0.07971571766793561,0.10408401489257812,0.14126475155353546
0,1,1,13,861,bb,128,256,0.08901685902981343,0.1147613525390625,0.1607285439968109
0,1,1,13,861,bb,256,512,-0.03779340337877868,0.008844852447509766,0.20843055844306946
0,1,1,13,861,bb,512,1024,-0.209042753021781,-0.13213300704956055,0.25509682297706604
0,1,1,8,1059,aa,0,1,0.16367697800709108,0.17468547821044922,0.05119941383600235
0,1,1,8,1059,aa,1,2,0.1858649649988635,0.19729137420654297,0.0499066561460495
0,1,1,8,1059,aa,2,4,0.42121942010271063,0.4595813751220703,0.09522306174039841
0,1,1,8,1059,aa,4,8,0.9677505663075763,1.077876091003418,0.1674739122390747
0,1,1,8,1059,aa,8,16,2.1568585327741596,2.553680419921875,0.31865963339805603
0,1,1,8,1059,aa,16,32,4.06028957250825,4.34337043762207,0.4882027208805084
0,1,1,8,1059,aa,32,64,0.9085812558807169,0.8821797370910645,0.25056853890419006
0,1,1,8,1059,aa,64,128,-0.18128781559371865,-0.1985630989074707,0.1299242526292801
0,1,1,8,1059,aa,128,256,-0.261278082378801,-0.2928133010864258,0.16443583369255066
0,1,1,8,1059,aa,256,512,-0.3095253923905702,-0.3568873405456543,0.20768873393535614
0,1,1,8,1059,aa,512,1024,-0.3108673579442417,-0.35854387283325195,0.25501665472984314
0,1,1,8,1059,ab,0,1,0.046384049371144764,0.05359840393066406,0.05119922384619713
0,1,1,8,1059,ab,1,2,0.07041186454541459,0.07808113098144531,0.04980733245611191
0,1,1,8,1059,ab,2,4,0.1558416250033262,0.1752147674560547,0.09582359343767166
0,1,1,8,1059,ab,4,8,0.14518001300897154,0.14633846282958984,0.16668778657913208
0,1,1,8,1059,ab,8,16,-0.03668494885840845,-0.046774864196777344,0.3288644850254059
0,1,1,8,1059,ab,16,32,-0.4055376448623429,-0.39247798919677734,0.5826873779296875
0,1,1,8,1059,ab,32,64,-1.0262696556495874,-0.9581561088562012,0.39274296164512634
0,1,1,8,1059,ab,64,128,-0.07710802903646502,-0.06440925598144531,0.16965706646442413
0,1,1,8,1059,ab,128,256,-0.21043384527906395,-0.19630146026611328,0.19779691100120544
0,1,1,8,1059,ab,256,512,-0.22504185007764332,-0.20377159118652344,0.23343585431575775
0,1,1,8,1059,ab,512,1024,-0.19779922125878535,-0.1641678810119629,0.28556978702545166
0,1,1,8,1059,ba,0,1,0.10501091480314101,0.11524200439453125,0.05119932442903519
0,1,1,8,1059,ba,1,2,0.12485716741556802,0.13523292541503906,0.04993681609630585
0,1,1,8,1059,ba,2,4,0.2888820212927752,0.32057952880859375,0.09526952356100082
0,1,1,8,1059,ba,4,8,0.5741628715253999,0.6457300186157227,0.16534608602523804
0,1,1,8,1059,ba,8,16,0.9295268960816432,1.1148624420166016,0.31101471185684204
0,1,1,8,1059,ba,16,32,0.14054455214985673,-0.314115047454834,0.47892865538597107
0,1,1,8,1059,ba,32,64,-0.6368375712253966,-0.6936802864074707,0.26635289192199707
0,1,1,8,1059,ba,64,128,0.30598232856574487,0.3091464042663574,0.13621482253074646
0,1,1,8,1059,ba,128,256,0.10235577811606722,0.09467792510986328,0.16292336583137512
0,1,1,8,1059,ba,256,512,-0.07991497748892673,-0.09797954559326172,0.20551887154579163
0,1,1,8,1059,ba,512,1024,-0.14111719407575296,-0.1628713607788086,0.2602643370628357
0,1,1,8,1059,bb,0,1,-0.04062545855158234,-0.03618621826171875,0.051199186593294144
0,1,1,8,1059,bb,1,2,-0.022947425281384326,-0.01828765869140625,0.0497533455491066
0,1,1,8,1059,bb,2,4,-0.05861038028301746,-0.05305290222167969,0.0958978533744812
0,1,1,8,1059,bb,4,8,-0.4246707187485397,-0.47875404357910156,0.16898003220558167
0,1,1,8,1059,bb,8,16,-1.5838583278627718,-1.8046889305114746,0.33436769247055054
0,1,1,8,1059,bb,16,32,-2.994523476023998,-3.186580181121826,0.4884839951992035
0,1,1,8,1059,bb,32,64,-0.8686309355990844,-0.8409323692321777,0.2385765165090561
0,1,1,8,1059,bb,64,128,-0.013842904280654433,0.00010585784912109375,0.14750368893146515
0,1,1,8,1059,bb,128,256,-0.027688621915800238,-0.0098419189453125,0.17199790477752686
0,1,1,8,1059,bb,256,512,-0.12979685284148335,-0.10933732986450195,0.215316504240036
0,1,1,8,1059,bb,512,1024,-0.16738109397087153,-0.13842391967773438,0.2779065668582916
0,1,1,1,1090,aa,0,1,0.11195813476560945,0.11396026611328125,0.05119934305548668
0,1,1,1,1090,aa,1,2,0.1155893762698515,0.11758899688720703,0.05041305720806122
0,1,1,1,1090,aa,2,4,0.23634145900723813,0.24477386474609375,0.09997802972793579
0,1,1,1,1090,aa,4,8,0.497648281444238,0.5397396087646484,0.19725346565246582
0,1,1,1,1090,aa,8,16,1.4137861221492178,1.6180753707885742,0.33830782771110535
0,1,1,1,1090,aa,16,32,2.932885362922475,3.020951271057129,0.43802809715270996
0,1,1,1,1090,aa,32,64,1.0091470381944236,1.0131268501281738,0.2491176426410675
0,1,1,1,1090,aa,64,128,-0.020565936561740827,-0.03318071365356445,0.16598117351531982
0,1,1,1,1090,aa,128,256,0.09647073140267132,0.08812999725341797,0.15969215333461761
0,1,1,1,1090,aa,256,512,0.08479773027420562,0.07462596893310547,0.18726696074008942
0,1,1,1,1090,aa,512,1024,-0.036979371917171155,-0.05472373962402344,0.23432958126068115
0,1,1,1,1090,ab,0,1,-0.0006753474009427163,0.00010395050048828125,0.05119932070374489
0,1,1,1,1090,ab,1,2,0.0008830643215737011,0.0016946792602539062,0.05036420002579689
0,1,1,1,1090,ab,2,4,0.004773379697943447,0.008646011352539062,0.09984134137630463
0,1,1,1,1090,ab,4,8,0.03676610175418871,0.06168651580810547,0.1964702606201172
0,1,1,1,1090,ab,8,16,0.34275757880180935,0.4959893226623535,0.3255944550037384
0,1,1,1,1090,ab,16,32,0.6527204356737935,0.7221865653991699,0.48176270723342896
0,1,1,1,1090,ab,32,64,-0.7791361060835742,-0.9184083938598633,0.4454983174800873
0,1,1,1,1090,ab,64,128,-0.0657744475255716,-0.05460977554321289,0.19788935780525208
0,1,1,1,1090,ab,128,256,-0.022321168628352872,-0.01877450942993164,0.1776098906993866
0,1,1,1,1090,ab,256,512,-0.09119161732584424,-0.08766508102416992,0.20648588240146637
0,1,1,1,1090,ab,512,1024,-0.14897525207013407,-0.14596033096313477,0.2403523325920105
0,1,1,1,1090,ba,0,1,0.05536520247101223,0.056952476501464844,0.05119924619793892
0,1,1,1,1090,ba,1,2,0.0574472935460143,0.058976173400878906,0.050312407314777374
0,1,1,1,1090,ba,2,4,0.11724222529034634,0.1234598159790039,0.09965255856513977
0,1,1,1,1090,ba,4,8,0.2535569856998938,0.2830963134765625,0.1957683265209198
0,1,1,1,1090,ba,8,16,0.8141881423649537,0.967226505279541,0.33107930421829224
0,1,1,1,1090,ba,16,32,1.5176728095227725,1.5404233932495117,0.48744192719459534
0,1,1,1,1090,ba,32,64,0.1025190108597891,0.03577470779418945,0.40844011306762695
0,1,1,1,1090,ba,64,128,0.25904431725965493,0.2591114044189453,0.17908351123332977
0,1,1,1,1090,ba,128,256,0.15518084512462121,0.1494903564453125,0.17083656787872314
0,1,1,1,1090,ba,256,512,0.05090460224801813,0.0395817756652832,0.198726624250412
0,1,1,1,1090,ba,512,1024,-0.09372054060147705,-0.10899496078491211,0.2369849532842636
0,1,1,1,1090,bb,0,1,-0.06575500517949828,-0.06556510925292969,0.05119921639561653
0,1,1,1,1090,bb,1,2,-0.06251299059704374,-0.06239509582519531,0.050212085247039795
0,1,1,1,1090,bb,2,4,-0.11738175198524181,-0.11658668518066406,0.09957611560821533
0,1,1,1,1090,bb,4,8,-0.22480916684632102,-0.214691162109375,0.19560998678207397
0,1,1,1,1090,bb,8,16,-0.4997943315801985,-0.45348119735717773,0.321755588054657
0,1,1,1,1090,bb,16,32,-1.1963976330309758,-1.3424510955810547,0.508800208568573
0,1,1,1,1090,bb,32,64,-0.9721782752527104,-1.0374584197998047,0.42396992444992065
0,1,1,1,1090,bb,64,128,-0.023640123073943697,-0.006160736083984375,0.18454435467720032
0,1,1,1,1090,bb,128,256,-0.09724924711424399,-0.09015703201293945,0.1673101931810379
0,1,1,1,1090,bb,256,512,-0.10948678990920913,-0.102325439453125,0.19726839661598206
0,1,1,1,1090,bb,512,1024,-0.1412332914532527,-0.1296534538269043,0.23514100909233093
1,0,0,12,1838,aa,0,1,0.2188094097483086,0.22197341918945312,0.05119916424155235
1,0,0,12,1838,aa,1,2,0.22515928221539205,0.22844696044921875,0.050593629479408264
1,0,0,12,1838,aa,2,4,0.46353667591426084,0.4773683547973633,0.10035452991724014
1,0,0,12,1838,aa,4,8,0.9809683682025083,1.0403776168823242,0.19973786175251007
1,0,0,12,1838,aa,8,16,2.2105362432354405,2.4365100860595703,0.4009052515029907
1,0,0,12,1838,aa,16,32,4.409921871102428,4.274420738220215,0.5943357944488525
1,0,0,12,1838,aa,32,64,1.4008163167366714,1.284907341003418,0.33024051785469055
1,0,0,12,1838,aa,64,128,0.19254578566032618,0.17217540740966797,0.1657182276248932
1,0,0,12,1838,aa,128,256,0.2750188908546485,0.25104236602783203,0.15207773447036743
1,0,0,12,1838,aa,256,512,0.3624436146128041,0.3305530548095703,0.1874573826789856
1,0,0,12,1838,aa,512,1024,0.37837040809577915,0.3353595733642578,0.2340388149023056
1,0,0,12,1838,ab,0,1,-0.06267177322012352,-0.06348991394042969,0.05119911953806877
1,0,0,12,1838,ab,1,2,-0.06370428714145607,-0.06459426879882812,0.05044301971793175
1,0,0,12,1838,ab,2,4,-0.12949823304413266,-0.13351058959960938,0.09985341131687164
1,0,0,12,1838,ab,4,8,-0.27204396381205576,-0.2926759719848633,0.1988069862127304
1,0,0,12,1838,ab,8,16,-0.6594160162888865,-0.7952489852905273,0.39920440316200256
1,0,0,12,1838,ab,16,32,-2.9703528664161656,-4.020267963409424,0.6420202851295471
1,0,0,12,1838,ab,32,64,-2.3823093082964952,-2.4514083862304688,0.4471381902694702
1,0,0,12,1838,ab,64,128,0.1333192210013352,0.16301822662353516,0.1720658391714096
1,0,0,12,1838,ab,128,256,-0.38071582871495574,-0.37647533416748047,0.1428672969341278
1,0,0,12,1838,ab,256,512,-0.534857107356279,-0.5310916900634766,0.17405329644680023
1,0,0,12,1838,ab,512,1024,-0.6050452124309058,-0.5949349403381348,0.21788811683654785
1,0,0,12,1838,ba,0,1,0.03764665295594283,0.03814506530761719,0.051199160516262054
1,0,0,12,1838,ba,1,2,0.03736583064755672,0.03780364990234375,0.05059172958135605
1,0,0,12,1838,ba,2,4,0.07174926916242608,0.07312488555908203,0.10036109387874603
1,0,0,12,1838,ba,4,8,0.12537607399337247,0.12679100036621094,0.1994314342737198
1,0,0,12,1838,ba,8,16,0.1695706356266391,0.13494396209716797,0.3969307541847229
1,0,0,12,1838,ba,16,32,2.155718041613702,2.441887855529785,0.5978384017944336
1,0,0,12,1838,ba,32,64,2.914587204283318,2.8763599395751953,0.3837692141532898
1,0,0,12,1838,ba,64,128,0.1247785657121585,0.09650325775146484,0.15888558328151703
1,0,0,12,1838,ba,128,256,0.13393842225074182,0.10704374313354492,0.14559319615364075
1,0,0,12,1838,ba,256,512,0.2668906319403015,0.2385392189025879,0.1742674708366394
1,0,0,12,1838,ba,512,1024,0.33807252107514,0.30419301986694336,0.21337784826755524
1,0,0,12,1838,bb,0,1,-0.19951864660125576,-0.20238876342773438,0.05119912326335907
1,0,0,12,1838,bb,1,2,-0.2052535240268377,-0.20835304260253906,0.05054871365427971
1,0,0,12,1838,bb,2,4,-0.42268768144666213,-0.436492919921875,0.10017669945955276
1,0,0,12,1838,bb,4,8,-0.91060747874286,-0.979182243347168,0.1991703063249588
1,0,0,12,1838,bb,8,16,-2.2393719854407013,-2.6495866775512695,0.39860281348228455
1,0,0,12,1838,bb,16,32,-5.447679786456839,-6.228456497192383,0.5726813673973083
1,0,0,12,1838,bb,32,64,-2.1277428663960136,-1.9909839630126953,0.29584571719169617
1,0,0,12,1838,bb,64,128,-0.10209334623017136,-0.08560752868652344,0.1347087174654007
1,0,0,12,1838,bb,128,256,-0.2835910996473586,-0.2663583755493164,0.1337171196937561
1,0,0,12,1838,bb,256,512,-0.44188551391422426,-0.41937685012817383,0.16023410856723785
1,0,0,12,1838,bb,512,1024,-0.47177723925268433,-0.44080114364624023,0.19342762231826782
1,0,0,57,533,aa,0,1,0.18571338244118257,0.18539810180664062,0.05119902268052101
1,0,0,57,533,aa,1,2,0.18186971970465027,0.18134117126464844,0.04994361847639084
1,0,0,57,533,aa,2,4,0.35216848230575903,0.34926509857177734,0.0990346148610115
1,0,0,57,533,aa,4,8,0.6652898639107008,0.658961296081543,0.1959211677312851
1,0,0,57,533,aa,8,16,1.4067173945495661,1.552774429321289,0.3650602400302887
1,0,0,57,533,aa,16,32,3.3401061315593443,3.4777870178222656,0.5359705686569214
1,0,0,57,533,aa,32,64,1.6077041945104953,1.5173463821411133,0.3532559275627136
1,0,0,57,533,aa,64,128,0.019289105677669838,-0.02559661865234375,0.19133345782756805
1,0,0,57,533,aa,128,256,-0.00045749138091427666,-0.03566741943359375,0.1811143308877945
1,0,0,57,533,aa,256,512,-0.010963018893708543,-0.04353523254394531,0.20729495584964752
1,0,0,57,533,aa,512,1024,-0.1995067504015512,-0.23530197143554688,0.25453808903694153
1,0,0,57,533,ab,0,1,-0.12569257987626947,-0.1290416717529297,0.051199086010456085
1,0,0,57,533,ab,1,2,-0.1291144598179343,-0.1328105926513672,0.04980143904685974
1,0,0,57,533,ab,2,4,-0.2629845942603981,-0.27945709228515625,0.09872627258300781
1,0,0,57,533,ab,4,8,-0.5478329306845899,-0.6090536117553711,0.19570952653884888
1,0,0,57,533,ab,8,16,-1.1538652216506406,-1.2923622131347656,0.37426626682281494
1,0,0,57,533,ab,16,32,-2.146699558155804,-2.410048484802246,0.567546546459198
1,0,0,57,533,ab,32,64,-1.141581883508522,-1.1077947616577148,0.46037328243255615
1,0,0,57,533,ab,64,128,-0.07520524907690024,-0.057967185974121094,0.19120296835899353
1,0,0,57,533,ab,128,256,-0.35480694515161937,-0.3514094352722168,0.17611362040042877
1,0,0,57,533,ab,256,512,-0.5451288839616831,-0.544252872467041,0.19864746928215027
1,0,0,57,533,ab,512,1024,-0.7817922932222028,-0.7778186798095703,0.24509429931640625
1,0,0,57,533,ba,0,1,0.041279472481689894,0.03925800323486328,0.051199182868003845
1,0,0,57,533,ba,1,2,0.03944789563325932,0.03702735900878906,0.05004233866930008
1,0,0,57,533,ba,2,4,0.07760807331520336,0.0660409927368164,0.09890283644199371
1,0,0,57,533,ba,4,8,0.1450216209552695,0.0982666015625,0.19537532329559326
1,0,0,57,533,ba,8,16,0.40238102296062905,0.38106441497802734,0.35618409514427185
1,0,0,57,533,ba,16,32,1.1892730458954324,1.0447964668273926,0.5165801644325256
1,0,0,57,533,ba,32,64,0.2171856969209527,0.1892533302307129,0.4268493056297302
1,0,0,57,533,ba,64,128,-0.0614069289228274,-0.07375478744506836,0.18068090081214905
1,0,0,57,533,ba,128,256,-0.07173029695263755,-0.07882261276245117,0.1654796004295349
1,0,0,57,533,ba,256,512,-0.09573563228551829,-0.09985065460205078,0.18990422785282135
1,0,0,57,533,ba,512,1024,-0.0821424295333465,-0.08178234100341797,0.2311893254518509
1,0,0,57,533,bb,0,1,-0.2422445625648546,-0.24678421020507812,0.051199186593294144
1,0,0,57,533,bb,1,2,-0.24690846683193154,-0.2518043518066406,0.050016146153211594
1,0,0,57,533,bb,2,4,-0.5031127972557046,-0.5245361328125,0.09926787763834
1,0,0,57,533,bb,4,8,-1.0607098200735345,-1.148503303527832,0.1969217211008072
1,0,0,57,533,bb,8,16,-2.3551831968826886,-2.6266260147094727,0.3792591691017151
1,0,0,57,533,bb,16,32,-4.63864723092422,-4.581972122192383,0.5619590878486633
1,0,0,57,533,bb,32,64,-2.174654950329374,-1.9442529678344727,0.34528183937072754
1,0,0,57,533,bb,64,128,-0.20997752671322545,-0.18048954010009766,0.18082119524478912
1,0,0,57,533,bb,128,256,-0.2964861397498066,-0.27170276641845703,0.16417260468006134
1,0,0,57,533,bb,256,512,-0.40181909625094386,-0.37761974334716797,0.19103367626667023
1,0,0,57,533,bb,512,1024,-0.4670995540971107,-0.4435882568359375,0.23745425045490265
1,0,0,30,1387,aa,0,1,0.367102213571088,0.3711872100830078,0.051199235022068024
1,0,0,30,1387,aa,1,2,0.3765029052134554,0.38018798828125,0.05024080350995064
1,0,0,30,1387,aa,2,4,0.7714993908801018,0.7828550338745117,0.09986024349927902
1,0,0,30,1387,aa,4,8,1.6091099522491523,1.6151647567749023,0.19929608702659607
1,0,0,30,1387,aa,8,16,3.1185634654500882,2.816568374633789,0.382809579372406
1,0,0,30,1387,aa,16,32,3.1273603435708237,2.2811450958251953,0.5613920092582703
1,0,0,30,1387,aa,32,64,1.0960007268930845,1.0173351764678955,0.31983304023742676
1,0,0,30,1387,aa,64,128,0.34410935080280636,0.3251206874847412,0.19103267788887024
1,0,0,30,1387,aa,128,256,0.34379739470332626,0.33017683029174805,0.17045164108276367
1,0,0,30,1387,aa,256,512,0.336342897378188,0.3207883834838867,0.1990024596452713
1,0,0,30,1387,aa,512,1024,0.33285124938867344,0.3123812675476074,0.22596344351768494
1,0,0,30,1387,ab,0,1,0.10399496471479303,0.1044158935546875,0.05119897052645683
1,0,0,30,1387,ab,1,2,0.10585045453756187,0.1060028076171875,0.050080448389053345
1,0,0,30,1387,ab,2,4,0.21658726162326158,0.2156515121459961,0.09937606006860733
1,0,0,30,1387,ab,4,8,0.4451990245961659,0.4273490905761719,0.1980893909931183
1,0,0,30,1387,ab,8,16,0.8331464055277054,0.6817893981933594,0.3906381130218506
1,0,0,30,1387,ab,16,32,0.9434084273963173,0.6029067039489746,0.5531448125839233
1,0,0,30,1387,ab,32,64,-2.468177048753133,-3.294003963470459,0.6787920594215393
1,0,0,30,1387,ab,64,128,0.7076751466764194,0.7867565155029297,0.3229411244392395
1,0,0,30,1387,ab,128,256,0.3142482250401205,0.3335428237915039,0.203846275806427
1,0,0,30,1387,ab,256,512,0.40241164609031865,0.4214668273925781,0.20945259928703308
1,0,0,30,1387,ab,512,1024,0.427605614418871,0.4401082992553711,0.23210939764976501
1,0,0,30,1387,ba,0,1,0.2911977753472912,0.2953510284423828,0.05119926109910011
1,0,0,30,1387,ba,1,2,0.30183197522414806,0.3056211471557617,0.050413187593221664
1,0,0,30,1387,ba,2,4,0.6268868124686926,0.639470100402832,0.10014809668064117
1,0,0,30,1387,ba,4,8,1.3390376690385528,1.3610191345214844,0.1989884078502655
1,0,0,30,1387,ba,8,16,2.5045496150842945,2.35312557220459,0.37529081106185913
1,0,0,30,1387,ba,16,32,0.9358149839108911,0.4836249351501465,0.521963357925415
1,0,0,30,1387,ba,32,64,-0.5132768532794463,-0.8021945953369141,0.517027735710144
1,0,0,30,1387,ba,64,128,0.1832422166880071,0.1778392791748047,0.2083713561296463
1,0,0,30,1387,ba,128,256,0.46540003612827857,0.4695744514465332,0.18248485028743744
1,0,0,30,1387,ba,256,512,0.5863705588170035,0.5859169960021973,0.20897755026817322
1,0,0,30,1387,ba,512,1024,0.6723051833144061,0.6607675552368164,0.23529532551765442
1,0,0,30,1387,bb,0,1,-0.025136839571559433,-0.026052474975585938,0.05119917169213295
1,0,0,30,1387,bb,1,2,-0.026255384017827677,-0.027280807495117188,0.050237953662872314
1,0,0,30,1387,bb,2,4,-0.05304612172544021,-0.057702064514160156,0.09964912384748459
1,0,0,30,1387,bb,4,8,-0.12026344811113909,-0.14401721954345703,0.19795989990234375
1,0,0,30,1387,bb,8,16,-0.3590413077635155,-0.47438907623291016,0.3856232166290283
1,0,0,30,1387,bb,16,32,-1.2128094985680846,-1.3680400848388672,0.5297559499740601
1,0,0,30,1387,bb,32,64,-2.178860993845453,-2.4988908767700195,0.5310624241828918
1,0,0,30,1387,bb,64,128,-0.5301543567144296,-0.5547237396240234,0.22508065402507782
1,0,0,30,1387,bb,128,256,-0.27631384982107093,-0.28293895721435547,0.19931848347187042
1,0,0,30,1387,bb,256,512,-0.12547771932533858,-0.12762737274169922,0.22293998301029205
1,0,0,30,1387,bb,512,1024,0.07974876885200924,0.07648181915283203,0.25216493010520935
1,0,1,11,1859,aa,0,1,0.11222350225639344,0.11485671997070312,0.05119931325316429
1,0,1,11,1859,aa,1,2,0.1141853910188822,0.11693286895751953,0.050535719841718674
1,0,1,11,1859,aa,2,4,0.23357750453016313,0.24536514282226562,0.1000211164355278
1,0,1,11,1859,aa,4,8,0.55084290884046,0.6100864410400391,0.19329950213432312
1,0,1,11,1859,aa,8,16,1.7573537767363143,2.063227653503418,0.31240114569664
1,0,1,11,1859,aa,16,32,3.0098721161991016,3.3341617584228516,0.33537617325782776
1,0,1,11,1859,aa,32,64,1.0642228022988818,1.0677576065063477,0.12172151356935501
1,0,1,11,1859,aa,64,128,0.033182418804488634,0.030202865600585938,0.09987390786409378
1,0,1,11,1859,aa,128,256,0.13215746416925353,0.12957763671875,0.10597625374794006
1,0,1,11,1859,aa,256,512,0.26770430436707904,0.2644786834716797,0.14083507657051086
1,0,1,11,1859,aa,512,1024,0.34450698421899734,0.3396177291870117,0.17905773222446442
1,0,1,11,1859,ab,0,1,-0.07033092979064773,-0.07152366638183594,0.051199279725551605
1,0,1,11,1859,ab,1,2,-0.07140874179482037,-0.07262706756591797,0.05050094053149223
1,0,1,11,1859,ab,2,4,-0.14807435029074745,-0.15316200256347656,0.09990663081407547
1,0,1,11,1859,ab,4,8,-0.32146225631485104,-0.340484619140625,0.19312134385108948
1,0,1,11,1859,ab,8,16,-0.6309602880584242,-0.6450896263122559,0.30561530590057373
1,0,1,11,1859,ab,16,32,-1.53980244703909,-1.6736044883728027,0.39312419295310974
1,0,1,11,1859,ab,32,64,-0.7211929260548013,-0.741175651550293,0.16413095593452454
1,0,1,11,1859,ab,64,128,-0.015181405549497484,-0.011933326721191406,0.10743847489356995
1,0,1,11,1859,ab,128,256,-0.12266500881895742,-0.12064933776855469,0.11004883050918579
1,0,1,11,1859,ab,256,512,-0.2012173145879551,-0.2000112533569336,0.14268992841243744
1,0,1,11,1859,ab,512,1024,-0.15057181068364933,-0.14696311950683594,0.186605304479599
1,0,1,11,1859,ba,0,1,0.041377389239192874,0.042807579040527344,0.051199398934841156
1,0,1,11,1859,ba,1,2,0.04230153167613754,0.043852806091308594,0.05048434063792229
1,0,1,11,1859,ba,2,4,0.08546236196963608,0.09242439270019531,0.09966491907835007
1,0,1,11,1859,ba,4,8,0.20703461207062146,0.244842529296875,0.18954189121723175
1,0,1,11,1859,ba,8,16,0.952245377765087,1.1365671157836914,0.2931293249130249
1,0,1,11,1859,ba,16,32,2.1602210057719757,2.4379615783691406,0.36390045285224915
1,0,1,11,1859,ba,32,64,0.7570666264236299,0.7703795433044434,0.1590147763490677
1,0,1,11,1859,ba,64,128,-0.04061241701293572,-0.0404353141784668,0.11840486526489258
1,0,1,11,1859,ba,128,256,0.0877524433447226,0.0874338150024414,0.11774484813213348
1,0,1,11,1859,ba,256,512,0.2337616368736775,0.23563861846923828,0.14480151236057281
1,0,1,11,1859,ba,512,1024,0.3079091248130221,0.3106346130371094,0.17605309188365936
1,0,1,11,1859,bb,0,1,-0.15797246655401453,-0.15998363494873047,0.05119932442903519
1,0,1,11,1859,bb,1,2,-0.16148924176425913,-0.16348552703857422,0.050514817237854004
1,0,1,11,1859,bb,2,4,-0.3292656093862638,-0.3370199203491211,0.09989780187606812
1,0,1,11,1859,bb,4,8,-0.7011288709255843,-0.7294101715087891,0.19055992364883423
1,0,1,11,1859,bb,8,16,-1.5004998746132003,-1.569878101348877,0.29369214177131653
1,0,1,11,1859,bb,16,32,-2.0361903579235068,-2.1142945289611816,0.3687084913253784
1,0,1,11,1859,bb,32,64,-0.6738086710958722,-0.6755495071411133,0.1691797971725464
1,0,1,11,1859,bb,64,128,-0.08481843460672618,-0.0819234848022461,0.11829644441604614
1,0,1,11,1859,bb,128,256,-0.18989330732171295,-0.1888408660888672,0.11966641992330551
1,0,1,11,1859,bb,256,512,-0.2597001567012139,-0.26065731048583984,0.1477326899766922
1,0,1,11,1859,bb,512,1024,-0.2179397331622975,-0.21758460998535156,0.18721510469913483
1,0,1,44,752,aa,0,1,0.15107882499182923,0.1575174331665039,0.0511992909014225
1,0,1,44,752,aa,1,2,0.16419646958938838,0.17096233367919922,0.05059199780225754
1,0,1,44,752,aa,2,4,0.35431274003942637,0.38248443603515625,0.10039084404706955
1,0,1,44,752,aa,4,8,0.806281958492348,0.914607048034668,0.19836078584194183
1,0,1,44,752,aa,8,16,2.0704721046666483,2.272646903991699,0.3749053478240967
1,0,1,44,752,aa,16,32,3.0348258798910646,2.942664623260498,0.46485820412635803
1,0,1,44,752,aa,32,64,1.233097760034119,1.2259740829467773,0.23541070520877838
1,0,1,44,752,aa,64,128,0.37510912532883667,0.3762352466583252,0.14070720970630646
1,0,1,44,752,aa,128,256,0.40264491443745715,0.39571642875671387,0.15584030747413635
1,0,1,44,752,aa,256,512,0.4186555651525165,0.4011263847351074,0.17602919042110443
1,0,1,44,752,aa,512,1024,0.433067976227961,0.4126272201538086,0.21374183893203735
1,0,1,44,752,ab,0,1,-0.17137947936623155,-0.1745128631591797,0.05119919404387474
1,0,1,44,752,ab,1,2,-0.1784504300296481,-0.18150615692138672,0.05037249997258186
1,0,1,44,752,ab,2,4,-0.3719826283772343,-0.38356685638427734,0.09989194571971893
1,0,1,44,752,ab,4,8,-0.7926138701518868,-0.8203277587890625,0.19801346957683563
1,0,1,44,752,ab,8,16,-1.1016005911353588,-0.8426780700683594,0.364867240190506
1,0,1,44,752,ab,16,32,0.21227933819095135,0.6676225662231445,0.456415057182312
1,0,1,44,752,ab,32,64,-0.8506104077892052,-0.8027534484863281,0.28419744968414307
1,0,1,44,752,ab,64,128,-0.9680842362028055,-0.9578323364257812,0.15621218085289001
1,0,1,44,752,ab,128,256,-0.7932968085654328,-0.7723474502563477,0.15570469200611115
1,0,1,44,752,ab,256,512,-0.8549972914237175,-0.8251399993896484,0.16367107629776
1,0,1,44,752,ab,512,1024,-0.8660910655138396,-0.8236179351806641,0.20128130912780762
1,0,1,44,752,ba,0,1,0.016795398380405002,0.020887374877929688,0.05119921267032623
1,0,1,44,752,ba,1,2,0.02440984480646391,0.028820037841796875,0.05038111284375191
1,0,1,44,752,ba,2,4,0.06315438984512856,0.08207511901855469,0.09984461963176727
1,0,1,44,752,ba,4,8,0.1875968417817786,0.2701992988586426,0.19737063348293304
1,0,1,44,752,ba,8,16,0.7834426717923186,1.0761570930480957,0.37131327390670776
1,0,1,44,752,ba,16,32,0.6816749896660026,0.9423437118530273,0.5060809254646301
1,0,1,44,752,ba,32,64,-0.3639528180332998,-0.4835777282714844,0.531299352645874
1,0,1,44,752,ba,64,128,1.1618587288991844,1.2191009521484375,0.2385503649711609
1,0,1,44,752,ba,128,256,0.45970936190563283,0.45511817932128906,0.18583720922470093
1,0,1,44,752,ba,256,512,0.44507935463347054,0.4326744079589844,0.18658827245235443
1,0,1,44,752,ba,512,1024,0.4597799621910883,0.45281028747558594,0.21844711899757385
1,0,1,44,752,bb,0,1,-0.3174067035190612,-0.32318687438964844,0.05119916796684265
1,0,1,44,752,bb,1,2,-0.32555977001506875,-0.3312644958496094,0.05029263719916344
1,0,1,44,752,bb,2,4,-0.6633080856014053,-0.6844882965087891,0.09960247576236725
1,0,1,44,752,bb,4,8,-1.369838919740563,-1.4132752418518066,0.19718757271766663
1,0,1,44,752,bb,8,16,-2.411613179278807,-2.0380115509033203,0.35771629214286804
1,0,1,44,752,bb,16,32,-2.2654326994995317,-1.3983721733093262,0.49998679757118225
1,0,1,44,752,bb,32,64,-1.7709294298488578,-1.4847216606140137,0.35989776253700256
1,0,1,44,752,bb,64,128,-0.24296117103791054,-0.21524763107299805,0.17854119837284088
1,0,1,44,752,bb,128,256,-0.39045269974472385,-0.3665475845336914,0.1764257848262787
1,0,1,44,752,bb,256,512,-0.5639499036205144,-0.533475399017334,0.17153900861740112
1,0,1,44,752,bb,512,1024,-0.6272947515165461,-0.5890135765075684,0.20737627148628235
1,0,1,35,384,aa,0,1,0.29890723919519374,0.2964344024658203,0.05119915306568146
1,0,1,35,384,aa,1,2,0.2959425305286755,0.29308032989501953,0.05071290209889412
1,0,1,35,384,aa,2,4,0.5872163109510707,0.5738277435302734,0.10074605792760849
1,0,1,35,384,aa,4,8,1.1532788143917276,1.085646629333496,0.19980911910533905
1,0,1,35,384,aa,8,16,2.1965453370942,1.8809785842895508,0.38997286558151245
1,0,1,35,384,aa,16,32,2.016787935514183,1.5988435745239258,0.508438229560852
1,0,1,35,384,aa,32,64,0.17008130798044263,0.12827157974243164,0.2918348014354706
1,0,1,35,384,aa,64,128,-0.05270523687773271,-0.06479215621948242,0.14298295974731445
1,0,1,35,384,aa,128,256,0.001266632560593492,-0.01014566421508789,0.13613954186439514
1,0,1,35,384,aa,256,512,0.10808180550557595,0.09402036666870117,0.15823273360729218
1,0,1,35,384,aa,512,1024,0.2101476394178805,0.19338607788085938,0.1919313371181488
1,0,1,35,384,ab,0,1,-0.004532583860561434,-0.006623268127441406,0.051199041306972504
1,0,1,35,384,ab,1,2,-0.007246998903981672,-0.009411811828613281,0.05061691626906395
1,0,1,35,384,ab,2,4,-0.017698397853862513,-0.02674388885498047,0.10049022734165192
1,0,1,35,384,ab,4,8,-0.04921061717597297,-0.08843040466308594,0.1995936632156372
1,0,1,35,384,ab,8,16,-0.14335628477772344,-0.3195652961730957,0.3984023928642273
1,0,1,35,384,ab,16,32,-1.6629314880925303,-2.171067714691162,0.6217113137245178
1,0,1,35,384,ab,32,64,-1.9651065824915679,-2.1518945693969727,0.4064509868621826
1,0,1,35,384,ab,64,128,0.3691313967202873,0.3716545104980469,0.18419092893600464
1,0,1,35,384,ab,128,256,0.03854966999054399,0.034259796142578125,0.15377694368362427
1,0,1,35,384,ab,256,512,0.02119978725637804,0.01630115509033203,0.17582707107067108
1,0,1,35,384,ab,512,1024,0.04112814229720954,0.03727912902832031,0.20385046303272247
1,0,1,35,384,ba,0,1,0.1658323984344251,0.164154052734375,0.05119907110929489
1,0,1,35,384,ba,1,2,0.1638267116618991,0.16200733184814453,0.0506167896091938
1,0,1,35,384,ba,2,4,0.32651687127353013,0.31847667694091797,0.10041318088769913
1,0,1,35,384,ba,4,8,0.6460198561669859,0.6072845458984375,0.1989823579788208
1,0,1,35,384,ba,8,16,1.1585801554122774,0.9573459625244141,0.3933287560939789
1,0,1,35,384,ba,16,32,0.18247033731235618,-0.16451787948608398,0.4982180893421173
1,0,1,35,384,ba,32,64,-0.26801950488416215,-0.3000626564025879,0.23522846400737762
1,0,1,35,384,ba,64,128,0.04394373183095235,0.03485822677612305,0.14416128396987915
1,0,1,35,384,ba,128,256,0.17148901009167988,0.1640005111694336,0.133733868598938
1,0,1,35,384,ba,256,512,0.30186990478714193,0.29346704483032227,0.15656891465187073
1,0,1,35,384,ba,512,1024,0.38213315396622827,0.37270259857177734,0.19215719401836395
1,0,1,35,384,bb,0,1,-0.1558344597414679,-0.15869426727294922,0.051199156790971756
1,0,1,35,384,bb,1,2,-0.1623892028887109,-0.16532421112060547,0.05066483095288277
1,0,1,35,384,bb,2,4,-0.3406216805445588,-0.35274600982666016,0.10065046697854996
1,0,1,35,384,bb,4,8,-0.7636531856839119,-0.8157844543457031,0.20015263557434082
1,0,1,35,384,bb,8,16,-1.8197521779008303,-2.0428943634033203,0.3999313712120056
1,0,1,35,384,bb,16,32,-3.437782011975718,-3.849050521850586,0.558250367641449
1,0,1,35,384,bb,32,64,-1.168946579580232,-1.1995019912719727,0.2992370128631592
1,0,1,35,384,bb,64,128,0.13716494991477401,0.14115142822265625,0.1657232642173767
1,0,1,35,384,bb,128,256,0.09188239646644385,0.09468364715576172,0.14592532813549042
1,0,1,35,384,bb,256,512,0.055643821783095584,0.05914497375488281,0.16716216504573822
1,0,1,35,384,bb,512,1024,0.06817135889391673,0.0736532211303711,0.20190343260765076
1,1,0,12,1838,aa,0,1,0.10073278196549096,0.10185813903808594,0.05119892582297325
1,1,0,12,1838,aa,1,2,0.1013974776467721,0.1025857925415039,0.05073902755975723
1,1,0,12,1838,aa,2,4,0.20492049724420525,0.21015071868896484,0.10083787888288498
1,1,0,12,1838,aa,4,8,0.4315615249485656,0.4568357467651367,0.20080626010894775
1,1,0,12,1838,aa,8,16,1.061676461432974,1.185598373413086,0.40277233719825745
1,1,0,12,1838,aa,16,32,2.962174972224177,3.257176399230957,0.6446462273597717
1,1,0,12,1838,aa,32,64,2.02026217684643,2.1194372177124023,0.5615711808204651
1,1,0,12,1838,aa,64,128,0.3220355825053225,0.3274202346801758,0.27559250593185425
1,1,0,12,1838,aa,128,256,0.37252427800568877,0.38337135314941406,0.24522008001804352
1,1,0,12,1838,aa,256,512,0.34142094533987,0.3473634719848633,0.27443867921829224
1,1,0,12,1838,aa,512,1024,0.30486793765530396,0.30832624435424805,0.31291085481643677
1,1,0,12,1838,ab,0,1,-0.06170683115390929,-0.06200599670410156,0.05119911953806877
1,1,0,12,1838,ab,1,2,-0.06130304724007385,-0.06152153015136719,0.05080324783921242
1,1,0,12,1838,ab,2,4,-0.11992213505675786,-0.1202383041381836,0.10106491297483444
1,1,0,12,1838,ab,4,8,-0.22278089766708709,-0.21815776824951172,0.20119477808475494
1,1,0,12,1838,ab,8,16,-0.35460827809177653,-0.281827449798584,0.4005309045314789
1,1,0,12,1838,ab,16,32,-0.44007783344346496,-0.23365020751953125,0.6449794769287109
1,1,0,12,1838,ab,32,64,-1.4168663782093445,-1.372602939605713,0.6141788363456726
1,1,0,12,1838,ab,64,128,-0.2825950701793736,-0.26125240325927734,0.2993578612804413
1,1,0,12,1838,ab,128,256,-0.5634605926512566,-0.5685877799987793,0.2638276517391205
1,1,0,12,1838,ab,256,512,-0.5443564768447366,-0.5454006195068359,0.2852732837200165
1,1,0,12,1838,ab,512,1024,-0.5328969561305277,-0.5350584983825684,0.31017768383026123
1,1,0,12,1838,ba,0,1,-0.026304604349511762,-0.026571273803710938,0.05119897797703743
1,1,0,12,1838,ba,1,2,-0.02661507354567738,-0.026839256286621094,0.05075690895318985
1,1,0,12,1838,ba,2,4,-0.05382033676588516,-0.05436992645263672,0.1009492501616478
1,1,0,12,1838,ba,4,8,-0.10897273003734798,-0.10663986206054688,0.20082423090934753
1,1,0,12,1838,ba,8,16,-0.21528804492776743,-0.1663975715637207,0.40053683519363403
1,1,0,12,1838,ba,16,32,-0.051524012254374085,0.07980680465698242,0.64594566822052
1,1,0,12,1838,ba,32,64,2.0460584102797705,2.54097843170166,0.7474923133850098
1,1,0,12,1838,ba,64,128,-0.03712349089220862,-0.01607036590576172,0.3911843001842499
1,1,0,12,1838,ba,128,256,0.138955317675849,0.15578269958496094,0.2834526598453522
1,1,0,12,1838,ba,256,512,0.0957987381768228,0.1052093505859375,0.2920357584953308
1,1,0,12,1838,ba,512,1024,0.03485739694141357,0.03827095031738281,0.32031968235969543
1,1,0,12,1838,bb,0,1,-0.20428286876972823,-0.20550537109375,0.051199160516262054
1,1,0,12,1838,bb,1,2,-0.20676260907585098,-0.20787811279296875,0.050782106816768646
1,1,0,12,1838,bb,2,4,-0.4171855640178088,-0.4209413528442383,0.10105158388614655
1,1,0,12,1838,bb,4,8,-0.844479063769048,-0.8518571853637695,0.20126089453697205
1,1,0,12,1838,bb,8,16,-1.691026590797676,-1.640763282775879,0.40186721086502075
1,1,0,12,1838,bb,16,32,-3.0400525626428925,-2.816056251525879,0.6382021307945251
1,1,0,12,1838,bb,32,64,-1.240040048866221,-1.1471102237701416,0.48358801007270813
1,1,0,12,1838,bb,64,128,-0.3543686542621749,-0.3392598628997803,0.24562619626522064
1,1,0,12,1838,bb,128,256,-0.45750353851782727,-0.45252108573913574,0.254191517829895
1,1,0,12,1838,bb,256,512,-0.43649446484153986,-0.4234793186187744,0.28565526008605957
1,1,0,12,1838,bb,512,1024,-0.405407081113877,-0.3906562328338623,0.319942831993103
1,1,0,57,533,aa,0,1,0.18755190390109122,0.1893329620361328,0.05119883269071579
1,1,0,57,533,aa,1,2,0.19127163580680634,0.19328880310058594,0.05037049576640129
1,1,0,57,533,aa,2,4,0.3908905417521227,0.40042686462402344,0.09986984729766846
1,1,0,57,533,aa,4,8,0.8272451275031383,0.8757791519165039,0.19873058795928955
1,1,0,57,533,aa,8,16,1.8848120146158105,2.046142578125,0.3991202712059021
1,1,0,57,533,aa,16,32,3.785853925737232,3.4616947174072266,0.6863726377487183
1,1,0,57,533,aa,32,64,1.0650312792916599,0.9790349006652832,0.39716070890426636
1,1,0,57,533,aa,64,128,0.24134824893330692,0.19479894638061523,0.2641158998012543
1,1,0,57,533,aa,128,256,0.5439877112228213,0.5180239677429199,0.2044650763273239
1,1,0,57,533,aa,256,512,0.5690647009884894,0.5364651679992676,0.21873828768730164
1,1,0,57,533,aa,512,1024,0.4108562255766586,0.32181262969970703,0.2772991955280304
1,1,0,57,533,ab,0,1,-0.021834101671887984,-0.0242156982421875,0.05119886249303818
1,1,0,57,533,ab,1,2,-0.024317367203062434,-0.026887893676757812,0.05008721724152565
1,1,0,57,533,ab,2,4,-0.054640419470982415,-0.06600761413574219,0.09928275644779205
1,1,0,57,533,ab,4,8,-0.14196978919145242,-0.1953258514404297,0.19808806478977203
1,1,0,57,533,ab,8,16,-0.4509299406961089,-0.7080650329589844,0.39971303939819336
1,1,0,57,533,ab,16,32,-1.4204837051872268,-1.741887092590332,0.7288718223571777
1,1,0,57,533,ab,32,64,-1.2435101082716127,-1.5025858879089355,0.6154335737228394
1,1,0,57,533,ab,64,128,-0.16895975395131974,-0.1697854995727539,0.2981291115283966
1,1,0,57,533,ab,128,256,-0.020464531206125985,-0.007232666015625,0.23137041926383972
1,1,0,57,533,ab,256,512,0.024743548801702542,0.04056692123413086,0.24274085462093353
1,1,0,57,533,ab,512,1024,0.20813691793372024,0.24151372909545898,0.29974105954170227
1,1,0,57,533,ba,0,1,0.034433374694591234,0.034514427185058594,0.05119890719652176
1,1,0,57,533,ba,1,2,0.03621161489011676,0.036398887634277344,0.050143711268901825
1,1,0,57,533,ba,2,4,0.07794806527339582,0.07919979095458984,0.09928181022405624
1,1,0,57,533,ba,4,8,0.17879321900241596,0.1803112030029297,0.19765044748783112
1,1,0,57,533,ba,8,16,0.3653776668642452,0.25942230224609375,0.3984265923500061
1,1,0,57,533,ba,16,32,0.36240524671251606,0.30538177490234375,0.7246518731117249
1,1,0,57,533,ba,32,64,-0.09493623958324493,-0.45032167434692383,0.6781920194625854
1,1,0,57,533,ba,64,128,0.8625250606880968,0.8591172695159912,0.32239192724227905
1,1,0,57,533,ba,128,256,0.7772907571706471,0.7800002098083496,0.24001337587833405
1,1,0,57,533,ba,256,512,0.6783851014953639,0.6555767059326172,0.24476929008960724
1,1,0,57,533,ba,512,1024,0.5340784206291165,0.42672204971313477,0.2931831479072571
1,1,0,57,533,bb,0,1,-0.18612254815053225,-0.19008731842041016,0.05119893699884415
1,1,0,57,533,bb,1,2,-0.1914905318230483,-0.19571590423583984,0.05019974336028099
1,1,0,57,533,bb,2,4,-0.39355259289125216,-0.41193675994873047,0.09961791336536407
1,1,0,57,533,bb,4,8,-0.8382571188478024,-0.9245967864990234,0.1990589052438736
1,1,0,57,533,bb,8,16,-1.9453712443112479,-2.3373069763183594,0.40278297662734985
1,1,0,57,533,bb,16,32,-4.751907713928629,-4.6677422523498535,0.7250620722770691
1,1,0,57,533,bb,32,64,-2.4540205362801135,-2.477996587753296,0.5595914721488953
1,1,0,57,533,bb,64,128,-0.1658222639456113,-0.14375019073486328,0.30615946650505066
1,1,0,57,533,bb,128,256,-0.149880736738139,-0.13292622566223145,0.24171707034111023
1,1,0,57,533,bb,256,512,-0.2048936419704363,-0.1962883472442627,0.2513090670108795
1,1,0,57,533,bb,512,1024,-0.16857385130105884,-0.1596357822418213,0.3026658296585083
1,1,0,30,1387,aa,0,1,0.18953298137215166,0.1907033920288086,0.051198892295360565
1,1,0,30,1387,aa,1,2,0.19165671571743262,0.19272899627685547,0.050584930926561356
1,1,0,30,1387,aa,2,4,0.3881558485511607,0.39194202423095703,0.10051002353429794
1,1,0,30,1387,aa,4,8,0.7975294264256272,0.8082952499389648,0.20002269744873047
1,1,0,30,1387,aa,8,16,1.681491922638172,1.6909804344177246,0.3996954560279846
1,1,0,30,1387,aa,16,32,3.674190452253902,3.7003579139709473,0.7195221185684204
1,1,0,30,1387,aa,32,64,3.1982982223264274,3.283106803894043,0.5658095479011536
1,1,0,30,1387,aa,64,128,0.3716318980796035,0.3749971389770508,0.2865825891494751
1,1,0,30,1387,aa,128,256,0.41680987454279605,0.4207763671875,0.2516941726207733
1,1,0,30,1387,aa,256,512,0.46941338003195077,0.47609519958496094,0.2939074635505676
1,1,0,30,1387,aa,512,1024,0.4621718585244904,0.47147464752197266,0.34766629338264465
1,1,0,30,1387,ab,0,1,-0.10782871489594276,-0.1081705093383789,0.05119910463690758
1,1,0,30,1387,ab,1,2,-0.1085682651996091,-0.1088705062866211,0.050640832632780075
1,1,0,30,1387,ab,2,4,-0.21767177696779882,-0.21871471405029297,0.10069994628429413
1,1,0,30,1387,ab,4,8,-0.4351791843423183,-0.4379615783691406,0.20074458420276642
1,1,0,30,1387,ab,8,16,-0.8561272463387013,-0.8544411659240723,0.40120574831962585
1,1,0,30,1387,ab,16,32,-0.9333254717366337,-0.8525605201721191,0.6875410079956055
1,1,0,30,1387,ab,32,64,0.34511081104774277,0.48184823989868164,0.5524044036865234
1,1,0,30,1387,ab,64,128,-0.600270719428223,-0.6122193336486816,0.25645092129707336
1,1,0,30,1387,ab,128,256,-0.4209402473454727,-0.42479515075683594,0.23099251091480255
1,1,0,30,1387,ab,256,512,-0.4060110425646837,-0.40581369400024414,0.27918487787246704
1,1,0,30,1387,ab,512,1024,-0.4211559175268153,-0.41623449325561523,0.35005712509155273
1,1,0,30,1387,ba,0,1,0.04697901524764825,0.04795646667480469,0.05119885504245758
1,1,0,30,1387,ba,1,2,0.04784484485613838,0.04877471923828125,0.050580039620399475
1,1,0,30,1387,ba,2,4,0.09621224541859263,0.09968280792236328,0.10050845146179199
1,1,0,30,1387,ba,4,8,0.1951104206802996,0.20661449432373047,0.2003099024295807
1,1,0,30,1387,ba,8,16,0.4167957910506286,0.4412260055541992,0.40196692943573
1,1,0,30,1387,ba,16,32,1.2360601789193426,1.2738862037658691,0.6843078136444092
1,1,0,30,1387,ba,32,64,4.431442114909367,4.81341028213501,0.7084671258926392
1,1,0,30,1387,ba,64,128,0.4598783538535606,0.47612762451171875,0.30310171842575073
1,1,0,30,1387,ba,128,256,0.41777956736021793,0.42741870880126953,0.2477618008852005
1,1,0,30,1387,ba,256,512,0.49878580197481737,0.5088911056518555,0.281484991312027
1,1,0,30,1387,ba,512,1024,0.4669078259951845,0.4764385223388672,0.3515465259552002
1,1,0,30,1387,bb,0,1,-0.2090038147106522,-0.2104043960571289,0.0511990562081337
1,1,0,30,1387,bb,1,2,-0.2103486944210333,-0.2117156982421875,0.05072377622127533
1,1,0,30,1387,bb,2,4,-0.4228954814590625,-0.42824268341064453,0.10091938823461533
1,1,0,30,1387,bb,4,8,-0.8672431035551518,-0.8882369995117188,0.20121300220489502
1,1,0,30,1387,bb,8,16,-1.8605096592385808,-1.9434967041015625,0.4020073413848877
1,1,0,30,1387,bb,16,32,-3.1959073392543904,-3.3472728729248047,0.628646194934845
1,1,0,30,1387,bb,32,64,-1.0249091316380439,-1.0085468292236328,0.375754177570343
1,1,0,30,1387,bb,64,128,-0.15116332582112593,-0.14502716064453125,0.21037280559539795
1,1,0,30,1387,bb,128,256,-0.34286546495415976,-0.3401145935058594,0.1965661197900772
1,1,0,30,1387,bb,256,512,-0.4744692087347739,-0.4689502716064453,0.25618597865104675
1,1,0,30,1387,bb,512,1024,-0.4634552337165906,-0.4530458450317383,0.33519402146339417
1,1,1,11,1859,aa,0,1,0.2237210831845618,0.22800731658935547,0.05119910463690758
1,1,1,11,1859,aa,1,2,0.23177306489284916,0.2360544204711914,0.05034705251455307
1,1,1,11,1859,aa,2,4,0.4870118609898443,0.5036563873291016,0.09876391291618347
1,1,1,11,1859,aa,4,8,1.1018217189463333,1.163142204284668,0.1833217740058899
1,1,1,11,1859,aa,8,16,2.548452832983105,2.825829029083252,0.34338638186454773
1,1,1,11,1859,aa,16,32,4.386473741136486,4.557079315185547,0.5681576728820801
1,1,1,11,1859,aa,32,64,1.3396527705541774,1.3184895515441895,0.29229095578193665
1,1,1,11,1859,aa,64,128,-0.042801650425634774,-0.06374597549438477,0.16866324841976166
1,1,1,11,1859,aa,128,256,-0.03272568635217199,-0.05074024200439453,0.15992915630340576
1,1,1,11,1859,aa,256,512,0.19640971405947644,0.18242740631103516,0.18824583292007446
1,1,1,11,1859,aa,512,1024,0.34320786500736156,0.33042478561401367,0.24955575168132782
1,1,1,11,1859,ab,0,1,-0.05439157633255315,-0.05396556854248047,0.05119920149445534
1,1,1,11,1859,ab,1,2,-0.05065398868907239,-0.050065040588378906,0.05032811686396599
1,1,1,11,1859,ab,2,4,-0.09892075128629796,-0.09656333923339844,0.09861552715301514
1,1,1,11,1859,ab,4,8,-0.27038241428123677,-0.2738227844238281,0.18123529851436615
1,1,1,11,1859,ab,8,16,-0.5060342105345574,-0.504509449005127,0.33386659622192383
1,1,1,11,1859,ab,16,32,1.4884837744406099,2.1717190742492676,0.6012951731681824
1,1,1,11,1859,ab,32,64,-0.12696857926447436,-0.15981483459472656,0.3072481155395508
1,1,1,11,1859,ab,64,128,-1.0782224183922866,-1.107015609741211,0.1858680099248886
1,1,1,11,1859,ab,128,256,-0.7545901067680304,-0.7699284553527832,0.1604151427745819
1,1,1,11,1859,ab,256,512,-0.6276061400048356,-0.6468362808227539,0.18990693986415863
1,1,1,11,1859,ab,512,1024,-0.6167378114782788,-0.6358346939086914,0.25146740674972534
1,1,1,11,1859,ba,0,1,0.10181887944690937,0.1054677963256836,0.051199257373809814
1,1,1,11,1859,ba,1,2,0.10695079992657758,0.1106109619140625,0.05026137828826904
1,1,1,11,1859,ba,2,4,0.23431682526766318,0.2490682601928711,0.09812237322330475
1,1,1,11,1859,ba,4,8,0.5494145578302536,0.6024074554443359,0.17927086353302002
1,1,1,11,1859,ba,8,16,1.2643276742115002,1.4935646057128906,0.33037200570106506
1,1,1,11,1859,ba,16,32,1.1943630754872991,1.2198972702026367,0.6130130290985107
1,1,1,11,1859,ba,32,64,0.016797814274311484,-0.21628522872924805,0.5816286206245422
1,1,1,11,1859,ba,64,128,0.841756597308137,0.8486771583557129,0.22677764296531677
1,1,1,11,1859,ba,128,256,0.2067845945219788,0.18873119354248047,0.18567654490470886
1,1,1,11,1859,ba,256,512,0.2809847736678819,0.26053333282470703,0.22072318196296692
1,1,1,11,1859,ba,512,1024,0.3396810870880902,0.3170156478881836,0.2763335406780243
1,1,1,11,1859,bb,0,1,-0.20123633143853648,-0.20270442962646484,0.05119930952787399
1,1,1,11,1859,bb,1,2,-0.20000597872521875,-0.201385498046875,0.050369687378406525
1,1,1,11,1859,bb,2,4,-0.4124171941715917,-0.4190053939819336,0.09884124249219894
1,1,1,11,1859,bb,4,8,-0.9673408183252443,-1.0127372741699219,0.18493926525115967
1,1,1,11,1859,bb,8,16,-2.2358465434441994,-2.4321117401123047,0.33091893792152405
1,1,1,11,1859,bb,16,32,-3.7961429482479483,-3.8174333572387695,0.6068804860115051
1,1,1,11,1859,bb,32,64,-1.6096953741738629,-1.4979972839355469,0.4950603246688843
1,1,1,11,1859,bb,64,128,0.0027902929281982125,0.033211708068847656,0.2011614292860031
1,1,1,11,1859,bb,128,256,-0.15654850079298105,-0.14174365997314453,0.17960378527641296
1,1,1,11,1859,bb,256,512,-0.30289216995878476,-0.28518199920654297,0.22623878717422485
1,1,1,11,1859,bb,512,1024,-0.4284139548977899,-0.4065127372741699,0.2879461944103241
1,1,1,44,752,aa,0,1,0.2040568601149579,0.20654296875,0.05119910091161728
1,1,1,44,752,aa,1,2,0.20732832094440984,0.20979881286621094,0.050593193620443344
1,1,1,44,752,aa,2,4,0.4161906344505747,0.42587852478027344,0.10045357048511505
1,1,1,44,752,aa,4,8,0.8559833743814975,0.8886566162109375,0.19621211290359497
1,1,1,44,752,aa,8,16,1.9709518543913123,2.00266695022583,0.34474143385887146
1,1,1,44,752,aa,16,32,3.7174565825099135,3.663717746734619,0.6566130518913269
1,1,1,44,752,aa,32,64,2.4180339483886506,2.268857002258301,0.7697491645812988
1,1,1,44,752,aa,64,128,0.46144872019805255,0.4603309631347656,0.256567120552063
1,1,1,44,752,aa,128,256,0.25006556381632383,0.24040746688842773,0.25282326340675354
1,1,1,44,752,aa,256,512,0.25957557858136127,0.2489309310913086,0.25171706080436707
1,1,1,44,752,aa,512,1024,0.19276512274270596,0.17662572860717773,0.2973249852657318
1,1,1,44,752,ab,0,1,-0.09927997100419511,-0.09876632690429688,0.05119901895523071
1,1,1,44,752,ab,1,2,-0.102236311180888,-0.10155391693115234,0.050568725913763046
1,1,1,44,752,ab,2,4,-0.21419979815099888,-0.21061038970947266,0.10032790899276733
1,1,1,44,752,ab,4,8,-0.47378137200159753,-0.45320749282836914,0.19760720431804657
1,1,1,44,752,ab,8,16,-1.0551264790311903,-0.9659895896911621,0.3515132665634155
1,1,1,44,752,ab,16,32,-1.0233942154048385,-0.6552324295043945,0.6077855825424194
1,1,1,44,752,ab,32,64,1.0764781151505005,1.686185359954834,0.8830965757369995
1,1,1,44,752,ab,64,128,-0.9256802702660054,-0.9393525123596191,0.3373178243637085
1,1,1,44,752,ab,128,256,-0.6358231486942494,-0.6332845687866211,0.26529136300086975
1,1,1,44,752,ab,256,512,-0.5293840011573129,-0.522310733795166,0.24612420797348022
1,1,1,44,752,ab,512,1024,-0.5263612674404392,-0.5077338218688965,0.29033228754997253
1,1,1,44,752,ba,0,1,0.057786104397422766,0.05947303771972656,0.05119895562529564
1,1,1,44,752,ba,1,2,0.05958335824638111,0.061362266540527344,0.050522904843091965
1,1,1,44,752,ba,2,4,0.12227753719748913,0.12978267669677734,0.10025522857904434
1,1,1,44,752,ba,4,8,0.27583682136556376,0.3056640625,0.1936424821615219
1,1,1,44,752,ba,8,16,0.743493725875152,0.8035745620727539,0.3353848457336426
1,1,1,44,752,ba,16,32,0.9587255619369328,1.1190133094787598,0.6430200338363647
1,1,1,44,752,ba,32,64,-1.8739873161418998,-1.7850303649902344,0.923846423625946
1,1,1,44,752,ba,64,128,0.017762862731837914,0.042157888412475586,0.38405802845954895
1,1,1,44,752,ba,128,256,-0.09143741641708704,-0.08101654052734375,0.28265804052352905
1,1,1,44,752,ba,256,512,-0.05093775534903886,-0.039276123046875,0.2715895473957062
1,1,1,44,752,ba,512,1024,0.005138534919128898,0.03180122375488281,0.318012535572052
1,1,1,44,752,bb,0,1,-0.22747485510611326,-0.22745895385742188,0.051198892295360565
1,1,1,44,752,bb,1,2,-0.22950543998835687,-0.22924327850341797,0.05055940896272659
1,1,1,44,752,bb,2,4,-0.4655082104181354,-0.46312999725341797,0.10034263134002686
1,1,1,44,752,bb,4,8,-0.9754734889381402,-0.9547996520996094,0.19844011962413788
1,1,1,44,752,bb,8,16,-2.246544951597345,-2.119051933288574,0.3623390793800354
1,1,1,44,752,bb,16,32,-3.859677554770454,-3.204587936401367,0.6145614385604858
1,1,1,44,752,bb,32,64,-2.165078489026768,-1.5879571437835693,0.7526555061340332
1,1,1,44,752,bb,64,128,-0.20619832412901995,-0.17580485343933105,0.29032158851623535
1,1,1,44,752,bb,128,256,-0.465767574139672,-0.43049001693725586,0.24172058701515198
1,1,1,44,752,bb,256,512,-0.44994213033536895,-0.41806888580322266,0.24615785479545593
1,1,1,44,752,bb,512,1024,-0.362651222810289,-0.31688666343688965,0.2981027066707611
1,1,1,35,384,aa,0,1,0.1517975510198819,0.1517648696899414,0.05119903013110161
1,1,1,35,384,aa,1,2,0.15061599561782368,0.15030479431152344,0.05079495906829834
1,1,1,35,384,aa,2,4,0.29790221881806,0.2951507568359375,0.10107693821191788
1,1,1,35,384,aa,4,8,0.5824454800542802,0.5621089935302734,0.19950519502162933
1,1,1,35,384,aa,8,16,1.295643049866828,1.2395529747009277,0.35812827944755554
1,1,1,35,384,aa,16,32,2.5268231724555816,2.421092987060547,0.6437851786613464
1,1,1,35,384,aa,32,64,1.840750067419,1.7204551696777344,0.4724022448062897
1,1,1,35,384,aa,64,128,0.4551197392849661,0.4529709815979004,0.230571910738945
1,1,1,35,384,aa,128,256,0.5874107627740407,0.595548152923584,0.2050037980079651
1,1,1,35,384,aa,256,512,0.7208630394990505,0.7350125312805176,0.23015396296977997
1,1,1,35,384,aa,512,1024,0.7800125897777488,0.7931356430053711,0.2700580358505249
1,1,1,35,384,ab,0,1,-0.12634029406074604,-0.13013076782226562,0.05119900777935982
1,1,1,35,384,ab,1,2,-0.13277411227392494,-0.13665390014648438,0.05067245289683342
1,1,1,35,384,ab,2,4,-0.28083723416559203,-0.2968559265136719,0.10072003304958344
1,1,1,35,384,ab,4,8,-0.6382437244400148,-0.7045383453369141,0.19998887181282043
1,1,1,35,384,ab,8,16,-1.6775034204892116,-1.9267797470092773,0.3688978850841522
1,1,1,35,384,ab,16,32,-3.4990258093844595,-3.718111038208008,0.6437501907348633
1,1,1,35,384,ab,32,64,0.6356707735852885,0.8776345252990723,0.4591013193130493
1,1,1,35,384,ab,64,128,-0.34047151831167133,-0.34412622451782227,0.2289608269929886
1,1,1,35,384,ab,128,256,-0.3062375024741638,-0.31186914443969727,0.20518672466278076
1,1,1,35,384,ab,256,512,-0.35527315782845964,-0.36172008514404297,0.22881710529327393
1,1,1,35,384,ab,512,1024,-0.4361450389002287,-0.4388442039489746,0.26345694065093994
1,1,1,35,384,ba,0,1,-0.01428737081439807,-0.015958786010742188,0.051199134439229965
1,1,1,35,384,ba,1,2,-0.01783998594353353,-0.019622802734375,0.0508292019367218
1,1,1,35,384,ba,2,4,-0.04571721571918386,-0.05357170104980469,0.10117572546005249
1,1,1,35,384,ba,4,8,-0.14345700976712705,-0.1803760528564453,0.20017701387405396
1,1,1,35,384,ba,8,16,-0.49018787187023616,-0.6464614868164062,0.3621891438961029
1,1,1,35,384,ba,16,32,-0.7627420711301536,-1.1307992935180664,0.6087247133255005
1,1,1,35,384,ba,32,64,3.5680018260159967,3.7138195037841797,0.5325657725334167
1,1,1,35,384,ba,64,128,0.7875664474711016,0.816474437713623,0.2339518815279007
1,1,1,35,384,ba,128,256,0.4479561119055584,0.46988344192504883,0.21221202611923218
1,1,1,35,384,ba,256,512,0.5097411142992059,0.5417008399963379,0.24998041987419128
1,1,1,35,384,ba,512,1024,0.5603735286165485,0.5981812477111816,0.2771580219268799
1,1,1,35,384,bb,0,1,-0.26751370329384133,-0.2730293273925781,0.05119914188981056
1,1,1,35,384,bb,1,2,-0.277355559704266,-0.2829113006591797,0.05080041289329529
1,1,1,35,384,bb,2,4,-0.5757096687004912,-0.5981273651123047,0.10110601037740707
1,1,1,35,384,bb,4,8,-1.2566226959169056,-1.347066879272461,0.20113308727741241
1,1,1,35,384,bb,8,16,-3.0860501066639596,-3.4306817054748535,0.3839516341686249
1,1,1,35,384,bb,16,32,-5.872839273905172,-5.758504867553711,0.5625394582748413
1,1,1,35,384,bb,32,64,-1.5336273305355985,-1.4279274940490723,0.2641971707344055
1,1,1,35,384,bb,64,128,-0.0643985744860728,-0.05629301071166992,0.1852894425392151
1,1,1,35,384,bb,128,256,-0.1695324377322533,-0.16166162490844727,0.18875935673713684
1,1,1,35,384,bb,256,512,-0.368832670423441,-0.35782670974731445,0.22762060165405273
1,1,1,35,384,bb,512,1024,-0.5201365238230611,-0.5043416023254395,0.2748950123786926
