width,world,seed,condition,chain,organization_role,actual_queries,membership_queries,valid_group_predictions,group_prediction_valid_rate,membership_correct,membership_accuracy,actual_accuracy,additional_membership_forward_examples,source_available,source_reason,source_target_numerical_rank,source_complement_numerical_rank,downstream_available,downstream_reason,downstream_target_numerical_rank,downstream_complement_numerical_rank
768,0,1,neither,company,neither,584,584,582,0.9965753424657534,581,0.9948630136986302,0.9897260273972602,1168,True,,63,518,True,,63,518
768,0,1,neither,project,neither,599,599,599,1.0,593,0.989983305509182,0.9716193656093489,1198,True,,63,535,True,,63,535
256,0,0,company,company,aligned,584,584,583,0.9982876712328768,580,0.9931506849315068,0.9863013698630136,1168,True,,63,224,True,,63,224
256,0,0,company,project,opposite,599,599,599,1.0,598,0.998330550918197,1.0,1198,True,,63,224,True,,63,224
256,0,0,project,company,opposite,584,584,584,1.0,575,0.9845890410958904,0.9948630136986302,1168,True,,63,224,True,,63,224
256,0,0,project,project,aligned,599,599,599,1.0,598,0.998330550918197,0.9782971619365609,1198,True,,63,224,True,,63,224
256,0,0,neither,company,neither,584,584,583,0.9982876712328768,583,0.9982876712328768,1.0,1168,True,,63,224,True,,63,224
256,0,0,neither,project,neither,599,599,599,1.0,599,1.0,0.996661101836394,1198,True,,63,224,True,,63,224
256,0,1,company,company,aligned,584,584,582,0.9965753424657534,508,0.8698630136986302,0.9897260273972602,1168,True,,63,224,True,,63,224
256,0,1,company,project,opposite,599,599,575,0.9599332220367279,569,0.9499165275459098,0.9365609348914858,1198,True,,63,224,True,,63,224
256,0,1,project,company,opposite,584,584,584,1.0,583,0.9982876712328768,0.9965753424657534,1168,True,,63,224,True,,63,224
256,0,1,project,project,aligned,599,599,599,1.0,597,0.996661101836394,0.993322203672788,1198,True,,63,224,True,,63,224
256,0,1,neither,company,neither,584,584,584,1.0,580,0.9931506849315068,0.9948630136986302,1168,True,,63,224,True,,63,224
256,0,1,neither,project,neither,599,599,598,0.998330550918197,594,0.991652754590985,0.989983305509182,1198,True,,63,224,True,,63,224
256,1,0,company,company,aligned,592,592,592,1.0,588,0.9932432432432432,0.9949324324324325,1184,True,,63,224,True,,63,224
256,1,0,company,project,opposite,583,583,583,1.0,583,1.0,0.9554030874785592,1166,True,,63,224,True,,63,224
256,1,0,project,company,opposite,592,592,592,1.0,591,0.9983108108108109,0.9966216216216216,1184,True,,63,224,True,,63,224
256,1,0,project,project,aligned,583,583,583,1.0,578,0.9914236706689536,0.9965694682675815,1166,True,,63,224,True,,63,224
256,1,0,neither,company,neither,592,592,592,1.0,592,1.0,0.9915540540540541,1184,True,,63,224,True,,63,224
256,1,0,neither,project,neither,583,583,583,1.0,581,0.9965694682675815,0.9965694682675815,1166,True,,63,224,True,,63,224
256,1,1,company,company,aligned,592,592,592,1.0,591,0.9983108108108109,0.9966216216216216,1184,True,,63,224,True,,63,224
256,1,1,company,project,opposite,583,583,583,1.0,583,1.0,0.9914236706689536,1166,True,,63,224,True,,63,224
256,1,1,project,company,opposite,592,592,592,1.0,592,1.0,1.0,1184,True,,63,224,True,,63,224
256,1,1,project,project,aligned,583,583,583,1.0,582,0.9982847341337907,0.9965694682675815,1166,True,,63,224,True,,63,224
256,1,1,neither,company,neither,592,592,592,1.0,585,0.9881756756756757,0.9983108108108109,1184,True,,63,224,True,,63,224
256,1,1,neither,project,neither,583,583,583,1.0,581,0.9965694682675815,0.9742710120068611,1166,True,,63,224,True,,63,224
768,0,0,company,company,aligned,584,584,584,1.0,582,0.9965753424657534,0.9965753424657534,1168,True,,63,520,True,,63,520
768,0,0,company,project,opposite,599,599,599,1.0,596,0.994991652754591,0.988313856427379,1198,True,,63,535,True,,63,535
768,0,0,project,company,opposite,584,584,584,1.0,584,1.0,0.9982876712328768,1168,True,,63,520,True,,63,520
768,0,0,project,project,aligned,599,599,599,1.0,599,1.0,0.998330550918197,1198,True,,63,535,True,,63,535
768,0,0,neither,company,neither,584,584,580,0.9931506849315068,580,0.9931506849315068,0.9931506849315068,1168,True,,63,516,True,,63,516
768,0,0,neither,project,neither,599,599,599,1.0,595,0.993322203672788,0.986644407345576,1198,True,,63,535,True,,63,535
768,0,1,company,company,aligned,584,584,582,0.9965753424657534,576,0.9863013698630136,0.9965753424657534,1168,True,,63,518,True,,63,518
768,0,1,company,project,opposite,599,599,599,1.0,598,0.998330550918197,0.994991652754591,1198,True,,63,535,True,,63,535
768,0,1,project,company,opposite,584,584,584,1.0,584,1.0,0.9982876712328768,1168,True,,63,520,True,,63,520
768,0,1,project,project,aligned,599,599,599,1.0,592,0.988313856427379,0.991652754590985,1198,True,,63,535,True,,63,535
768,1,0,company,company,aligned,592,592,591,0.9983108108108109,591,0.9983108108108109,1.0,1184,True,,63,527,True,,63,527
768,1,0,company,project,opposite,583,583,583,1.0,583,1.0,0.9965694682675815,1166,True,,63,519,True,,63,519
768,1,0,project,company,opposite,592,592,592,1.0,592,1.0,0.9983108108108109,1184,True,,63,528,True,,63,528
768,1,0,project,project,aligned,583,583,583,1.0,579,0.9931389365351629,0.9897084048027445,1166,True,,63,519,True,,63,519
768,1,0,neither,company,neither,592,592,586,0.9898648648648649,586,0.9898648648648649,0.9966216216216216,1184,True,,63,522,True,,63,522
768,1,0,neither,project,neither,583,583,579,0.9931389365351629,579,0.9931389365351629,0.9948542024013722,1166,True,,63,515,True,,63,515
768,1,1,company,company,aligned,592,592,592,1.0,589,0.9949324324324325,0.9915540540540541,1184,True,,63,528,True,,63,528
768,1,1,company,project,opposite,583,583,583,1.0,583,1.0,0.9965694682675815,1166,True,,63,519,True,,63,519
768,1,1,project,company,opposite,592,592,591,0.9983108108108109,591,0.9983108108108109,0.9915540540540541,1184,True,,63,527,True,,63,527
768,1,1,project,project,aligned,583,583,581,0.9965694682675815,580,0.9948542024013722,0.9879931389365352,1166,True,,63,517,True,,63,517
768,1,1,neither,company,neither,592,592,590,0.9966216216216216,589,0.9949324324324325,0.9949324324324325,1184,True,,63,526,True,,63,526
768,1,1,neither,project,neither,583,583,574,0.9845626072041166,573,0.9828473413379074,0.9931389365351629,1166,True,,63,510,True,,63,510
