run,world,seed,arch,step,parameters,atomic_answer,atomic_exact,atomic_nll,train_answer,train_exact,train_nll,test_answer,test_exact,test_nll,two_call_exact,test_both_atoms_n,test_given_both_atoms,training_seconds,training_flops_estimate
w142801-s14281-d1w128,142801,14281,d1w128,4096,216832,1.0,1.0,0.0002396451442621128,1.0,1.0,0.00037680939118445167,0.015625,0.015625,6.549408878803661,1.0,1024,0.015625,29.78203133295756,7697118265344
w142801-s14281-d1w128,142801,14281,d1w128,8192,216832,1.0,1.0,0.0012162629528233992,1.0,1.0,0.0021883216423361773,0.0087890625,0.0087890625,9.173397532672425,1.0,1024,0.0087890625,59.28835740493378,15394236530688
w142801-s14281-d2w128,142801,14281,d2w128,4096,415104,1.0,1.0,0.0002620838765494682,1.0,1.0,0.0003027444531795709,0.0322265625,0.0322265625,6.474486832612456,1.0,1024,0.0322265625,45.96964710805332,15176803811328
w142801-s14281-d2w128,142801,14281,d2w128,8192,415104,1.0,1.0,0.0007231004576055966,1.0,1.0,0.0012477210777035452,0.013671875,0.013671875,8.630779645012808,1.0,1024,0.013671875,93.00081268307986,30353607622656
w142801-s14281-d3w128,142801,14281,d3w128,4096,613376,1.0,1.0,0.00028893087602455125,1.0,1.0,0.00032684895492707255,0.0302734375,0.0302734375,7.346816615539865,1.0,1024,0.0302734375,62.32173074095044,22656489357312
w142801-s14281-d3w128,142801,14281,d3w128,8192,613376,1.0,1.0,3.3600386821319717e-05,1.0,1.0,3.538031579708445e-05,0.0380859375,0.0380859375,8.4059620910175,1.0,1024,0.0380859375,124.44588934793137,45312978714624
w142801-s14281-d4w128,142801,14281,d4w128,4096,811648,1.0,1.0,0.00028836453097369485,1.0,1.0,0.0003223793462154845,0.0478515625,0.0478515625,7.175515464841283,1.0,1024,0.0478515625,73.56259208900155,30136174903296
w142801-s14281-d4w128,142801,14281,d4w128,8192,811648,1.0,1.0,3.3750324334391735e-05,1.0,1.0,3.5142021433287596e-05,0.0498046875,0.0498046875,8.314368480824072,1.0,1024,0.0498046875,149.17297066899482,60272349806592
w142801-s14281-d6w128,142801,14281,d6w128,4096,1208192,1.0,1.0,0.0002916344241157276,1.0,1.0,0.0003525382801115029,0.0439453125,0.0439453125,6.907164837402888,1.0,1024,0.0439453125,106.79850052506663,45095545995264
w142801-s14281-d6w128,142801,14281,d6w128,8192,1208192,1.0,1.0,3.636305619991731e-05,1.0,1.0,3.9038761144638556e-05,0.05078125,0.05078125,7.966255108960922,1.0,1024,0.05078125,216.63706484402064,90191091990528
w142801-s14281-d1w312,142801,14281,d1w312,4096,1217424,1.0,1.0,6.208001715890532e-05,1.0,1.0,9.817504323450521e-05,0.0087890625,0.0087890625,6.912848482810659,1.0,1024,0.0087890625,34.939392496075016,44766679007232
w142801-s14281-d1w312,142801,14281,d1w312,8192,1217424,1.0,1.0,0.002553839246104417,0.921875,0.921875,0.13451058834277774,0.0009765625,0.0009765625,11.076952486851951,1.0,1024,0.0009765625,67.5120161541272,89533358014464
w142801-s14281-d2w220,142801,14281,d2w220,4096,1199220,1.0,1.0,0.000122088188163616,1.0,1.0,0.00013854738821805768,0.0283203125,0.0283203125,6.876525628780655,1.0,1024,0.0283203125,48.942124688008334,44421957550080
w142801-s14281-d2w220,142801,14281,d2w220,8192,1199220,0.509765625,0.509765625,1.185808905353042,0.3564453125,0.3564453125,1.337360186426622,0.0107421875,0.0107421875,8.27680437356139,0.2626953125,266,0.022556390977443608,96.48500731703825,88843915100160
w142801-s14282-d1w128,142801,14282,d1w128,4096,216832,1.0,1.0,0.00022805195075648044,1.0,1.0,0.00035299609396588494,0.01171875,0.01171875,6.799823623150587,1.0,1024,0.01171875,29.89267074590316,7697118265344
w142801-s14282-d1w128,142801,14282,d1w128,8192,216832,1.0,1.0,0.00037023505177558036,1.0,1.0,0.0007417037669483761,0.025390625,0.025390625,6.9206859854239156,1.0,1024,0.025390625,60.526899531891104,15394236530688
w142801-s14282-d2w128,142801,14282,d2w128,4096,415104,1.0,1.0,0.00026893400007566015,1.0,1.0,0.0003199753346052603,0.0400390625,0.0400390625,7.0513250909111775,1.0,1024,0.0400390625,47.468874589016195,15176803811328
w142801-s14282-d2w128,142801,14282,d2w128,8192,415104,1.0,1.0,0.0012499142592332646,1.0,1.0,0.0019742440850762932,0.01953125,0.01953125,9.582401846755431,1.0,1024,0.01953125,95.4616943889996,30353607622656
w142801-s14282-d3w128,142801,14282,d3w128,4096,613376,1.0,1.0,0.0003148376189301416,1.0,1.0,0.00034290142519921574,0.03515625,0.03515625,6.946909291632437,1.0,1024,0.03515625,61.79991199495271,22656489357312
w142801-s14282-d3w128,142801,14282,d3w128,8192,613376,1.0,1.0,0.0008161400811275143,1.0,1.0,0.002255601219246728,0.0166015625,0.0166015625,8.81813890896558,1.0,1024,0.0166015625,123.81049941293895,45312978714624
w142801-s14282-d4w128,142801,14282,d4w128,4096,811648,1.0,1.0,0.0002892868388073566,1.0,1.0,0.00034820969952420455,0.017578125,0.017578125,7.195384173933235,1.0,1024,0.017578125,79.93099749687826,30136174903296
w142801-s14282-d4w128,142801,14282,d4w128,8192,811648,1.0,1.0,3.5165884721521934e-05,1.0,1.0,3.74690775473141e-05,0.02734375,0.02734375,8.148355644307003,1.0,1024,0.02734375,160.64733648585388,60272349806592
w142801-s14282-d6w128,142801,14282,d6w128,4096,1208192,1.0,1.0,0.0002986978364560855,1.0,1.0,0.00036596034331637384,0.0361328125,0.0361328125,7.270505693843006,1.0,1024,0.0361328125,106.34937242500018,45095545995264
w142801-s14282-d6w128,142801,14282,d6w128,8192,1208192,1.0,1.0,3.737350443699938e-05,1.0,1.0,4.0032792778532666e-05,0.03125,0.03125,8.401619410901048,1.0,1024,0.03125,214.42025433998788,90191091990528
w142801-s14282-d1w312,142801,14282,d1w312,4096,1217424,1.0,1.0,6.383382246610836e-05,1.0,1.0,9.8734366538622e-05,0.00390625,0.00390625,7.177614364398323,1.0,1024,0.00390625,32.32381169195287,44766679007232
w142801-s14282-d1w312,142801,14282,d1w312,8192,1217424,1.0,1.0,0.010253440285055149,0.5068359375,0.5068359375,0.8488145853425522,0.0048828125,0.0048828125,8.571756739489501,1.0,1024,0.0048828125,63.685979738947935,89533358014464
w142801-s14282-d2w220,142801,14282,d2w220,4096,1199220,1.0,1.0,0.00012883986120471036,1.0,1.0,0.0001523638154310447,0.01953125,0.01953125,7.18775975037579,1.0,1024,0.01953125,51.405292191018816,44421957550080
w142801-s14282-d2w220,142801,14282,d2w220,8192,1199220,1.0,1.0,1.6871929220840798e-05,1.0,1.0,1.8182742548944475e-05,0.021484375,0.021484375,8.37184647614032,1.0,1024,0.021484375,100.81028125603916,88843915100160
w142802-s14281-d1w128,142802,14281,d1w128,4096,216832,1.0,1.0,0.00023266815153988318,1.0,1.0,0.0003859702816839672,0.0087890625,0.0087890625,7.14100643308484,1.0,1024,0.0087890625,33.64344524597982,7697118265344
w142802-s14281-d1w128,142802,14281,d1w128,8192,216832,1.0,1.0,0.0002011627787510406,1.0,1.0,0.00043112299587733105,0.0126953125,0.0126953125,8.23629987476852,1.0,1024,0.0126953125,63.277434165996965,15394236530688
w142802-s14281-d2w128,142802,14281,d2w128,4096,415104,1.0,1.0,0.0002577909057777106,1.0,1.0,0.00029341074449007465,0.029296875,0.029296875,6.889888776871885,1.0,1024,0.029296875,47.04788112308597,15176803811328
w142802-s14281-d2w128,142802,14281,d2w128,8192,415104,1.0,1.0,0.0007008178596947801,1.0,1.0,0.0016104807062902182,0.0048828125,0.0048828125,8.624750655952084,1.0,1024,0.0048828125,90.76315856305882,30353607622656
w142802-s14281-d3w128,142802,14281,d3w128,4096,613376,1.0,1.0,0.0002781111710987716,1.0,1.0,0.00033545512286536905,0.03515625,0.03515625,7.353356635311002,1.0,1024,0.03515625,62.75374209909933,22656489357312
w142802-s14281-d3w128,142802,14281,d3w128,8192,613376,1.0,1.0,3.3865803313659626e-05,1.0,1.0,3.647481182689205e-05,0.0380859375,0.0380859375,8.373839774573497,1.0,1024,0.0380859375,123.49172099411953,45312978714624
w142802-s14281-d4w128,142802,14281,d4w128,4096,811648,1.0,1.0,0.0002852175854286543,1.0,1.0,0.0003277627348268197,0.0224609375,0.0224609375,7.392916298777891,1.0,1024,0.0224609375,75.17876815208001,30136174903296
w142802-s14281-d4w128,142802,14281,d4w128,8192,811648,1.0,1.0,3.3703294477049894e-05,1.0,1.0,3.540557668912925e-05,0.0263671875,0.0263671875,8.549417195577632,1.0,1024,0.0263671875,153.87485327810282,60272349806592
w142802-s14281-d6w128,142802,14281,d6w128,4096,1208192,1.0,1.0,0.00028156322963468483,1.0,1.0,0.0003590184847581668,0.0302734375,0.0302734375,7.101139883600581,1.0,1024,0.0302734375,102.81518261990277,45095545995264
w142802-s14281-d6w128,142802,14281,d6w128,8192,1208192,1.0,1.0,3.904399792276081e-05,1.0,1.0,4.287693153770533e-05,0.033203125,0.033203125,8.139332432806327,1.0,1024,0.033203125,209.5506385959452,90191091990528
w142802-s14281-d1w312,142802,14281,d1w312,4096,1217424,1.0,1.0,6.353930788804973e-05,1.0,1.0,0.00010134960610486132,0.01171875,0.01171875,6.579889887849276,1.0,1024,0.01171875,34.70198364194948,44766679007232
w142802-s14281-d1w312,142802,14281,d1w312,8192,1217424,0.251953125,0.251953125,1.7861111442325637,0.3837890625,0.3837890625,1.5211422377406052,0.0048828125,0.0048828125,8.8335061193211,0.0673828125,68,0.029411764705882353,67.60041393892607,89533358014464
w142802-s14281-d2w220,142802,14281,d2w220,4096,1199220,1.0,1.0,0.00012110176744783985,1.0,1.0,0.0001530060320575899,0.029296875,0.029296875,6.743557479800074,1.0,1024,0.029296875,49.031998262915295,44421957550080
w142802-s14281-d2w220,142802,14281,d2w220,8192,1199220,1.0,1.0,1.7380189314408767e-05,1.0,1.0,1.9296932156187552e-05,0.0390625,0.0390625,7.876547923273222,1.0,1024,0.0390625,100.76637175289216,88843915100160
w142802-s14282-d1w128,142802,14282,d1w128,4096,216832,1.0,1.0,0.000225114041256802,1.0,1.0,0.0003572233791118151,0.015625,0.015625,7.092384711977502,1.0,1024,0.015625,30.620885713084135,7697118265344
w142802-s14282-d1w128,142802,14282,d1w128,8192,216832,1.0,1.0,0.00022085397515070326,1.0,1.0,0.00041906183211892767,0.0185546875,0.0185546875,7.905531504964529,1.0,1024,0.0185546875,61.13872233207803,15394236530688
w142802-s14282-d2w128,142802,14282,d2w128,4096,415104,1.0,1.0,0.000268651901933481,1.0,1.0,0.00032077272518904465,0.015625,0.015625,7.233158090748475,1.0,1024,0.015625,44.643896758090705,15176803811328
w142802-s14282-d2w128,142802,14282,d2w128,8192,415104,1.0,1.0,0.0006325269032743108,1.0,1.0,0.002855443498162913,0.0126953125,0.0126953125,8.916867107274811,1.0,1024,0.0126953125,90.85320034407778,30353607622656
w142802-s14282-d3w128,142802,14282,d3w128,4096,613376,1.0,1.0,0.0003006426899787584,1.0,1.0,0.00034422148078760983,0.033203125,0.033203125,6.989931120159781,1.0,1024,0.033203125,60.38356870104326,22656489357312
w142802-s14282-d3w128,142802,14282,d3w128,8192,613376,1.0,1.0,3.483108632096332e-05,1.0,1.0,3.679913359633247e-05,0.044921875,0.044921875,7.906468350776777,1.0,1024,0.044921875,117.68118144903565,45312978714624
w142802-s14282-d4w128,142802,14282,d4w128,4096,811648,1.0,1.0,0.0002879737037631003,1.0,1.0,0.0003535463382746684,0.03125,0.03125,7.271373459843744,1.0,1024,0.03125,75.90959787904285,30136174903296
w142802-s14282-d4w128,142802,14282,d4w128,8192,811648,1.0,1.0,3.656048914635335e-05,1.0,1.0,3.9425593801212244e-05,0.0302734375,0.0302734375,8.32710097392669,1.0,1024,0.0302734375,151.46720613300567,60272349806592
w142802-s14282-d6w128,142802,14282,d6w128,4096,1208192,1.0,1.0,0.0002960743613016348,1.0,1.0,0.00036634002577784486,0.01953125,0.01953125,7.349313852995692,1.0,1024,0.01953125,107.36887586896773,45095545995264
w142802-s14282-d6w128,142802,14282,d6w128,8192,1208192,0.998046875,0.998046875,0.022854971436800042,0.994140625,0.994140625,0.05164026198772831,0.017578125,0.017578125,7.905540387697329,0.99609375,1020,0.01764705882352941,215.60367509297794,90191091990528
w142802-s14282-d1w312,142802,14282,d1w312,4096,1217424,1.0,1.0,6.339054134230082e-05,1.0,1.0,9.748325851433037e-05,0.0107421875,0.0107421875,7.248861835243588,1.0,1024,0.0107421875,33.769853103905916,44766679007232
w142802-s14282-d1w312,142802,14282,d1w312,8192,1217424,0.9453125,0.9453125,0.2214337321460107,0.5126953125,0.5126953125,1.3509723223792207,0.001953125,0.001953125,9.6703967523772,0.892578125,914,0.002188183807439825,63.93627685389947,89533358014464
w142802-s14282-d2w220,142802,14282,d2w220,4096,1199220,1.0,1.0,0.00012460662512125964,1.0,1.0,0.0001522153035935503,0.0244140625,0.0244140625,6.99075067636295,1.0,1024,0.0244140625,48.97744767909171,44421957550080
w142802-s14282-d2w220,142802,14282,d2w220,8192,1199220,1.0,1.0,1.612758197744313e-05,1.0,1.0,1.7505450394139643e-05,0.0244140625,0.0244140625,8.28821452906206,1.0,1024,0.0244140625,98.83545468508964,88843915100160
