run,world,seed,arch,parameters,evaluation_nodes,final_step,raw_run_directory,source_learning_csv
w142801-s14281-d1w128,142801,14281,d1w128,216832,7,8192,results/twohop-depth-v1/w142801-s14281-d1w128,docs/development-artifacts/twohop-depth-v1/learning.csv
w142801-s14281-d1w312,142801,14281,d1w312,1217424,7,8192,results/twohop-depth-v1/w142801-s14281-d1w312,docs/development-artifacts/twohop-depth-v1/learning.csv
w142801-s14281-d2w128,142801,14281,d2w128,415104,7,8192,results/twohop-depth-v1/w142801-s14281-d2w128,docs/development-artifacts/twohop-depth-v1/learning.csv
w142801-s14281-d2w220,142801,14281,d2w220,1199220,7,8192,results/twohop-depth-v1/w142801-s14281-d2w220,docs/development-artifacts/twohop-depth-v1/learning.csv
w142801-s14281-d3w128,142801,14281,d3w128,613376,7,8192,results/twohop-depth-v1/w142801-s14281-d3w128,docs/development-artifacts/twohop-depth-v1/learning.csv
w142801-s14281-d4w128,142801,14281,d4w128,811648,7,8192,results/twohop-depth-v1/w142801-s14281-d4w128,docs/development-artifacts/twohop-depth-v1/learning.csv
w142801-s14281-d6w128,142801,14281,d6w128,1208192,7,8192,results/twohop-depth-v1/w142801-s14281-d6w128,docs/development-artifacts/twohop-depth-v1/learning.csv
w142801-s14282-d1w128,142801,14282,d1w128,216832,7,8192,results/twohop-depth-v1/w142801-s14282-d1w128,docs/development-artifacts/twohop-depth-v1/learning.csv
w142801-s14282-d1w312,142801,14282,d1w312,1217424,7,8192,results/twohop-depth-v1/w142801-s14282-d1w312,docs/development-artifacts/twohop-depth-v1/learning.csv
w142801-s14282-d2w128,142801,14282,d2w128,415104,7,8192,results/twohop-depth-v1/w142801-s14282-d2w128,docs/development-artifacts/twohop-depth-v1/learning.csv
w142801-s14282-d2w220,142801,14282,d2w220,1199220,7,8192,results/twohop-depth-v1/w142801-s14282-d2w220,docs/development-artifacts/twohop-depth-v1/learning.csv
w142801-s14282-d3w128,142801,14282,d3w128,613376,7,8192,results/twohop-depth-v1/w142801-s14282-d3w128,docs/development-artifacts/twohop-depth-v1/learning.csv
w142801-s14282-d4w128,142801,14282,d4w128,811648,7,8192,results/twohop-depth-v1/w142801-s14282-d4w128,docs/development-artifacts/twohop-depth-v1/learning.csv
w142801-s14282-d6w128,142801,14282,d6w128,1208192,7,8192,results/twohop-depth-v1/w142801-s14282-d6w128,docs/development-artifacts/twohop-depth-v1/learning.csv
w142802-s14281-d1w128,142802,14281,d1w128,216832,7,8192,results/twohop-depth-v1/w142802-s14281-d1w128,docs/development-artifacts/twohop-depth-v1/learning.csv
w142802-s14281-d1w312,142802,14281,d1w312,1217424,7,8192,results/twohop-depth-v1/w142802-s14281-d1w312,docs/development-artifacts/twohop-depth-v1/learning.csv
w142802-s14281-d2w128,142802,14281,d2w128,415104,7,8192,results/twohop-depth-v1/w142802-s14281-d2w128,docs/development-artifacts/twohop-depth-v1/learning.csv
w142802-s14281-d2w220,142802,14281,d2w220,1199220,7,8192,results/twohop-depth-v1/w142802-s14281-d2w220,docs/development-artifacts/twohop-depth-v1/learning.csv
w142802-s14281-d3w128,142802,14281,d3w128,613376,7,8192,results/twohop-depth-v1/w142802-s14281-d3w128,docs/development-artifacts/twohop-depth-v1/learning.csv
w142802-s14281-d4w128,142802,14281,d4w128,811648,7,8192,results/twohop-depth-v1/w142802-s14281-d4w128,docs/development-artifacts/twohop-depth-v1/learning.csv
w142802-s14281-d6w128,142802,14281,d6w128,1208192,7,8192,results/twohop-depth-v1/w142802-s14281-d6w128,docs/development-artifacts/twohop-depth-v1/learning.csv
w142802-s14282-d1w128,142802,14282,d1w128,216832,7,8192,results/twohop-depth-v1/w142802-s14282-d1w128,docs/development-artifacts/twohop-depth-v1/learning.csv
w142802-s14282-d1w312,142802,14282,d1w312,1217424,7,8192,results/twohop-depth-v1/w142802-s14282-d1w312,docs/development-artifacts/twohop-depth-v1/learning.csv
w142802-s14282-d2w128,142802,14282,d2w128,415104,7,8192,results/twohop-depth-v1/w142802-s14282-d2w128,docs/development-artifacts/twohop-depth-v1/learning.csv
w142802-s14282-d2w220,142802,14282,d2w220,1199220,7,8192,results/twohop-depth-v1/w142802-s14282-d2w220,docs/development-artifacts/twohop-depth-v1/learning.csv
w142802-s14282-d3w128,142802,14282,d3w128,613376,7,8192,results/twohop-depth-v1/w142802-s14282-d3w128,docs/development-artifacts/twohop-depth-v1/learning.csv
w142802-s14282-d4w128,142802,14282,d4w128,811648,7,8192,results/twohop-depth-v1/w142802-s14282-d4w128,docs/development-artifacts/twohop-depth-v1/learning.csv
w142802-s14282-d6w128,142802,14282,d6w128,1208192,7,8192,results/twohop-depth-v1/w142802-s14282-d6w128,docs/development-artifacts/twohop-depth-v1/learning.csv
