world,arm,split,n,correct,accuracy,answer_probability
146011,A,test_BG_BG,215,215,1.0,0.9999270509518632
146011,A,test_BG_A,99,99,1.0,0.999544249713184
146011,A,test_BG_B,96,42,0.4375,0.37894722669504827
146011,A,test_A_BG,116,116,1.0,0.9999231736036888
146011,A,test_A_A,59,59,1.0,0.9999494743558474
146011,A,test_A_B,51,19,0.37254901960784315,0.32067495956112674
146011,A,test_B_BG,101,51,0.504950495049505,0.4686997859339702
146011,A,test_B_A,53,24,0.4528301886792453,0.43595385117773516
146011,A,test_B_B,42,1,0.023809523809523808,0.021812637271044273
146011,B,test_BG_BG,215,215,1.0,0.9999467607569771
146011,B,test_BG_A,99,49,0.494949494949495,0.43561662793611433
146011,B,test_BG_B,96,96,1.0,0.99986062028657
146011,B,test_A_BG,116,65,0.5603448275862069,0.5254361081915853
146011,B,test_A_A,59,2,0.03389830508474576,0.038190797557242945
146011,B,test_A_B,51,26,0.5098039215686274,0.5141870053843624
146011,B,test_B_BG,101,101,1.0,0.9999313856318611
146011,B,test_B_A,53,31,0.5849056603773585,0.4933277845870515
146011,B,test_B_B,42,42,1.0,0.9998474023687814
146011,repA,test_BG_BG,215,213,0.9906976744186047,0.990898503115984
146011,repA,test_BG_A,99,66,0.6666666666666666,0.5931692566032248
146011,repA,test_BG_B,96,49,0.5104166666666666,0.4264343500705145
146011,repA,test_A_BG,116,95,0.8189655172413793,0.8002066726236843
146011,repA,test_A_A,59,19,0.3220338983050847,0.3012377106699359
146011,repA,test_A_B,51,10,0.19607843137254902,0.1743946207883649
146011,repA,test_B_BG,101,63,0.6237623762376238,0.6033588959925318
146011,repA,test_B_A,53,6,0.11320754716981132,0.10066033021107097
146011,repA,test_B_B,42,3,0.07142857142857142,0.06071184974118653
146011,repB,test_BG_BG,215,213,0.9906976744186047,0.9870438499243938
146011,repB,test_BG_A,99,42,0.42424242424242425,0.3965312370097662
146011,repB,test_BG_B,96,53,0.5520833333333334,0.5071988259053188
146011,repB,test_A_BG,116,74,0.6379310344827587,0.5891567685085723
146011,repB,test_A_A,59,7,0.11864406779661017,0.0899402651464698
146011,repB,test_A_B,51,6,0.11764705882352941,0.07675720241118801
146011,repB,test_B_BG,101,81,0.801980198019802,0.7629833319469821
146011,repB,test_B_A,53,8,0.1509433962264151,0.12903401936602496
146011,repB,test_B_B,42,11,0.2619047619047619,0.17482011335934003
146012,A,test_BG_BG,211,210,0.995260663507109,0.9973179263146795
146012,A,test_BG_A,94,93,0.9893617021276596,0.9916263718573604
146012,A,test_BG_B,92,44,0.4782608695652174,0.41197503124413476
146012,A,test_A_BG,97,97,1.0,0.9998085240711615
146012,A,test_A_A,53,53,1.0,0.9960513003045901
146012,A,test_A_B,42,19,0.4523809523809524,0.40215858777998276
146012,A,test_B_BG,108,61,0.5648148148148148,0.534911302558357
146012,A,test_B_A,50,22,0.44,0.4082717798240249
146012,A,test_B_B,54,1,0.018518518518518517,0.0336686370851439
146012,B,test_BG_BG,211,211,1.0,0.9978904063374637
146012,B,test_BG_A,94,37,0.39361702127659576,0.33366190232985693
146012,B,test_BG_B,92,92,1.0,0.9997280864836932
146012,B,test_A_BG,97,40,0.41237113402061853,0.3897884885034648
146012,B,test_A_A,53,2,0.03773584905660377,0.03813893158040519
146012,B,test_A_B,42,23,0.5476190476190477,0.5344960962443024
146012,B,test_B_BG,108,106,0.9814814814814815,0.9803225120748716
146012,B,test_B_A,50,14,0.28,0.29157142973205563
146012,B,test_B_B,54,54,1.0,0.9997597712772296
146012,repA,test_BG_BG,211,206,0.976303317535545,0.9739900429307372
146012,repA,test_BG_A,94,55,0.5851063829787234,0.5260458981743219
146012,repA,test_BG_B,92,43,0.4673913043478261,0.36657488187210474
146012,repA,test_A_BG,97,72,0.7422680412371134,0.6974875618220443
146012,repA,test_A_A,53,16,0.3018867924528302,0.2703273748952459
146012,repA,test_A_B,42,9,0.21428571428571427,0.17630578314656747
146012,repA,test_B_BG,108,63,0.5833333333333334,0.5732814547080909
146012,repA,test_B_A,50,2,0.04,0.04292275653645526
146012,repA,test_B_B,54,1,0.018518518518518517,0.05376612292484028
146012,repB,test_BG_BG,211,208,0.985781990521327,0.9835623264337665
146012,repB,test_BG_A,94,53,0.5638297872340425,0.4721643316113503
146012,repB,test_BG_B,92,70,0.7608695652173914,0.6526457105164067
146012,repB,test_A_BG,97,62,0.6391752577319587,0.588149033470024
146012,repB,test_A_A,53,2,0.03773584905660377,0.05596026327911784
146012,repB,test_A_B,42,6,0.14285714285714285,0.15433114484260005
146012,repB,test_B_BG,108,90,0.8333333333333334,0.8042182504006266
146012,repB,test_B_A,50,5,0.1,0.13335413742871363
146012,repB,test_B_B,54,12,0.2222222222222222,0.20238769041182197
146013,A,test_BG_BG,209,209,1.0,0.9984889124430113
146013,A,test_BG_A,111,111,1.0,0.9994469889176448
146013,A,test_BG_B,87,37,0.42528735632183906,0.3754775395094849
146013,A,test_A_BG,96,96,1.0,0.9967591609354823
146013,A,test_A_A,50,50,1.0,0.9966112327264659
146013,A,test_A_B,62,26,0.41935483870967744,0.34330671018496384
146013,A,test_B_BG,89,46,0.5168539325842697,0.4803439034374231
146013,A,test_B_A,58,31,0.5344827586206896,0.5115658934536776
146013,A,test_B_B,43,2,0.046511627906976744,0.046321667098680366
146013,B,test_BG_BG,209,209,1.0,0.999101618728098
146013,B,test_BG_A,111,44,0.3963963963963964,0.36007027863108804
146013,B,test_BG_B,87,87,1.0,0.9994835759567474
146013,B,test_A_BG,96,49,0.5104166666666666,0.5026743766426468
146013,B,test_A_A,50,1,0.02,0.02515410031649722
146013,B,test_A_B,62,28,0.45161290322580644,0.4487197465653627
146013,B,test_B_BG,89,88,0.9887640449438202,0.989589812442259
146013,B,test_B_A,58,22,0.3793103448275862,0.3419914790217198
146013,B,test_B_B,43,43,1.0,0.9997761251010775
146013,repA,test_BG_BG,209,205,0.9808612440191388,0.9756997541761797
146013,repA,test_BG_A,111,63,0.5675675675675675,0.5106044186515037
146013,repA,test_BG_B,87,31,0.3563218390804598,0.32173005216493206
146013,repA,test_A_BG,96,85,0.8854166666666666,0.8440066945018585
146013,repA,test_A_A,50,8,0.16,0.16381664923319555
146013,repA,test_A_B,62,7,0.11290322580645161,0.07940686898336136
146013,repA,test_B_BG,89,53,0.5955056179775281,0.5665177815802298
146013,repA,test_B_A,58,11,0.1896551724137931,0.14498887190879325
146013,repA,test_B_B,43,4,0.09302325581395349,0.07103833082938744
146013,repB,test_BG_BG,209,206,0.9856459330143541,0.9793111483857102
146013,repB,test_BG_A,111,45,0.40540540540540543,0.33188511306855656
146013,repB,test_BG_B,87,60,0.6896551724137931,0.5858158616481358
146013,repB,test_A_BG,96,68,0.7083333333333334,0.6442445521889669
146013,repB,test_A_A,50,4,0.08,0.07817622262386069
146013,repB,test_A_B,62,9,0.14516129032258066,0.13038759192994914
146013,repB,test_B_BG,89,71,0.797752808988764,0.7685449037112532
146013,repB,test_B_A,58,8,0.13793103448275862,0.12004798755746213
146013,repB,test_B_B,43,10,0.23255813953488372,0.20320312916146993
