world,rho,depth,noise,noise_seed,member_accuracy,root_accuracy,home_accuracy,composite_accuracy,two_step_accuracy,held_n,held_composite,held_two_step,held_home_copy,held_conflict_n,held_conflict_composite,held_conflict_two_step,held_conflict_home_copy,held_coherent_n,held_coherent_composite,held_coherent_two_step,held_coherent_home_copy,held_common_conflict_n,held_common_conflict_composite,held_common_conflict_two_step,held_common_conflict_home_copy,held_both_known_n,held_both_known_composite,held_both_known_two_step,held_both_known_home_copy,held_conflict_both_known_n,held_conflict_both_known_composite,held_conflict_both_known_two_step,held_conflict_both_known_home_copy
300,0.25,2,0.0,0,1.0,1.0,1.0,0.96875,1.0,48,0.9375,1.0,0.25,36,0.9166666666666666,1.0,0.0,12,1.0,1.0,1.0,12,1.0,1.0,0.0,48,0.9375,1.0,0.25,36,0.9166666666666666,1.0,0.0
300,0.25,2,0.03,0,1.0,1.0,1.0,0.96875,1.0,48,0.9375,1.0,0.25,36,0.9166666666666666,1.0,0.0,12,1.0,1.0,1.0,12,1.0,1.0,0.0,48,0.9375,1.0,0.25,36,0.9166666666666666,1.0,0.0
300,0.25,2,0.03,1,1.0,1.0,1.0,0.96875,1.0,48,0.9375,1.0,0.25,36,0.9166666666666666,1.0,0.0,12,1.0,1.0,1.0,12,1.0,1.0,0.0,48,0.9375,1.0,0.25,36,0.9166666666666666,1.0,0.0
300,0.25,2,0.03,2,1.0,1.0,1.0,0.96875,1.0,48,0.9375,1.0,0.25,36,0.9166666666666666,1.0,0.0,12,1.0,1.0,1.0,12,1.0,1.0,0.0,48,0.9375,1.0,0.25,36,0.9166666666666666,1.0,0.0
300,0.25,2,0.1,0,1.0,1.0,1.0,0.96875,1.0,48,0.9375,1.0,0.25,36,0.9166666666666666,1.0,0.0,12,1.0,1.0,1.0,12,1.0,1.0,0.0,48,0.9375,1.0,0.25,36,0.9166666666666666,1.0,0.0
300,0.25,2,0.1,1,1.0,1.0,1.0,0.96875,1.0,48,0.9375,1.0,0.25,36,0.9166666666666666,1.0,0.0,12,1.0,1.0,1.0,12,1.0,1.0,0.0,48,0.9375,1.0,0.25,36,0.9166666666666666,1.0,0.0
300,0.25,2,0.1,2,1.0,1.0,1.0,0.96875,1.0,48,0.9375,1.0,0.25,36,0.9166666666666666,1.0,0.0,12,1.0,1.0,1.0,12,1.0,1.0,0.0,48,0.9375,1.0,0.25,36,0.9166666666666666,1.0,0.0
300,0.25,2,0.3,0,1.0,1.0,1.0,0.96875,1.0,48,0.9375,1.0,0.25,36,0.9166666666666666,1.0,0.0,12,1.0,1.0,1.0,12,1.0,1.0,0.0,48,0.9375,1.0,0.25,36,0.9166666666666666,1.0,0.0
300,0.25,2,0.3,1,0.9895833333333334,1.0,1.0,0.96875,1.0,48,0.9375,1.0,0.25,36,0.9166666666666666,1.0,0.0,12,1.0,1.0,1.0,12,1.0,1.0,0.0,47,0.9361702127659575,1.0,0.2553191489361702,35,0.9142857142857143,1.0,0.0
300,0.25,2,0.3,2,0.9895833333333334,1.0,1.0,0.96875,0.9895833333333334,48,0.9375,0.9791666666666666,0.25,36,0.9166666666666666,0.9722222222222222,0.0,12,1.0,1.0,1.0,12,1.0,1.0,0.0,47,0.9574468085106383,1.0,0.2553191489361702,35,0.9428571428571428,1.0,0.0
300,0.25,4,0.0,0,1.0,1.0,1.0,0.9583333333333334,1.0,48,0.9166666666666666,1.0,0.2916666666666667,36,0.8888888888888888,1.0,0.05555555555555555,12,1.0,1.0,1.0,12,0.75,1.0,0.16666666666666666,48,0.9166666666666666,1.0,0.2916666666666667,36,0.8888888888888888,1.0,0.05555555555555555
300,0.25,4,0.03,0,1.0,1.0,1.0,0.9583333333333334,1.0,48,0.9166666666666666,1.0,0.2916666666666667,36,0.8888888888888888,1.0,0.05555555555555555,12,1.0,1.0,1.0,12,0.75,1.0,0.16666666666666666,48,0.9166666666666666,1.0,0.2916666666666667,36,0.8888888888888888,1.0,0.05555555555555555
300,0.25,4,0.03,1,1.0,1.0,1.0,0.9583333333333334,1.0,48,0.9166666666666666,1.0,0.2916666666666667,36,0.8888888888888888,1.0,0.05555555555555555,12,1.0,1.0,1.0,12,0.75,1.0,0.16666666666666666,48,0.9166666666666666,1.0,0.2916666666666667,36,0.8888888888888888,1.0,0.05555555555555555
300,0.25,4,0.03,2,1.0,1.0,1.0,0.9583333333333334,1.0,48,0.9166666666666666,1.0,0.2916666666666667,36,0.8888888888888888,1.0,0.05555555555555555,12,1.0,1.0,1.0,12,0.75,1.0,0.16666666666666666,48,0.9166666666666666,1.0,0.2916666666666667,36,0.8888888888888888,1.0,0.05555555555555555
300,0.25,4,0.1,0,1.0,1.0,1.0,0.9583333333333334,1.0,48,0.9166666666666666,1.0,0.2916666666666667,36,0.8888888888888888,1.0,0.05555555555555555,12,1.0,1.0,1.0,12,0.75,1.0,0.16666666666666666,48,0.9166666666666666,1.0,0.2916666666666667,36,0.8888888888888888,1.0,0.05555555555555555
300,0.25,4,0.1,1,1.0,1.0,1.0,0.9583333333333334,1.0,48,0.9166666666666666,1.0,0.2916666666666667,36,0.8888888888888888,1.0,0.05555555555555555,12,1.0,1.0,1.0,12,0.75,1.0,0.16666666666666666,48,0.9166666666666666,1.0,0.2916666666666667,36,0.8888888888888888,1.0,0.05555555555555555
300,0.25,4,0.1,2,1.0,1.0,1.0,0.9583333333333334,1.0,48,0.9166666666666666,1.0,0.2916666666666667,36,0.8888888888888888,1.0,0.05555555555555555,12,1.0,1.0,1.0,12,0.75,1.0,0.16666666666666666,48,0.9166666666666666,1.0,0.2916666666666667,36,0.8888888888888888,1.0,0.05555555555555555
300,0.25,4,0.3,0,1.0,1.0,1.0,0.9583333333333334,1.0,48,0.9166666666666666,1.0,0.2916666666666667,36,0.8888888888888888,1.0,0.05555555555555555,12,1.0,1.0,1.0,12,0.75,1.0,0.16666666666666666,48,0.9166666666666666,1.0,0.2916666666666667,36,0.8888888888888888,1.0,0.05555555555555555
300,0.25,4,0.3,1,1.0,1.0,1.0,0.9479166666666666,1.0,48,0.8958333333333334,1.0,0.2708333333333333,36,0.8888888888888888,1.0,0.05555555555555555,12,0.9166666666666666,1.0,0.9166666666666666,12,0.75,1.0,0.16666666666666666,48,0.8958333333333334,1.0,0.2708333333333333,36,0.8888888888888888,1.0,0.05555555555555555
300,0.25,4,0.3,2,1.0,1.0,1.0,0.9583333333333334,1.0,48,0.9166666666666666,1.0,0.2916666666666667,36,0.8888888888888888,1.0,0.05555555555555555,12,1.0,1.0,1.0,12,0.75,1.0,0.16666666666666666,48,0.9166666666666666,1.0,0.2916666666666667,36,0.8888888888888888,1.0,0.05555555555555555
300,0.5,2,0.0,0,1.0,1.0,1.0,1.0,1.0,48,1.0,1.0,0.5,24,1.0,1.0,0.0,24,1.0,1.0,1.0,12,1.0,1.0,0.0,48,1.0,1.0,0.5,24,1.0,1.0,0.0
300,0.5,2,0.03,0,1.0,1.0,1.0,1.0,1.0,48,1.0,1.0,0.5,24,1.0,1.0,0.0,24,1.0,1.0,1.0,12,1.0,1.0,0.0,48,1.0,1.0,0.5,24,1.0,1.0,0.0
300,0.5,2,0.03,1,1.0,1.0,1.0,1.0,1.0,48,1.0,1.0,0.5,24,1.0,1.0,0.0,24,1.0,1.0,1.0,12,1.0,1.0,0.0,48,1.0,1.0,0.5,24,1.0,1.0,0.0
300,0.5,2,0.03,2,1.0,1.0,1.0,1.0,1.0,48,1.0,1.0,0.5,24,1.0,1.0,0.0,24,1.0,1.0,1.0,12,1.0,1.0,0.0,48,1.0,1.0,0.5,24,1.0,1.0,0.0
300,0.5,2,0.1,0,1.0,1.0,1.0,1.0,1.0,48,1.0,1.0,0.5,24,1.0,1.0,0.0,24,1.0,1.0,1.0,12,1.0,1.0,0.0,48,1.0,1.0,0.5,24,1.0,1.0,0.0
300,0.5,2,0.1,1,1.0,1.0,1.0,1.0,1.0,48,1.0,1.0,0.5,24,1.0,1.0,0.0,24,1.0,1.0,1.0,12,1.0,1.0,0.0,48,1.0,1.0,0.5,24,1.0,1.0,0.0
300,0.5,2,0.1,2,1.0,1.0,1.0,1.0,1.0,48,1.0,1.0,0.5,24,1.0,1.0,0.0,24,1.0,1.0,1.0,12,1.0,1.0,0.0,48,1.0,1.0,0.5,24,1.0,1.0,0.0
300,0.5,2,0.3,0,0.9791666666666666,1.0,1.0,1.0,0.9895833333333334,48,1.0,0.9791666666666666,0.5,24,1.0,0.9583333333333334,0.0,24,1.0,1.0,1.0,12,1.0,1.0,0.0,47,1.0,1.0,0.5106382978723404,23,1.0,1.0,0.0
300,0.5,2,0.3,1,0.9791666666666666,1.0,1.0,1.0,0.9895833333333334,48,1.0,1.0,0.5,24,1.0,1.0,0.0,24,1.0,1.0,1.0,12,1.0,1.0,0.0,48,1.0,1.0,0.5,24,1.0,1.0,0.0
300,0.5,2,0.3,2,1.0,1.0,1.0,1.0,1.0,48,1.0,1.0,0.5,24,1.0,1.0,0.0,24,1.0,1.0,1.0,12,1.0,1.0,0.0,48,1.0,1.0,0.5,24,1.0,1.0,0.0
300,0.5,4,0.0,0,1.0,1.0,1.0,1.0,1.0,48,1.0,1.0,0.5,24,1.0,1.0,0.0,24,1.0,1.0,1.0,12,1.0,1.0,0.0,48,1.0,1.0,0.5,24,1.0,1.0,0.0
300,0.5,4,0.03,0,1.0,1.0,1.0,1.0,1.0,48,1.0,1.0,0.5,24,1.0,1.0,0.0,24,1.0,1.0,1.0,12,1.0,1.0,0.0,48,1.0,1.0,0.5,24,1.0,1.0,0.0
300,0.5,4,0.03,1,1.0,1.0,1.0,1.0,1.0,48,1.0,1.0,0.5,24,1.0,1.0,0.0,24,1.0,1.0,1.0,12,1.0,1.0,0.0,48,1.0,1.0,0.5,24,1.0,1.0,0.0
300,0.5,4,0.03,2,1.0,1.0,1.0,1.0,1.0,48,1.0,1.0,0.5,24,1.0,1.0,0.0,24,1.0,1.0,1.0,12,1.0,1.0,0.0,48,1.0,1.0,0.5,24,1.0,1.0,0.0
300,0.5,4,0.1,0,1.0,1.0,1.0,1.0,1.0,48,1.0,1.0,0.5,24,1.0,1.0,0.0,24,1.0,1.0,1.0,12,1.0,1.0,0.0,48,1.0,1.0,0.5,24,1.0,1.0,0.0
300,0.5,4,0.1,1,1.0,1.0,1.0,1.0,1.0,48,1.0,1.0,0.5,24,1.0,1.0,0.0,24,1.0,1.0,1.0,12,1.0,1.0,0.0,48,1.0,1.0,0.5,24,1.0,1.0,0.0
300,0.5,4,0.1,2,1.0,1.0,1.0,1.0,1.0,48,1.0,1.0,0.5,24,1.0,1.0,0.0,24,1.0,1.0,1.0,12,1.0,1.0,0.0,48,1.0,1.0,0.5,24,1.0,1.0,0.0
300,0.5,4,0.3,0,1.0,1.0,1.0,1.0,1.0,48,1.0,1.0,0.5,24,1.0,1.0,0.0,24,1.0,1.0,1.0,12,1.0,1.0,0.0,48,1.0,1.0,0.5,24,1.0,1.0,0.0
300,0.5,4,0.3,1,1.0,1.0,1.0,1.0,1.0,48,1.0,1.0,0.5,24,1.0,1.0,0.0,24,1.0,1.0,1.0,12,1.0,1.0,0.0,48,1.0,1.0,0.5,24,1.0,1.0,0.0
300,0.5,4,0.3,2,1.0,1.0,1.0,1.0,1.0,48,1.0,1.0,0.5,24,1.0,1.0,0.0,24,1.0,1.0,1.0,12,1.0,1.0,0.0,48,1.0,1.0,0.5,24,1.0,1.0,0.0
300,0.75,2,0.0,0,1.0,1.0,1.0,0.96875,1.0,48,0.9375,1.0,0.8125,12,0.75,1.0,0.25,36,1.0,1.0,1.0,12,0.75,1.0,0.25,48,0.9375,1.0,0.8125,12,0.75,1.0,0.25
300,0.75,2,0.03,0,1.0,1.0,1.0,0.96875,1.0,48,0.9375,1.0,0.8125,12,0.75,1.0,0.25,36,1.0,1.0,1.0,12,0.75,1.0,0.25,48,0.9375,1.0,0.8125,12,0.75,1.0,0.25
300,0.75,2,0.03,1,1.0,1.0,1.0,0.96875,1.0,48,0.9375,1.0,0.8125,12,0.75,1.0,0.25,36,1.0,1.0,1.0,12,0.75,1.0,0.25,48,0.9375,1.0,0.8125,12,0.75,1.0,0.25
300,0.75,2,0.03,2,1.0,1.0,1.0,0.96875,1.0,48,0.9375,1.0,0.8125,12,0.75,1.0,0.25,36,1.0,1.0,1.0,12,0.75,1.0,0.25,48,0.9375,1.0,0.8125,12,0.75,1.0,0.25
300,0.75,2,0.1,0,1.0,1.0,1.0,0.96875,1.0,48,0.9375,1.0,0.8125,12,0.75,1.0,0.25,36,1.0,1.0,1.0,12,0.75,1.0,0.25,48,0.9375,1.0,0.8125,12,0.75,1.0,0.25
300,0.75,2,0.1,1,1.0,1.0,1.0,0.96875,1.0,48,0.9375,1.0,0.8125,12,0.75,1.0,0.25,36,1.0,1.0,1.0,12,0.75,1.0,0.25,48,0.9375,1.0,0.8125,12,0.75,1.0,0.25
300,0.75,2,0.1,2,1.0,1.0,1.0,0.96875,1.0,48,0.9375,1.0,0.8125,12,0.75,1.0,0.25,36,1.0,1.0,1.0,12,0.75,1.0,0.25,48,0.9375,1.0,0.8125,12,0.75,1.0,0.25
300,0.75,2,0.3,0,0.9791666666666666,1.0,1.0,0.96875,0.9791666666666666,48,0.9375,0.9791666666666666,0.8125,12,0.75,1.0,0.25,36,1.0,0.9722222222222222,1.0,12,0.75,1.0,0.25,47,0.9361702127659575,1.0,0.8085106382978723,12,0.75,1.0,0.25
300,0.75,2,0.3,1,0.9895833333333334,1.0,1.0,0.9791666666666666,0.9895833333333334,48,0.9583333333333334,1.0,0.7916666666666666,12,0.8333333333333334,1.0,0.16666666666666666,36,1.0,1.0,1.0,12,0.8333333333333334,1.0,0.16666666666666666,48,0.9583333333333334,1.0,0.7916666666666666,12,0.8333333333333334,1.0,0.16666666666666666
300,0.75,2,0.3,2,1.0,1.0,1.0,0.9791666666666666,1.0,48,0.9583333333333334,1.0,0.7916666666666666,12,0.8333333333333334,1.0,0.16666666666666666,36,1.0,1.0,1.0,12,0.8333333333333334,1.0,0.16666666666666666,48,0.9583333333333334,1.0,0.7916666666666666,12,0.8333333333333334,1.0,0.16666666666666666
300,0.75,4,0.0,0,1.0,1.0,1.0,1.0,1.0,48,1.0,1.0,0.75,12,1.0,1.0,0.0,36,1.0,1.0,1.0,12,1.0,1.0,0.0,48,1.0,1.0,0.75,12,1.0,1.0,0.0
300,0.75,4,0.03,0,1.0,1.0,1.0,1.0,1.0,48,1.0,1.0,0.75,12,1.0,1.0,0.0,36,1.0,1.0,1.0,12,1.0,1.0,0.0,48,1.0,1.0,0.75,12,1.0,1.0,0.0
300,0.75,4,0.03,1,1.0,1.0,1.0,1.0,1.0,48,1.0,1.0,0.75,12,1.0,1.0,0.0,36,1.0,1.0,1.0,12,1.0,1.0,0.0,48,1.0,1.0,0.75,12,1.0,1.0,0.0
300,0.75,4,0.03,2,1.0,1.0,1.0,1.0,1.0,48,1.0,1.0,0.75,12,1.0,1.0,0.0,36,1.0,1.0,1.0,12,1.0,1.0,0.0,48,1.0,1.0,0.75,12,1.0,1.0,0.0
300,0.75,4,0.1,0,1.0,1.0,1.0,1.0,1.0,48,1.0,1.0,0.75,12,1.0,1.0,0.0,36,1.0,1.0,1.0,12,1.0,1.0,0.0,48,1.0,1.0,0.75,12,1.0,1.0,0.0
300,0.75,4,0.1,1,1.0,1.0,1.0,1.0,1.0,48,1.0,1.0,0.75,12,1.0,1.0,0.0,36,1.0,1.0,1.0,12,1.0,1.0,0.0,48,1.0,1.0,0.75,12,1.0,1.0,0.0
300,0.75,4,0.1,2,1.0,1.0,1.0,1.0,1.0,48,1.0,1.0,0.75,12,1.0,1.0,0.0,36,1.0,1.0,1.0,12,1.0,1.0,0.0,48,1.0,1.0,0.75,12,1.0,1.0,0.0
300,0.75,4,0.3,0,1.0,1.0,1.0,1.0,1.0,48,1.0,1.0,0.75,12,1.0,1.0,0.0,36,1.0,1.0,1.0,12,1.0,1.0,0.0,48,1.0,1.0,0.75,12,1.0,1.0,0.0
300,0.75,4,0.3,1,1.0,1.0,1.0,1.0,1.0,48,1.0,1.0,0.75,12,1.0,1.0,0.0,36,1.0,1.0,1.0,12,1.0,1.0,0.0,48,1.0,1.0,0.75,12,1.0,1.0,0.0
300,0.75,4,0.3,2,1.0,1.0,1.0,1.0,1.0,48,1.0,1.0,0.75,12,1.0,1.0,0.0,36,1.0,1.0,1.0,12,1.0,1.0,0.0,48,1.0,1.0,0.75,12,1.0,1.0,0.0
301,0.25,2,0.0,0,1.0,1.0,1.0,0.9791666666666666,1.0,48,0.9583333333333334,1.0,0.2916666666666667,36,0.9444444444444444,1.0,0.05555555555555555,12,1.0,1.0,1.0,12,1.0,1.0,0.0,48,0.9583333333333334,1.0,0.2916666666666667,36,0.9444444444444444,1.0,0.05555555555555555
301,0.25,2,0.03,0,1.0,1.0,1.0,0.9791666666666666,1.0,48,0.9583333333333334,1.0,0.2916666666666667,36,0.9444444444444444,1.0,0.05555555555555555,12,1.0,1.0,1.0,12,1.0,1.0,0.0,48,0.9583333333333334,1.0,0.2916666666666667,36,0.9444444444444444,1.0,0.05555555555555555
301,0.25,2,0.03,1,1.0,1.0,1.0,0.9791666666666666,1.0,48,0.9583333333333334,1.0,0.2916666666666667,36,0.9444444444444444,1.0,0.05555555555555555,12,1.0,1.0,1.0,12,1.0,1.0,0.0,48,0.9583333333333334,1.0,0.2916666666666667,36,0.9444444444444444,1.0,0.05555555555555555
301,0.25,2,0.03,2,1.0,1.0,1.0,0.9791666666666666,1.0,48,0.9583333333333334,1.0,0.2916666666666667,36,0.9444444444444444,1.0,0.05555555555555555,12,1.0,1.0,1.0,12,1.0,1.0,0.0,48,0.9583333333333334,1.0,0.2916666666666667,36,0.9444444444444444,1.0,0.05555555555555555
301,0.25,2,0.1,0,1.0,1.0,1.0,0.9791666666666666,1.0,48,0.9583333333333334,1.0,0.2916666666666667,36,0.9444444444444444,1.0,0.05555555555555555,12,1.0,1.0,1.0,12,1.0,1.0,0.0,48,0.9583333333333334,1.0,0.2916666666666667,36,0.9444444444444444,1.0,0.05555555555555555
301,0.25,2,0.1,1,1.0,1.0,1.0,0.9791666666666666,1.0,48,0.9583333333333334,1.0,0.2916666666666667,36,0.9444444444444444,1.0,0.05555555555555555,12,1.0,1.0,1.0,12,1.0,1.0,0.0,48,0.9583333333333334,1.0,0.2916666666666667,36,0.9444444444444444,1.0,0.05555555555555555
301,0.25,2,0.1,2,1.0,1.0,1.0,0.9791666666666666,1.0,48,0.9583333333333334,1.0,0.2916666666666667,36,0.9444444444444444,1.0,0.05555555555555555,12,1.0,1.0,1.0,12,1.0,1.0,0.0,48,0.9583333333333334,1.0,0.2916666666666667,36,0.9444444444444444,1.0,0.05555555555555555
301,0.25,2,0.3,0,1.0,1.0,1.0,0.9791666666666666,1.0,48,0.9583333333333334,1.0,0.2916666666666667,36,0.9444444444444444,1.0,0.05555555555555555,12,1.0,1.0,1.0,12,1.0,1.0,0.0,48,0.9583333333333334,1.0,0.2916666666666667,36,0.9444444444444444,1.0,0.05555555555555555
301,0.25,2,0.3,1,1.0,1.0,1.0,0.96875,1.0,48,0.9375,1.0,0.3125,36,0.9166666666666666,1.0,0.08333333333333333,12,1.0,1.0,1.0,12,0.9166666666666666,1.0,0.08333333333333333,48,0.9375,1.0,0.3125,36,0.9166666666666666,1.0,0.08333333333333333
301,0.25,2,0.3,2,1.0,1.0,1.0,0.9791666666666666,1.0,48,0.9583333333333334,1.0,0.2916666666666667,36,0.9444444444444444,1.0,0.05555555555555555,12,1.0,1.0,1.0,12,1.0,1.0,0.0,48,0.9583333333333334,1.0,0.2916666666666667,36,0.9444444444444444,1.0,0.05555555555555555
301,0.25,4,0.0,0,1.0,1.0,1.0,0.8645833333333334,1.0,48,0.7291666666666666,1.0,0.4166666666666667,36,0.6388888888888888,1.0,0.2222222222222222,12,1.0,1.0,1.0,12,0.75,1.0,0.08333333333333333,48,0.7291666666666666,1.0,0.4166666666666667,36,0.6388888888888888,1.0,0.2222222222222222
301,0.25,4,0.03,0,1.0,1.0,1.0,0.8645833333333334,1.0,48,0.7291666666666666,1.0,0.4166666666666667,36,0.6388888888888888,1.0,0.2222222222222222,12,1.0,1.0,1.0,12,0.75,1.0,0.08333333333333333,48,0.7291666666666666,1.0,0.4166666666666667,36,0.6388888888888888,1.0,0.2222222222222222
301,0.25,4,0.03,1,1.0,1.0,1.0,0.8645833333333334,1.0,48,0.7291666666666666,1.0,0.4166666666666667,36,0.6388888888888888,1.0,0.2222222222222222,12,1.0,1.0,1.0,12,0.75,1.0,0.08333333333333333,48,0.7291666666666666,1.0,0.4166666666666667,36,0.6388888888888888,1.0,0.2222222222222222
301,0.25,4,0.03,2,1.0,1.0,1.0,0.8645833333333334,1.0,48,0.7291666666666666,1.0,0.4166666666666667,36,0.6388888888888888,1.0,0.2222222222222222,12,1.0,1.0,1.0,12,0.75,1.0,0.08333333333333333,48,0.7291666666666666,1.0,0.4166666666666667,36,0.6388888888888888,1.0,0.2222222222222222
301,0.25,4,0.1,0,1.0,1.0,1.0,0.8645833333333334,1.0,48,0.7291666666666666,1.0,0.4166666666666667,36,0.6388888888888888,1.0,0.2222222222222222,12,1.0,1.0,1.0,12,0.75,1.0,0.08333333333333333,48,0.7291666666666666,1.0,0.4166666666666667,36,0.6388888888888888,1.0,0.2222222222222222
301,0.25,4,0.1,1,1.0,1.0,1.0,0.8645833333333334,1.0,48,0.7291666666666666,1.0,0.4166666666666667,36,0.6388888888888888,1.0,0.2222222222222222,12,1.0,1.0,1.0,12,0.75,1.0,0.08333333333333333,48,0.7291666666666666,1.0,0.4166666666666667,36,0.6388888888888888,1.0,0.2222222222222222
301,0.25,4,0.1,2,1.0,1.0,1.0,0.8645833333333334,1.0,48,0.7291666666666666,1.0,0.4166666666666667,36,0.6388888888888888,1.0,0.2222222222222222,12,1.0,1.0,1.0,12,0.75,1.0,0.08333333333333333,48,0.7291666666666666,1.0,0.4166666666666667,36,0.6388888888888888,1.0,0.2222222222222222
301,0.25,4,0.3,0,1.0,1.0,1.0,0.8541666666666666,1.0,48,0.7083333333333334,1.0,0.4166666666666667,36,0.6111111111111112,1.0,0.2222222222222222,12,1.0,1.0,1.0,12,0.75,1.0,0.08333333333333333,48,0.7083333333333334,1.0,0.4166666666666667,36,0.6111111111111112,1.0,0.2222222222222222
301,0.25,4,0.3,1,0.9895833333333334,1.0,1.0,0.8645833333333334,0.9895833333333334,48,0.7291666666666666,0.9791666666666666,0.4166666666666667,36,0.6388888888888888,0.9722222222222222,0.2222222222222222,12,1.0,1.0,1.0,12,0.75,1.0,0.08333333333333333,47,0.7446808510638298,1.0,0.40425531914893614,35,0.6571428571428571,1.0,0.2
301,0.25,4,0.3,2,1.0,1.0,1.0,0.875,1.0,48,0.75,1.0,0.4166666666666667,36,0.6666666666666666,1.0,0.2222222222222222,12,1.0,1.0,1.0,12,0.75,1.0,0.08333333333333333,48,0.75,1.0,0.4166666666666667,36,0.6666666666666666,1.0,0.2222222222222222
301,0.5,2,0.0,0,1.0,1.0,1.0,0.9583333333333334,1.0,48,0.9166666666666666,1.0,0.5,24,0.875,1.0,0.041666666666666664,24,0.9583333333333334,1.0,0.9583333333333334,12,0.9166666666666666,1.0,0.08333333333333333,48,0.9166666666666666,1.0,0.5,24,0.875,1.0,0.041666666666666664
301,0.5,2,0.03,0,1.0,1.0,1.0,0.9583333333333334,1.0,48,0.9166666666666666,1.0,0.5,24,0.875,1.0,0.041666666666666664,24,0.9583333333333334,1.0,0.9583333333333334,12,0.9166666666666666,1.0,0.08333333333333333,48,0.9166666666666666,1.0,0.5,24,0.875,1.0,0.041666666666666664
301,0.5,2,0.03,1,1.0,1.0,1.0,0.9583333333333334,1.0,48,0.9166666666666666,1.0,0.5,24,0.875,1.0,0.041666666666666664,24,0.9583333333333334,1.0,0.9583333333333334,12,0.9166666666666666,1.0,0.08333333333333333,48,0.9166666666666666,1.0,0.5,24,0.875,1.0,0.041666666666666664
301,0.5,2,0.03,2,1.0,1.0,1.0,0.9583333333333334,1.0,48,0.9166666666666666,1.0,0.5,24,0.875,1.0,0.041666666666666664,24,0.9583333333333334,1.0,0.9583333333333334,12,0.9166666666666666,1.0,0.08333333333333333,48,0.9166666666666666,1.0,0.5,24,0.875,1.0,0.041666666666666664
301,0.5,2,0.1,0,1.0,1.0,1.0,0.9583333333333334,1.0,48,0.9166666666666666,1.0,0.5,24,0.875,1.0,0.041666666666666664,24,0.9583333333333334,1.0,0.9583333333333334,12,0.9166666666666666,1.0,0.08333333333333333,48,0.9166666666666666,1.0,0.5,24,0.875,1.0,0.041666666666666664
301,0.5,2,0.1,1,1.0,1.0,1.0,0.9583333333333334,1.0,48,0.9166666666666666,1.0,0.5,24,0.875,1.0,0.041666666666666664,24,0.9583333333333334,1.0,0.9583333333333334,12,0.9166666666666666,1.0,0.08333333333333333,48,0.9166666666666666,1.0,0.5,24,0.875,1.0,0.041666666666666664
301,0.5,2,0.1,2,1.0,1.0,1.0,0.9583333333333334,1.0,48,0.9166666666666666,1.0,0.5,24,0.875,1.0,0.041666666666666664,24,0.9583333333333334,1.0,0.9583333333333334,12,0.9166666666666666,1.0,0.08333333333333333,48,0.9166666666666666,1.0,0.5,24,0.875,1.0,0.041666666666666664
301,0.5,2,0.3,0,0.9791666666666666,1.0,1.0,0.9583333333333334,0.9791666666666666,48,0.9166666666666666,0.9791666666666666,0.5,24,0.875,1.0,0.041666666666666664,24,0.9583333333333334,0.9583333333333334,0.9583333333333334,12,0.9166666666666666,1.0,0.08333333333333333,47,0.9148936170212766,1.0,0.48936170212765956,24,0.875,1.0,0.041666666666666664
301,0.5,2,0.3,1,0.9895833333333334,1.0,1.0,0.9583333333333334,0.9895833333333334,48,0.9166666666666666,1.0,0.5,24,0.875,1.0,0.041666666666666664,24,0.9583333333333334,1.0,0.9583333333333334,12,0.9166666666666666,1.0,0.08333333333333333,48,0.9166666666666666,1.0,0.5,24,0.875,1.0,0.041666666666666664
301,0.5,2,0.3,2,1.0,1.0,1.0,0.9583333333333334,1.0,48,0.9166666666666666,1.0,0.5,24,0.875,1.0,0.041666666666666664,24,0.9583333333333334,1.0,0.9583333333333334,12,0.9166666666666666,1.0,0.08333333333333333,48,0.9166666666666666,1.0,0.5,24,0.875,1.0,0.041666666666666664
301,0.5,4,0.0,0,1.0,1.0,1.0,0.9791666666666666,1.0,48,0.9583333333333334,1.0,0.5,24,0.9583333333333334,1.0,0.041666666666666664,24,0.9583333333333334,1.0,0.9583333333333334,12,0.9166666666666666,1.0,0.08333333333333333,48,0.9583333333333334,1.0,0.5,24,0.9583333333333334,1.0,0.041666666666666664
301,0.5,4,0.03,0,1.0,1.0,1.0,0.9791666666666666,1.0,48,0.9583333333333334,1.0,0.5,24,0.9583333333333334,1.0,0.041666666666666664,24,0.9583333333333334,1.0,0.9583333333333334,12,0.9166666666666666,1.0,0.08333333333333333,48,0.9583333333333334,1.0,0.5,24,0.9583333333333334,1.0,0.041666666666666664
301,0.5,4,0.03,1,1.0,1.0,1.0,0.9583333333333334,1.0,48,0.9166666666666666,1.0,0.5,24,0.9166666666666666,1.0,0.08333333333333333,24,0.9166666666666666,1.0,0.9166666666666666,12,0.8333333333333334,1.0,0.16666666666666666,48,0.9166666666666666,1.0,0.5,24,0.9166666666666666,1.0,0.08333333333333333
301,0.5,4,0.03,2,1.0,1.0,1.0,0.9583333333333334,1.0,48,0.9166666666666666,1.0,0.5,24,0.9166666666666666,1.0,0.08333333333333333,24,0.9166666666666666,1.0,0.9166666666666666,12,0.8333333333333334,1.0,0.16666666666666666,48,0.9166666666666666,1.0,0.5,24,0.9166666666666666,1.0,0.08333333333333333
301,0.5,4,0.1,0,1.0,1.0,1.0,0.9791666666666666,1.0,48,0.9583333333333334,1.0,0.5,24,0.9583333333333334,1.0,0.041666666666666664,24,0.9583333333333334,1.0,0.9583333333333334,12,0.9166666666666666,1.0,0.08333333333333333,48,0.9583333333333334,1.0,0.5,24,0.9583333333333334,1.0,0.041666666666666664
301,0.5,4,0.1,1,1.0,1.0,1.0,0.9583333333333334,1.0,48,0.9166666666666666,1.0,0.5,24,0.9166666666666666,1.0,0.08333333333333333,24,0.9166666666666666,1.0,0.9166666666666666,12,0.8333333333333334,1.0,0.16666666666666666,48,0.9166666666666666,1.0,0.5,24,0.9166666666666666,1.0,0.08333333333333333
301,0.5,4,0.1,2,1.0,1.0,1.0,0.9583333333333334,1.0,48,0.9166666666666666,1.0,0.5,24,0.9166666666666666,1.0,0.08333333333333333,24,0.9166666666666666,1.0,0.9166666666666666,12,0.8333333333333334,1.0,0.16666666666666666,48,0.9166666666666666,1.0,0.5,24,0.9166666666666666,1.0,0.08333333333333333
301,0.5,4,0.3,0,1.0,1.0,1.0,0.96875,1.0,48,0.9375,1.0,0.4791666666666667,24,0.9583333333333334,1.0,0.041666666666666664,24,0.9166666666666666,1.0,0.9166666666666666,12,0.9166666666666666,1.0,0.08333333333333333,48,0.9375,1.0,0.4791666666666667,24,0.9583333333333334,1.0,0.041666666666666664
301,0.5,4,0.3,1,1.0,1.0,1.0,0.96875,1.0,48,0.9375,1.0,0.4791666666666667,24,0.9583333333333334,1.0,0.041666666666666664,24,0.9166666666666666,1.0,0.9166666666666666,12,0.9166666666666666,1.0,0.08333333333333333,48,0.9375,1.0,0.4791666666666667,24,0.9583333333333334,1.0,0.041666666666666664
301,0.5,4,0.3,2,1.0,1.0,1.0,0.9583333333333334,1.0,48,0.9166666666666666,1.0,0.5,24,0.9166666666666666,1.0,0.08333333333333333,24,0.9166666666666666,1.0,0.9166666666666666,12,0.8333333333333334,1.0,0.16666666666666666,48,0.9166666666666666,1.0,0.5,24,0.9166666666666666,1.0,0.08333333333333333
301,0.75,2,0.0,0,1.0,1.0,1.0,0.90625,1.0,48,0.8125,1.0,0.9375,12,0.25,1.0,0.75,36,1.0,1.0,1.0,12,0.25,1.0,0.75,48,0.8125,1.0,0.9375,12,0.25,1.0,0.75
301,0.75,2,0.03,0,1.0,1.0,1.0,0.90625,1.0,48,0.8125,1.0,0.9375,12,0.25,1.0,0.75,36,1.0,1.0,1.0,12,0.25,1.0,0.75,48,0.8125,1.0,0.9375,12,0.25,1.0,0.75
301,0.75,2,0.03,1,1.0,1.0,1.0,0.90625,1.0,48,0.8125,1.0,0.9375,12,0.25,1.0,0.75,36,1.0,1.0,1.0,12,0.25,1.0,0.75,48,0.8125,1.0,0.9375,12,0.25,1.0,0.75
301,0.75,2,0.03,2,1.0,1.0,1.0,0.90625,1.0,48,0.8125,1.0,0.9375,12,0.25,1.0,0.75,36,1.0,1.0,1.0,12,0.25,1.0,0.75,48,0.8125,1.0,0.9375,12,0.25,1.0,0.75
301,0.75,2,0.1,0,1.0,1.0,1.0,0.9166666666666666,1.0,48,0.8333333333333334,1.0,0.9166666666666666,12,0.3333333333333333,1.0,0.6666666666666666,36,1.0,1.0,1.0,12,0.3333333333333333,1.0,0.6666666666666666,48,0.8333333333333334,1.0,0.9166666666666666,12,0.3333333333333333,1.0,0.6666666666666666
301,0.75,2,0.1,1,1.0,1.0,1.0,0.90625,1.0,48,0.8125,1.0,0.9375,12,0.25,1.0,0.75,36,1.0,1.0,1.0,12,0.25,1.0,0.75,48,0.8125,1.0,0.9375,12,0.25,1.0,0.75
301,0.75,2,0.1,2,1.0,1.0,1.0,0.90625,1.0,48,0.8125,1.0,0.9375,12,0.25,1.0,0.75,36,1.0,1.0,1.0,12,0.25,1.0,0.75,48,0.8125,1.0,0.9375,12,0.25,1.0,0.75
301,0.75,2,0.3,0,0.9583333333333334,1.0,1.0,0.90625,0.9895833333333334,48,0.8125,1.0,0.9375,12,0.25,1.0,0.75,36,1.0,1.0,1.0,12,0.25,1.0,0.75,45,0.8,1.0,0.9333333333333333,12,0.25,1.0,0.75
301,0.75,2,0.3,1,0.9791666666666666,1.0,1.0,0.90625,1.0,48,0.8125,1.0,0.9375,12,0.25,1.0,0.75,36,1.0,1.0,1.0,12,0.25,1.0,0.75,48,0.8125,1.0,0.9375,12,0.25,1.0,0.75
301,0.75,2,0.3,2,1.0,1.0,1.0,0.90625,1.0,48,0.8125,1.0,0.9375,12,0.25,1.0,0.75,36,1.0,1.0,1.0,12,0.25,1.0,0.75,48,0.8125,1.0,0.9375,12,0.25,1.0,0.75
301,0.75,4,0.0,0,1.0,1.0,1.0,0.9895833333333334,1.0,48,0.9791666666666666,1.0,0.7708333333333334,12,0.9166666666666666,1.0,0.08333333333333333,36,1.0,1.0,1.0,12,0.9166666666666666,1.0,0.08333333333333333,48,0.9791666666666666,1.0,0.7708333333333334,12,0.9166666666666666,1.0,0.08333333333333333
301,0.75,4,0.03,0,1.0,1.0,1.0,0.9895833333333334,1.0,48,0.9791666666666666,1.0,0.7708333333333334,12,0.9166666666666666,1.0,0.08333333333333333,36,1.0,1.0,1.0,12,0.9166666666666666,1.0,0.08333333333333333,48,0.9791666666666666,1.0,0.7708333333333334,12,0.9166666666666666,1.0,0.08333333333333333
301,0.75,4,0.03,1,1.0,1.0,1.0,0.9895833333333334,1.0,48,0.9791666666666666,1.0,0.7708333333333334,12,0.9166666666666666,1.0,0.08333333333333333,36,1.0,1.0,1.0,12,0.9166666666666666,1.0,0.08333333333333333,48,0.9791666666666666,1.0,0.7708333333333334,12,0.9166666666666666,1.0,0.08333333333333333
301,0.75,4,0.03,2,1.0,1.0,1.0,0.9895833333333334,1.0,48,0.9791666666666666,1.0,0.7708333333333334,12,0.9166666666666666,1.0,0.08333333333333333,36,1.0,1.0,1.0,12,0.9166666666666666,1.0,0.08333333333333333,48,0.9791666666666666,1.0,0.7708333333333334,12,0.9166666666666666,1.0,0.08333333333333333
301,0.75,4,0.1,0,1.0,1.0,1.0,0.9895833333333334,1.0,48,0.9791666666666666,1.0,0.7708333333333334,12,0.9166666666666666,1.0,0.08333333333333333,36,1.0,1.0,1.0,12,0.9166666666666666,1.0,0.08333333333333333,48,0.9791666666666666,1.0,0.7708333333333334,12,0.9166666666666666,1.0,0.08333333333333333
301,0.75,4,0.1,1,1.0,1.0,1.0,0.9895833333333334,1.0,48,0.9791666666666666,1.0,0.7708333333333334,12,0.9166666666666666,1.0,0.08333333333333333,36,1.0,1.0,1.0,12,0.9166666666666666,1.0,0.08333333333333333,48,0.9791666666666666,1.0,0.7708333333333334,12,0.9166666666666666,1.0,0.08333333333333333
301,0.75,4,0.1,2,1.0,1.0,1.0,0.9895833333333334,1.0,48,0.9791666666666666,1.0,0.7708333333333334,12,0.9166666666666666,1.0,0.08333333333333333,36,1.0,1.0,1.0,12,0.9166666666666666,1.0,0.08333333333333333,48,0.9791666666666666,1.0,0.7708333333333334,12,0.9166666666666666,1.0,0.08333333333333333
301,0.75,4,0.3,0,1.0,1.0,1.0,0.9895833333333334,1.0,48,0.9791666666666666,1.0,0.7708333333333334,12,0.9166666666666666,1.0,0.08333333333333333,36,1.0,1.0,1.0,12,0.9166666666666666,1.0,0.08333333333333333,48,0.9791666666666666,1.0,0.7708333333333334,12,0.9166666666666666,1.0,0.08333333333333333
301,0.75,4,0.3,1,1.0,1.0,1.0,0.9791666666666666,1.0,48,0.9583333333333334,1.0,0.7916666666666666,12,0.8333333333333334,1.0,0.16666666666666666,36,1.0,1.0,1.0,12,0.8333333333333334,1.0,0.16666666666666666,48,0.9583333333333334,1.0,0.7916666666666666,12,0.8333333333333334,1.0,0.16666666666666666
301,0.75,4,0.3,2,1.0,1.0,1.0,0.9895833333333334,1.0,48,0.9791666666666666,1.0,0.7708333333333334,12,0.9166666666666666,1.0,0.08333333333333333,36,1.0,1.0,1.0,12,0.9166666666666666,1.0,0.08333333333333333,48,0.9791666666666666,1.0,0.7708333333333334,12,0.9166666666666666,1.0,0.08333333333333333
302,0.25,2,0.0,0,1.0,1.0,1.0,0.9479166666666666,1.0,48,0.8958333333333334,1.0,0.3541666666666667,36,0.8611111111111112,1.0,0.1388888888888889,12,1.0,1.0,1.0,12,0.9166666666666666,1.0,0.08333333333333333,48,0.8958333333333334,1.0,0.3541666666666667,36,0.8611111111111112,1.0,0.1388888888888889
302,0.25,2,0.03,0,1.0,1.0,1.0,0.9479166666666666,1.0,48,0.8958333333333334,1.0,0.3541666666666667,36,0.8611111111111112,1.0,0.1388888888888889,12,1.0,1.0,1.0,12,0.9166666666666666,1.0,0.08333333333333333,48,0.8958333333333334,1.0,0.3541666666666667,36,0.8611111111111112,1.0,0.1388888888888889
302,0.25,2,0.03,1,1.0,1.0,1.0,0.9479166666666666,1.0,48,0.8958333333333334,1.0,0.3541666666666667,36,0.8611111111111112,1.0,0.1388888888888889,12,1.0,1.0,1.0,12,0.9166666666666666,1.0,0.08333333333333333,48,0.8958333333333334,1.0,0.3541666666666667,36,0.8611111111111112,1.0,0.1388888888888889
302,0.25,2,0.03,2,1.0,1.0,1.0,0.9375,1.0,48,0.875,1.0,0.3541666666666667,36,0.8333333333333334,1.0,0.1388888888888889,12,1.0,1.0,1.0,12,0.9166666666666666,1.0,0.08333333333333333,48,0.875,1.0,0.3541666666666667,36,0.8333333333333334,1.0,0.1388888888888889
302,0.25,2,0.1,0,1.0,1.0,1.0,0.9479166666666666,1.0,48,0.8958333333333334,1.0,0.3541666666666667,36,0.8611111111111112,1.0,0.1388888888888889,12,1.0,1.0,1.0,12,0.9166666666666666,1.0,0.08333333333333333,48,0.8958333333333334,1.0,0.3541666666666667,36,0.8611111111111112,1.0,0.1388888888888889
302,0.25,2,0.1,1,1.0,1.0,1.0,0.9479166666666666,1.0,48,0.8958333333333334,1.0,0.3541666666666667,36,0.8611111111111112,1.0,0.1388888888888889,12,1.0,1.0,1.0,12,0.9166666666666666,1.0,0.08333333333333333,48,0.8958333333333334,1.0,0.3541666666666667,36,0.8611111111111112,1.0,0.1388888888888889
302,0.25,2,0.1,2,1.0,1.0,1.0,0.9375,1.0,48,0.875,1.0,0.3541666666666667,36,0.8333333333333334,1.0,0.1388888888888889,12,1.0,1.0,1.0,12,0.9166666666666666,1.0,0.08333333333333333,48,0.875,1.0,0.3541666666666667,36,0.8333333333333334,1.0,0.1388888888888889
302,0.25,2,0.3,0,1.0,1.0,1.0,0.9479166666666666,1.0,48,0.8958333333333334,1.0,0.3541666666666667,36,0.8611111111111112,1.0,0.1388888888888889,12,1.0,1.0,1.0,12,0.9166666666666666,1.0,0.08333333333333333,48,0.8958333333333334,1.0,0.3541666666666667,36,0.8611111111111112,1.0,0.1388888888888889
302,0.25,2,0.3,1,1.0,1.0,1.0,0.9479166666666666,1.0,48,0.8958333333333334,1.0,0.3541666666666667,36,0.8611111111111112,1.0,0.1388888888888889,12,1.0,1.0,1.0,12,0.9166666666666666,1.0,0.08333333333333333,48,0.8958333333333334,1.0,0.3541666666666667,36,0.8611111111111112,1.0,0.1388888888888889
302,0.25,2,0.3,2,1.0,1.0,1.0,0.9375,1.0,48,0.875,1.0,0.3541666666666667,36,0.8333333333333334,1.0,0.1388888888888889,12,1.0,1.0,1.0,12,0.9166666666666666,1.0,0.08333333333333333,48,0.875,1.0,0.3541666666666667,36,0.8333333333333334,1.0,0.1388888888888889
302,0.25,4,0.0,0,1.0,1.0,1.0,0.96875,1.0,48,0.9375,1.0,0.2916666666666667,36,0.9166666666666666,1.0,0.05555555555555555,12,1.0,1.0,1.0,12,0.8333333333333334,1.0,0.08333333333333333,48,0.9375,1.0,0.2916666666666667,36,0.9166666666666666,1.0,0.05555555555555555
302,0.25,4,0.03,0,1.0,1.0,1.0,0.96875,1.0,48,0.9375,1.0,0.2916666666666667,36,0.9166666666666666,1.0,0.05555555555555555,12,1.0,1.0,1.0,12,0.8333333333333334,1.0,0.08333333333333333,48,0.9375,1.0,0.2916666666666667,36,0.9166666666666666,1.0,0.05555555555555555
302,0.25,4,0.03,1,1.0,1.0,1.0,0.96875,1.0,48,0.9375,1.0,0.2916666666666667,36,0.9166666666666666,1.0,0.05555555555555555,12,1.0,1.0,1.0,12,0.8333333333333334,1.0,0.08333333333333333,48,0.9375,1.0,0.2916666666666667,36,0.9166666666666666,1.0,0.05555555555555555
302,0.25,4,0.03,2,1.0,1.0,1.0,0.96875,1.0,48,0.9375,1.0,0.2916666666666667,36,0.9166666666666666,1.0,0.05555555555555555,12,1.0,1.0,1.0,12,0.8333333333333334,1.0,0.08333333333333333,48,0.9375,1.0,0.2916666666666667,36,0.9166666666666666,1.0,0.05555555555555555
302,0.25,4,0.1,0,1.0,1.0,1.0,0.96875,1.0,48,0.9375,1.0,0.2916666666666667,36,0.9166666666666666,1.0,0.05555555555555555,12,1.0,1.0,1.0,12,0.8333333333333334,1.0,0.08333333333333333,48,0.9375,1.0,0.2916666666666667,36,0.9166666666666666,1.0,0.05555555555555555
302,0.25,4,0.1,1,1.0,1.0,1.0,0.96875,1.0,48,0.9375,1.0,0.2916666666666667,36,0.9166666666666666,1.0,0.05555555555555555,12,1.0,1.0,1.0,12,0.8333333333333334,1.0,0.08333333333333333,48,0.9375,1.0,0.2916666666666667,36,0.9166666666666666,1.0,0.05555555555555555
302,0.25,4,0.1,2,1.0,1.0,1.0,0.96875,1.0,48,0.9375,1.0,0.2916666666666667,36,0.9166666666666666,1.0,0.05555555555555555,12,1.0,1.0,1.0,12,0.8333333333333334,1.0,0.08333333333333333,48,0.9375,1.0,0.2916666666666667,36,0.9166666666666666,1.0,0.05555555555555555
302,0.25,4,0.3,0,1.0,1.0,1.0,0.96875,1.0,48,0.9375,1.0,0.2916666666666667,36,0.9166666666666666,1.0,0.05555555555555555,12,1.0,1.0,1.0,12,0.8333333333333334,1.0,0.08333333333333333,48,0.9375,1.0,0.2916666666666667,36,0.9166666666666666,1.0,0.05555555555555555
302,0.25,4,0.3,1,0.9895833333333334,1.0,1.0,0.96875,1.0,48,0.9375,1.0,0.2916666666666667,36,0.9166666666666666,1.0,0.05555555555555555,12,1.0,1.0,1.0,12,0.8333333333333334,1.0,0.08333333333333333,47,0.9361702127659575,1.0,0.2978723404255319,35,0.9142857142857143,1.0,0.05714285714285714
302,0.25,4,0.3,2,0.96875,1.0,1.0,0.96875,0.96875,48,0.9375,0.9583333333333334,0.2916666666666667,36,0.9166666666666666,0.9444444444444444,0.05555555555555555,12,1.0,1.0,1.0,12,0.8333333333333334,0.9166666666666666,0.08333333333333333,46,0.9347826086956522,1.0,0.30434782608695654,34,0.9117647058823529,1.0,0.058823529411764705
302,0.5,2,0.0,0,1.0,1.0,1.0,0.90625,1.0,48,0.8125,1.0,0.5625,24,0.75,1.0,0.25,24,0.875,1.0,0.875,12,0.8333333333333334,1.0,0.16666666666666666,48,0.8125,1.0,0.5625,24,0.75,1.0,0.25
302,0.5,2,0.03,0,1.0,1.0,1.0,0.90625,1.0,48,0.8125,1.0,0.5625,24,0.75,1.0,0.25,24,0.875,1.0,0.875,12,0.8333333333333334,1.0,0.16666666666666666,48,0.8125,1.0,0.5625,24,0.75,1.0,0.25
302,0.5,2,0.03,1,1.0,1.0,1.0,0.90625,1.0,48,0.8125,1.0,0.5625,24,0.75,1.0,0.25,24,0.875,1.0,0.875,12,0.8333333333333334,1.0,0.16666666666666666,48,0.8125,1.0,0.5625,24,0.75,1.0,0.25
302,0.5,2,0.03,2,1.0,1.0,1.0,0.90625,1.0,48,0.8125,1.0,0.5625,24,0.75,1.0,0.25,24,0.875,1.0,0.875,12,0.8333333333333334,1.0,0.16666666666666666,48,0.8125,1.0,0.5625,24,0.75,1.0,0.25
302,0.5,2,0.1,0,1.0,1.0,1.0,0.90625,1.0,48,0.8125,1.0,0.5625,24,0.75,1.0,0.25,24,0.875,1.0,0.875,12,0.8333333333333334,1.0,0.16666666666666666,48,0.8125,1.0,0.5625,24,0.75,1.0,0.25
302,0.5,2,0.1,1,1.0,1.0,1.0,0.90625,1.0,48,0.8125,1.0,0.5625,24,0.75,1.0,0.25,24,0.875,1.0,0.875,12,0.8333333333333334,1.0,0.16666666666666666,48,0.8125,1.0,0.5625,24,0.75,1.0,0.25
302,0.5,2,0.1,2,1.0,1.0,1.0,0.90625,1.0,48,0.8125,1.0,0.5625,24,0.75,1.0,0.25,24,0.875,1.0,0.875,12,0.8333333333333334,1.0,0.16666666666666666,48,0.8125,1.0,0.5625,24,0.75,1.0,0.25
302,0.5,2,0.3,0,1.0,1.0,1.0,0.90625,1.0,48,0.8125,1.0,0.5625,24,0.75,1.0,0.25,24,0.875,1.0,0.875,12,0.8333333333333334,1.0,0.16666666666666666,48,0.8125,1.0,0.5625,24,0.75,1.0,0.25
302,0.5,2,0.3,1,1.0,1.0,1.0,0.8958333333333334,1.0,48,0.7916666666666666,1.0,0.5625,24,0.7083333333333334,1.0,0.25,24,0.875,1.0,0.875,12,0.75,1.0,0.16666666666666666,48,0.7916666666666666,1.0,0.5625,24,0.7083333333333334,1.0,0.25
302,0.5,2,0.3,2,1.0,1.0,1.0,0.90625,1.0,48,0.8125,1.0,0.5625,24,0.75,1.0,0.25,24,0.875,1.0,0.875,12,0.8333333333333334,1.0,0.16666666666666666,48,0.8125,1.0,0.5625,24,0.75,1.0,0.25
302,0.5,4,0.0,0,1.0,1.0,1.0,0.9895833333333334,1.0,48,0.9791666666666666,1.0,0.5208333333333334,24,0.9583333333333334,1.0,0.041666666666666664,24,1.0,1.0,1.0,12,1.0,1.0,0.0,48,0.9791666666666666,1.0,0.5208333333333334,24,0.9583333333333334,1.0,0.041666666666666664
302,0.5,4,0.03,0,1.0,1.0,1.0,0.9895833333333334,1.0,48,0.9791666666666666,1.0,0.5208333333333334,24,0.9583333333333334,1.0,0.041666666666666664,24,1.0,1.0,1.0,12,1.0,1.0,0.0,48,0.9791666666666666,1.0,0.5208333333333334,24,0.9583333333333334,1.0,0.041666666666666664
302,0.5,4,0.03,1,1.0,1.0,1.0,0.9895833333333334,1.0,48,0.9791666666666666,1.0,0.5208333333333334,24,0.9583333333333334,1.0,0.041666666666666664,24,1.0,1.0,1.0,12,1.0,1.0,0.0,48,0.9791666666666666,1.0,0.5208333333333334,24,0.9583333333333334,1.0,0.041666666666666664
302,0.5,4,0.03,2,1.0,1.0,1.0,0.9895833333333334,1.0,48,0.9791666666666666,1.0,0.5208333333333334,24,0.9583333333333334,1.0,0.041666666666666664,24,1.0,1.0,1.0,12,1.0,1.0,0.0,48,0.9791666666666666,1.0,0.5208333333333334,24,0.9583333333333334,1.0,0.041666666666666664
302,0.5,4,0.1,0,1.0,1.0,1.0,0.9895833333333334,1.0,48,0.9791666666666666,1.0,0.5208333333333334,24,0.9583333333333334,1.0,0.041666666666666664,24,1.0,1.0,1.0,12,1.0,1.0,0.0,48,0.9791666666666666,1.0,0.5208333333333334,24,0.9583333333333334,1.0,0.041666666666666664
302,0.5,4,0.1,1,1.0,1.0,1.0,0.9895833333333334,1.0,48,0.9791666666666666,1.0,0.5208333333333334,24,0.9583333333333334,1.0,0.041666666666666664,24,1.0,1.0,1.0,12,1.0,1.0,0.0,48,0.9791666666666666,1.0,0.5208333333333334,24,0.9583333333333334,1.0,0.041666666666666664
302,0.5,4,0.1,2,1.0,1.0,1.0,0.9895833333333334,1.0,48,0.9791666666666666,1.0,0.5208333333333334,24,0.9583333333333334,1.0,0.041666666666666664,24,1.0,1.0,1.0,12,1.0,1.0,0.0,48,0.9791666666666666,1.0,0.5208333333333334,24,0.9583333333333334,1.0,0.041666666666666664
302,0.5,4,0.3,0,1.0,1.0,1.0,0.9895833333333334,1.0,48,0.9791666666666666,1.0,0.5208333333333334,24,0.9583333333333334,1.0,0.041666666666666664,24,1.0,1.0,1.0,12,1.0,1.0,0.0,48,0.9791666666666666,1.0,0.5208333333333334,24,0.9583333333333334,1.0,0.041666666666666664
302,0.5,4,0.3,1,1.0,1.0,1.0,0.9895833333333334,1.0,48,0.9791666666666666,1.0,0.5208333333333334,24,0.9583333333333334,1.0,0.041666666666666664,24,1.0,1.0,1.0,12,1.0,1.0,0.0,48,0.9791666666666666,1.0,0.5208333333333334,24,0.9583333333333334,1.0,0.041666666666666664
302,0.5,4,0.3,2,0.9895833333333334,1.0,1.0,0.9895833333333334,1.0,48,0.9791666666666666,1.0,0.5208333333333334,24,0.9583333333333334,1.0,0.041666666666666664,24,1.0,1.0,1.0,12,1.0,1.0,0.0,47,0.9787234042553191,1.0,0.5106382978723404,24,0.9583333333333334,1.0,0.041666666666666664
302,0.75,2,0.0,0,1.0,1.0,1.0,0.9583333333333334,1.0,48,0.9166666666666666,1.0,0.8125,12,0.6666666666666666,1.0,0.25,36,1.0,1.0,1.0,12,0.6666666666666666,1.0,0.25,48,0.9166666666666666,1.0,0.8125,12,0.6666666666666666,1.0,0.25
302,0.75,2,0.03,0,1.0,1.0,1.0,0.9583333333333334,1.0,48,0.9166666666666666,1.0,0.8125,12,0.6666666666666666,1.0,0.25,36,1.0,1.0,1.0,12,0.6666666666666666,1.0,0.25,48,0.9166666666666666,1.0,0.8125,12,0.6666666666666666,1.0,0.25
302,0.75,2,0.03,1,1.0,1.0,1.0,0.9583333333333334,1.0,48,0.9166666666666666,1.0,0.8125,12,0.6666666666666666,1.0,0.25,36,1.0,1.0,1.0,12,0.6666666666666666,1.0,0.25,48,0.9166666666666666,1.0,0.8125,12,0.6666666666666666,1.0,0.25
302,0.75,2,0.03,2,1.0,1.0,1.0,0.9583333333333334,1.0,48,0.9166666666666666,1.0,0.8125,12,0.6666666666666666,1.0,0.25,36,1.0,1.0,1.0,12,0.6666666666666666,1.0,0.25,48,0.9166666666666666,1.0,0.8125,12,0.6666666666666666,1.0,0.25
302,0.75,2,0.1,0,1.0,1.0,1.0,0.9583333333333334,1.0,48,0.9166666666666666,1.0,0.8125,12,0.6666666666666666,1.0,0.25,36,1.0,1.0,1.0,12,0.6666666666666666,1.0,0.25,48,0.9166666666666666,1.0,0.8125,12,0.6666666666666666,1.0,0.25
302,0.75,2,0.1,1,1.0,1.0,1.0,0.9583333333333334,1.0,48,0.9166666666666666,1.0,0.8125,12,0.6666666666666666,1.0,0.25,36,1.0,1.0,1.0,12,0.6666666666666666,1.0,0.25,48,0.9166666666666666,1.0,0.8125,12,0.6666666666666666,1.0,0.25
302,0.75,2,0.1,2,1.0,1.0,1.0,0.9583333333333334,1.0,48,0.9166666666666666,1.0,0.8125,12,0.6666666666666666,1.0,0.25,36,1.0,1.0,1.0,12,0.6666666666666666,1.0,0.25,48,0.9166666666666666,1.0,0.8125,12,0.6666666666666666,1.0,0.25
302,0.75,2,0.3,0,0.9895833333333334,1.0,1.0,0.9583333333333334,1.0,48,0.9166666666666666,1.0,0.8125,12,0.6666666666666666,1.0,0.25,36,1.0,1.0,1.0,12,0.6666666666666666,1.0,0.25,48,0.9166666666666666,1.0,0.8125,12,0.6666666666666666,1.0,0.25
302,0.75,2,0.3,1,0.9895833333333334,1.0,1.0,0.9583333333333334,0.9895833333333334,48,0.9166666666666666,1.0,0.8125,12,0.6666666666666666,1.0,0.25,36,1.0,1.0,1.0,12,0.6666666666666666,1.0,0.25,48,0.9166666666666666,1.0,0.8125,12,0.6666666666666666,1.0,0.25
302,0.75,2,0.3,2,1.0,1.0,1.0,0.9583333333333334,1.0,48,0.9166666666666666,1.0,0.8125,12,0.6666666666666666,1.0,0.25,36,1.0,1.0,1.0,12,0.6666666666666666,1.0,0.25,48,0.9166666666666666,1.0,0.8125,12,0.6666666666666666,1.0,0.25
302,0.75,4,0.0,0,1.0,1.0,1.0,0.9583333333333334,1.0,48,0.9166666666666666,1.0,0.8333333333333334,12,0.6666666666666666,1.0,0.3333333333333333,36,1.0,1.0,1.0,12,0.6666666666666666,1.0,0.3333333333333333,48,0.9166666666666666,1.0,0.8333333333333334,12,0.6666666666666666,1.0,0.3333333333333333
302,0.75,4,0.03,0,1.0,1.0,1.0,0.9583333333333334,1.0,48,0.9166666666666666,1.0,0.8333333333333334,12,0.6666666666666666,1.0,0.3333333333333333,36,1.0,1.0,1.0,12,0.6666666666666666,1.0,0.3333333333333333,48,0.9166666666666666,1.0,0.8333333333333334,12,0.6666666666666666,1.0,0.3333333333333333
302,0.75,4,0.03,1,1.0,1.0,1.0,0.9583333333333334,1.0,48,0.9166666666666666,1.0,0.8333333333333334,12,0.6666666666666666,1.0,0.3333333333333333,36,1.0,1.0,1.0,12,0.6666666666666666,1.0,0.3333333333333333,48,0.9166666666666666,1.0,0.8333333333333334,12,0.6666666666666666,1.0,0.3333333333333333
302,0.75,4,0.03,2,1.0,1.0,1.0,0.9583333333333334,1.0,48,0.9166666666666666,1.0,0.8333333333333334,12,0.6666666666666666,1.0,0.3333333333333333,36,1.0,1.0,1.0,12,0.6666666666666666,1.0,0.3333333333333333,48,0.9166666666666666,1.0,0.8333333333333334,12,0.6666666666666666,1.0,0.3333333333333333
302,0.75,4,0.1,0,1.0,1.0,1.0,0.9479166666666666,1.0,48,0.8958333333333334,1.0,0.8541666666666666,12,0.5833333333333334,1.0,0.4166666666666667,36,1.0,1.0,1.0,12,0.5833333333333334,1.0,0.4166666666666667,48,0.8958333333333334,1.0,0.8541666666666666,12,0.5833333333333334,1.0,0.4166666666666667
302,0.75,4,0.1,1,1.0,1.0,1.0,0.9583333333333334,1.0,48,0.9166666666666666,1.0,0.8333333333333334,12,0.6666666666666666,1.0,0.3333333333333333,36,1.0,1.0,1.0,12,0.6666666666666666,1.0,0.3333333333333333,48,0.9166666666666666,1.0,0.8333333333333334,12,0.6666666666666666,1.0,0.3333333333333333
302,0.75,4,0.1,2,1.0,1.0,1.0,0.9583333333333334,1.0,48,0.9166666666666666,1.0,0.8333333333333334,12,0.6666666666666666,1.0,0.3333333333333333,36,1.0,1.0,1.0,12,0.6666666666666666,1.0,0.3333333333333333,48,0.9166666666666666,1.0,0.8333333333333334,12,0.6666666666666666,1.0,0.3333333333333333
302,0.75,4,0.3,0,1.0,1.0,1.0,0.9375,1.0,48,0.875,1.0,0.875,12,0.5,1.0,0.5,36,1.0,1.0,1.0,12,0.5,1.0,0.5,48,0.875,1.0,0.875,12,0.5,1.0,0.5
302,0.75,4,0.3,1,1.0,1.0,1.0,0.9479166666666666,1.0,48,0.8958333333333334,1.0,0.8541666666666666,12,0.5833333333333334,1.0,0.4166666666666667,36,1.0,1.0,1.0,12,0.5833333333333334,1.0,0.4166666666666667,48,0.8958333333333334,1.0,0.8541666666666666,12,0.5833333333333334,1.0,0.4166666666666667
302,0.75,4,0.3,2,1.0,1.0,1.0,0.9583333333333334,1.0,48,0.9166666666666666,1.0,0.8333333333333334,12,0.6666666666666666,1.0,0.3333333333333333,36,1.0,1.0,1.0,12,0.6666666666666666,1.0,0.3333333333333333,48,0.9166666666666666,1.0,0.8333333333333334,12,0.6666666666666666,1.0,0.3333333333333333
303,0.25,2,0.0,0,1.0,1.0,1.0,0.9375,1.0,48,0.875,1.0,0.3541666666666667,36,0.8333333333333334,1.0,0.1388888888888889,12,1.0,1.0,1.0,12,1.0,1.0,0.0,48,0.875,1.0,0.3541666666666667,36,0.8333333333333334,1.0,0.1388888888888889
303,0.25,2,0.03,0,1.0,1.0,1.0,0.9375,1.0,48,0.875,1.0,0.3541666666666667,36,0.8333333333333334,1.0,0.1388888888888889,12,1.0,1.0,1.0,12,0.9166666666666666,1.0,0.0,48,0.875,1.0,0.3541666666666667,36,0.8333333333333334,1.0,0.1388888888888889
303,0.25,2,0.03,1,1.0,1.0,1.0,0.9375,1.0,48,0.875,1.0,0.3541666666666667,36,0.8333333333333334,1.0,0.1388888888888889,12,1.0,1.0,1.0,12,0.9166666666666666,1.0,0.0,48,0.875,1.0,0.3541666666666667,36,0.8333333333333334,1.0,0.1388888888888889
303,0.25,2,0.03,2,1.0,1.0,1.0,0.9270833333333334,1.0,48,0.8541666666666666,1.0,0.3541666666666667,36,0.8055555555555556,1.0,0.1388888888888889,12,1.0,1.0,1.0,12,0.9166666666666666,1.0,0.0,48,0.8541666666666666,1.0,0.3541666666666667,36,0.8055555555555556,1.0,0.1388888888888889
303,0.25,2,0.1,0,1.0,1.0,1.0,0.9375,1.0,48,0.875,1.0,0.3541666666666667,36,0.8333333333333334,1.0,0.1388888888888889,12,1.0,1.0,1.0,12,0.9166666666666666,1.0,0.0,48,0.875,1.0,0.3541666666666667,36,0.8333333333333334,1.0,0.1388888888888889
303,0.25,2,0.1,1,1.0,1.0,1.0,0.9270833333333334,1.0,48,0.8541666666666666,1.0,0.375,36,0.8055555555555556,1.0,0.16666666666666666,12,1.0,1.0,1.0,12,0.9166666666666666,1.0,0.0,48,0.8541666666666666,1.0,0.375,36,0.8055555555555556,1.0,0.16666666666666666
303,0.25,2,0.1,2,1.0,1.0,1.0,0.9270833333333334,1.0,48,0.8541666666666666,1.0,0.3541666666666667,36,0.8055555555555556,1.0,0.1388888888888889,12,1.0,1.0,1.0,12,0.9166666666666666,1.0,0.0,48,0.8541666666666666,1.0,0.3541666666666667,36,0.8055555555555556,1.0,0.1388888888888889
303,0.25,2,0.3,0,1.0,1.0,1.0,0.9270833333333334,1.0,48,0.8541666666666666,1.0,0.375,36,0.8055555555555556,1.0,0.16666666666666666,12,1.0,1.0,1.0,12,0.9166666666666666,1.0,0.0,48,0.8541666666666666,1.0,0.375,36,0.8055555555555556,1.0,0.16666666666666666
303,0.25,2,0.3,1,1.0,1.0,1.0,0.9270833333333334,1.0,48,0.8541666666666666,1.0,0.375,36,0.8055555555555556,1.0,0.16666666666666666,12,1.0,1.0,1.0,12,0.9166666666666666,1.0,0.0,48,0.8541666666666666,1.0,0.375,36,0.8055555555555556,1.0,0.16666666666666666
303,0.25,2,0.3,2,1.0,1.0,1.0,0.9270833333333334,1.0,48,0.8541666666666666,1.0,0.3333333333333333,36,0.8055555555555556,1.0,0.1111111111111111,12,1.0,1.0,1.0,12,0.9166666666666666,1.0,0.0,48,0.8541666666666666,1.0,0.3333333333333333,36,0.8055555555555556,1.0,0.1111111111111111
303,0.25,4,0.0,0,1.0,1.0,1.0,0.9166666666666666,1.0,48,0.8333333333333334,1.0,0.375,36,0.7777777777777778,1.0,0.16666666666666666,12,1.0,1.0,1.0,12,0.75,1.0,0.08333333333333333,48,0.8333333333333334,1.0,0.375,36,0.7777777777777778,1.0,0.16666666666666666
303,0.25,4,0.03,0,1.0,1.0,1.0,0.9166666666666666,1.0,48,0.8333333333333334,1.0,0.375,36,0.7777777777777778,1.0,0.16666666666666666,12,1.0,1.0,1.0,12,0.75,1.0,0.08333333333333333,48,0.8333333333333334,1.0,0.375,36,0.7777777777777778,1.0,0.16666666666666666
303,0.25,4,0.03,1,1.0,1.0,1.0,0.9166666666666666,1.0,48,0.8333333333333334,1.0,0.375,36,0.7777777777777778,1.0,0.16666666666666666,12,1.0,1.0,1.0,12,0.6666666666666666,1.0,0.16666666666666666,48,0.8333333333333334,1.0,0.375,36,0.7777777777777778,1.0,0.16666666666666666
303,0.25,4,0.03,2,1.0,1.0,1.0,0.9166666666666666,1.0,48,0.8333333333333334,1.0,0.375,36,0.7777777777777778,1.0,0.16666666666666666,12,1.0,1.0,1.0,12,0.6666666666666666,1.0,0.16666666666666666,48,0.8333333333333334,1.0,0.375,36,0.7777777777777778,1.0,0.16666666666666666
303,0.25,4,0.1,0,1.0,1.0,1.0,0.90625,1.0,48,0.8125,1.0,0.3958333333333333,36,0.75,1.0,0.19444444444444445,12,1.0,1.0,1.0,12,0.6666666666666666,1.0,0.16666666666666666,48,0.8125,1.0,0.3958333333333333,36,0.75,1.0,0.19444444444444445
303,0.25,4,0.1,1,1.0,1.0,1.0,0.90625,1.0,48,0.8125,1.0,0.3958333333333333,36,0.75,1.0,0.19444444444444445,12,1.0,1.0,1.0,12,0.6666666666666666,1.0,0.16666666666666666,48,0.8125,1.0,0.3958333333333333,36,0.75,1.0,0.19444444444444445
303,0.25,4,0.1,2,1.0,1.0,1.0,0.90625,1.0,48,0.8125,1.0,0.3958333333333333,36,0.75,1.0,0.19444444444444445,12,1.0,1.0,1.0,12,0.6666666666666666,1.0,0.16666666666666666,48,0.8125,1.0,0.3958333333333333,36,0.75,1.0,0.19444444444444445
303,0.25,4,0.3,0,0.9479166666666666,1.0,1.0,0.8854166666666666,0.9895833333333334,48,0.7916666666666666,0.9791666666666666,0.4166666666666667,36,0.7222222222222222,1.0,0.2222222222222222,12,1.0,0.9166666666666666,1.0,12,0.6666666666666666,1.0,0.16666666666666666,44,0.7727272727272727,1.0,0.4318181818181818,33,0.696969696969697,1.0,0.24242424242424243
303,0.25,4,0.3,1,0.9791666666666666,1.0,1.0,0.90625,1.0,48,0.8125,1.0,0.375,36,0.75,1.0,0.16666666666666666,12,1.0,1.0,1.0,12,0.6666666666666666,1.0,0.16666666666666666,47,0.8085106382978723,1.0,0.3617021276595745,36,0.75,1.0,0.16666666666666666
303,0.25,4,0.3,2,0.9583333333333334,1.0,1.0,0.8854166666666666,0.9791666666666666,48,0.7708333333333334,0.9791666666666666,0.4375,36,0.6944444444444444,1.0,0.25,12,1.0,0.9166666666666666,1.0,12,0.6666666666666666,1.0,0.16666666666666666,46,0.7608695652173914,1.0,0.41304347826086957,36,0.6944444444444444,1.0,0.25
303,0.5,2,0.0,0,1.0,1.0,1.0,0.96875,1.0,48,0.9375,1.0,0.5625,24,0.875,1.0,0.125,24,1.0,1.0,1.0,12,0.75,1.0,0.25,48,0.9375,1.0,0.5625,24,0.875,1.0,0.125
303,0.5,2,0.03,0,1.0,1.0,1.0,0.96875,1.0,48,0.9375,1.0,0.5625,24,0.875,1.0,0.125,24,1.0,1.0,1.0,12,0.75,1.0,0.25,48,0.9375,1.0,0.5625,24,0.875,1.0,0.125
303,0.5,2,0.03,1,1.0,1.0,1.0,0.96875,1.0,48,0.9375,1.0,0.5625,24,0.875,1.0,0.125,24,1.0,1.0,1.0,12,0.75,1.0,0.25,48,0.9375,1.0,0.5625,24,0.875,1.0,0.125
303,0.5,2,0.03,2,1.0,1.0,1.0,0.96875,1.0,48,0.9375,1.0,0.5625,24,0.875,1.0,0.125,24,1.0,1.0,1.0,12,0.75,1.0,0.25,48,0.9375,1.0,0.5625,24,0.875,1.0,0.125
303,0.5,2,0.1,0,1.0,1.0,1.0,0.96875,1.0,48,0.9375,1.0,0.5625,24,0.875,1.0,0.125,24,1.0,1.0,1.0,12,0.75,1.0,0.25,48,0.9375,1.0,0.5625,24,0.875,1.0,0.125
303,0.5,2,0.1,1,1.0,1.0,1.0,0.96875,1.0,48,0.9375,1.0,0.5625,24,0.875,1.0,0.125,24,1.0,1.0,1.0,12,0.75,1.0,0.25,48,0.9375,1.0,0.5625,24,0.875,1.0,0.125
303,0.5,2,0.1,2,1.0,1.0,1.0,0.96875,1.0,48,0.9375,1.0,0.5625,24,0.875,1.0,0.125,24,1.0,1.0,1.0,12,0.75,1.0,0.25,48,0.9375,1.0,0.5625,24,0.875,1.0,0.125
303,0.5,2,0.3,0,0.96875,1.0,1.0,0.96875,0.96875,48,0.9375,0.9583333333333334,0.5625,24,0.875,1.0,0.125,24,1.0,0.9166666666666666,1.0,12,0.75,1.0,0.25,46,0.9347826086956522,1.0,0.5434782608695652,24,0.875,1.0,0.125
303,0.5,2,0.3,1,0.9895833333333334,1.0,1.0,0.96875,0.9895833333333334,48,0.9375,0.9791666666666666,0.5625,24,0.875,1.0,0.125,24,1.0,0.9583333333333334,1.0,12,0.75,1.0,0.25,47,0.9361702127659575,1.0,0.5531914893617021,24,0.875,1.0,0.125
303,0.5,2,0.3,2,1.0,1.0,1.0,0.96875,1.0,48,0.9375,1.0,0.5625,24,0.875,1.0,0.125,24,1.0,1.0,1.0,12,0.75,1.0,0.25,48,0.9375,1.0,0.5625,24,0.875,1.0,0.125
303,0.5,4,0.0,0,1.0,1.0,1.0,0.9166666666666666,1.0,48,0.8333333333333334,1.0,0.625,24,0.6666666666666666,1.0,0.25,24,1.0,1.0,1.0,12,0.5833333333333334,1.0,0.25,48,0.8333333333333334,1.0,0.625,24,0.6666666666666666,1.0,0.25
303,0.5,4,0.03,0,1.0,1.0,1.0,0.9166666666666666,1.0,48,0.8333333333333334,1.0,0.625,24,0.6666666666666666,1.0,0.25,24,1.0,1.0,1.0,12,0.5833333333333334,1.0,0.25,48,0.8333333333333334,1.0,0.625,24,0.6666666666666666,1.0,0.25
303,0.5,4,0.03,1,1.0,1.0,1.0,0.9166666666666666,1.0,48,0.8333333333333334,1.0,0.625,24,0.6666666666666666,1.0,0.25,24,1.0,1.0,1.0,12,0.5833333333333334,1.0,0.25,48,0.8333333333333334,1.0,0.625,24,0.6666666666666666,1.0,0.25
303,0.5,4,0.03,2,1.0,1.0,1.0,0.9166666666666666,1.0,48,0.8333333333333334,1.0,0.625,24,0.6666666666666666,1.0,0.25,24,1.0,1.0,1.0,12,0.5833333333333334,1.0,0.25,48,0.8333333333333334,1.0,0.625,24,0.6666666666666666,1.0,0.25
303,0.5,4,0.1,0,1.0,1.0,1.0,0.9166666666666666,1.0,48,0.8333333333333334,1.0,0.625,24,0.6666666666666666,1.0,0.25,24,1.0,1.0,1.0,12,0.5833333333333334,1.0,0.25,48,0.8333333333333334,1.0,0.625,24,0.6666666666666666,1.0,0.25
303,0.5,4,0.1,1,1.0,1.0,1.0,0.9166666666666666,1.0,48,0.8333333333333334,1.0,0.625,24,0.6666666666666666,1.0,0.25,24,1.0,1.0,1.0,12,0.5833333333333334,1.0,0.25,48,0.8333333333333334,1.0,0.625,24,0.6666666666666666,1.0,0.25
303,0.5,4,0.1,2,1.0,1.0,1.0,0.9166666666666666,1.0,48,0.8333333333333334,1.0,0.625,24,0.6666666666666666,1.0,0.25,24,1.0,1.0,1.0,12,0.5833333333333334,1.0,0.25,48,0.8333333333333334,1.0,0.625,24,0.6666666666666666,1.0,0.25
303,0.5,4,0.3,0,0.9895833333333334,1.0,1.0,0.9166666666666666,0.9895833333333334,48,0.8333333333333334,0.9791666666666666,0.625,24,0.6666666666666666,1.0,0.25,24,1.0,0.9583333333333334,1.0,12,0.5833333333333334,1.0,0.25,47,0.8297872340425532,1.0,0.6170212765957447,24,0.6666666666666666,1.0,0.25
303,0.5,4,0.3,1,1.0,1.0,1.0,0.9166666666666666,1.0,48,0.8333333333333334,1.0,0.6041666666666666,24,0.6666666666666666,1.0,0.20833333333333334,24,1.0,1.0,1.0,12,0.5833333333333334,1.0,0.16666666666666666,48,0.8333333333333334,1.0,0.6041666666666666,24,0.6666666666666666,1.0,0.20833333333333334
303,0.5,4,0.3,2,1.0,1.0,1.0,0.90625,1.0,48,0.8125,1.0,0.625,24,0.625,1.0,0.25,24,1.0,1.0,1.0,12,0.5,1.0,0.25,48,0.8125,1.0,0.625,24,0.625,1.0,0.25
303,0.75,2,0.0,0,1.0,1.0,1.0,0.9270833333333334,1.0,48,0.8541666666666666,1.0,0.8541666666666666,12,0.5,1.0,0.5,36,0.9722222222222222,1.0,0.9722222222222222,12,0.5,1.0,0.5,48,0.8541666666666666,1.0,0.8541666666666666,12,0.5,1.0,0.5
303,0.75,2,0.03,0,1.0,1.0,1.0,0.9270833333333334,1.0,48,0.8541666666666666,1.0,0.8541666666666666,12,0.5,1.0,0.5,36,0.9722222222222222,1.0,0.9722222222222222,12,0.5,1.0,0.5,48,0.8541666666666666,1.0,0.8541666666666666,12,0.5,1.0,0.5
303,0.75,2,0.03,1,1.0,1.0,1.0,0.9270833333333334,1.0,48,0.8541666666666666,1.0,0.8541666666666666,12,0.5,1.0,0.5,36,0.9722222222222222,1.0,0.9722222222222222,12,0.5,1.0,0.5,48,0.8541666666666666,1.0,0.8541666666666666,12,0.5,1.0,0.5
303,0.75,2,0.03,2,1.0,1.0,1.0,0.9270833333333334,1.0,48,0.8541666666666666,1.0,0.8541666666666666,12,0.5,1.0,0.5,36,0.9722222222222222,1.0,0.9722222222222222,12,0.5,1.0,0.5,48,0.8541666666666666,1.0,0.8541666666666666,12,0.5,1.0,0.5
303,0.75,2,0.1,0,1.0,1.0,1.0,0.9270833333333334,1.0,48,0.8541666666666666,1.0,0.8541666666666666,12,0.5,1.0,0.5,36,0.9722222222222222,1.0,0.9722222222222222,12,0.5,1.0,0.5,48,0.8541666666666666,1.0,0.8541666666666666,12,0.5,1.0,0.5
303,0.75,2,0.1,1,1.0,1.0,1.0,0.9270833333333334,1.0,48,0.8541666666666666,1.0,0.8541666666666666,12,0.5,1.0,0.5,36,0.9722222222222222,1.0,0.9722222222222222,12,0.5,1.0,0.5,48,0.8541666666666666,1.0,0.8541666666666666,12,0.5,1.0,0.5
303,0.75,2,0.1,2,1.0,1.0,1.0,0.9270833333333334,1.0,48,0.8541666666666666,1.0,0.8541666666666666,12,0.5,1.0,0.5,36,0.9722222222222222,1.0,0.9722222222222222,12,0.5,1.0,0.5,48,0.8541666666666666,1.0,0.8541666666666666,12,0.5,1.0,0.5
303,0.75,2,0.3,0,1.0,1.0,1.0,0.9375,1.0,48,0.875,1.0,0.8333333333333334,12,0.5833333333333334,1.0,0.4166666666666667,36,0.9722222222222222,1.0,0.9722222222222222,12,0.5833333333333334,1.0,0.4166666666666667,48,0.875,1.0,0.8333333333333334,12,0.5833333333333334,1.0,0.4166666666666667
303,0.75,2,0.3,1,1.0,1.0,1.0,0.9270833333333334,1.0,48,0.8541666666666666,1.0,0.8541666666666666,12,0.5,1.0,0.5,36,0.9722222222222222,1.0,0.9722222222222222,12,0.5,1.0,0.5,48,0.8541666666666666,1.0,0.8541666666666666,12,0.5,1.0,0.5
303,0.75,2,0.3,2,1.0,1.0,1.0,0.9270833333333334,1.0,48,0.8541666666666666,1.0,0.8541666666666666,12,0.5,1.0,0.5,36,0.9722222222222222,1.0,0.9722222222222222,12,0.5,1.0,0.5,48,0.8541666666666666,1.0,0.8541666666666666,12,0.5,1.0,0.5
303,0.75,4,0.0,0,1.0,1.0,1.0,0.9895833333333334,1.0,48,0.9791666666666666,1.0,0.75,12,0.9166666666666666,1.0,0.0,36,1.0,1.0,1.0,12,0.9166666666666666,1.0,0.0,48,0.9791666666666666,1.0,0.75,12,0.9166666666666666,1.0,0.0
303,0.75,4,0.03,0,1.0,1.0,1.0,0.9895833333333334,1.0,48,0.9791666666666666,1.0,0.75,12,0.9166666666666666,1.0,0.0,36,1.0,1.0,1.0,12,0.9166666666666666,1.0,0.0,48,0.9791666666666666,1.0,0.75,12,0.9166666666666666,1.0,0.0
303,0.75,4,0.03,1,1.0,1.0,1.0,0.9895833333333334,1.0,48,0.9791666666666666,1.0,0.75,12,0.9166666666666666,1.0,0.0,36,1.0,1.0,1.0,12,0.9166666666666666,1.0,0.0,48,0.9791666666666666,1.0,0.75,12,0.9166666666666666,1.0,0.0
303,0.75,4,0.03,2,1.0,1.0,1.0,0.9895833333333334,1.0,48,0.9791666666666666,1.0,0.75,12,0.9166666666666666,1.0,0.0,36,1.0,1.0,1.0,12,0.9166666666666666,1.0,0.0,48,0.9791666666666666,1.0,0.75,12,0.9166666666666666,1.0,0.0
303,0.75,4,0.1,0,1.0,1.0,1.0,0.9895833333333334,1.0,48,0.9791666666666666,1.0,0.75,12,0.9166666666666666,1.0,0.0,36,1.0,1.0,1.0,12,0.9166666666666666,1.0,0.0,48,0.9791666666666666,1.0,0.75,12,0.9166666666666666,1.0,0.0
303,0.75,4,0.1,1,1.0,1.0,1.0,0.9895833333333334,1.0,48,0.9791666666666666,1.0,0.75,12,0.9166666666666666,1.0,0.0,36,1.0,1.0,1.0,12,0.9166666666666666,1.0,0.0,48,0.9791666666666666,1.0,0.75,12,0.9166666666666666,1.0,0.0
303,0.75,4,0.1,2,1.0,1.0,1.0,0.9895833333333334,1.0,48,0.9791666666666666,1.0,0.75,12,0.9166666666666666,1.0,0.0,36,1.0,1.0,1.0,12,0.9166666666666666,1.0,0.0,48,0.9791666666666666,1.0,0.75,12,0.9166666666666666,1.0,0.0
303,0.75,4,0.3,0,0.9791666666666666,1.0,1.0,0.9895833333333334,1.0,48,0.9791666666666666,1.0,0.75,12,0.9166666666666666,1.0,0.0,36,1.0,1.0,1.0,12,0.9166666666666666,1.0,0.0,47,0.9787234042553191,1.0,0.7446808510638298,12,0.9166666666666666,1.0,0.0
303,0.75,4,0.3,1,0.9895833333333334,1.0,1.0,0.9895833333333334,1.0,48,0.9791666666666666,1.0,0.75,12,0.9166666666666666,1.0,0.0,36,1.0,1.0,1.0,12,0.9166666666666666,1.0,0.0,48,0.9791666666666666,1.0,0.75,12,0.9166666666666666,1.0,0.0
303,0.75,4,0.3,2,0.9791666666666666,1.0,1.0,0.9895833333333334,0.9791666666666666,48,0.9791666666666666,0.9791666666666666,0.75,12,0.9166666666666666,1.0,0.0,36,1.0,0.9722222222222222,1.0,12,0.9166666666666666,1.0,0.0,47,0.9787234042553191,1.0,0.7446808510638298,12,0.9166666666666666,1.0,0.0
