method,self_retrieval,next_token_agreement,wrong_token_agreement,wrong_token_agreement_without_self,reference_copy_wrong_agreement,reference_token_support_coverage
x-L6-cosine,0.055989583333333336,0.4231770833333333,0.5007704160246533,0.5007704160246533,0.5662557781201849,0.8802083333333334
phi-L6-cosine,0.040364583333333336,0.4231770833333333,0.5007704160246533,0.5007704160246533,0.5662557781201849,0.8802083333333334
phi-L6-ridge0.01,0.22591145833333334,0.5065104166666666,0.5546995377503852,0.5493066255778121,0.5662557781201849,0.8802083333333334
phi-L6-ridge0.1,0.13151041666666666,0.5423177083333334,0.5939907550077042,0.5893682588597843,0.5662557781201849,0.8802083333333334
phi-L6-ridge1.0,0.061848958333333336,0.5651041666666666,0.6394453004622496,0.6394453004622496,0.5662557781201849,0.8802083333333334
x-L14-cosine,0.029296875,0.4231770833333333,0.5007704160246533,0.5007704160246533,0.5662557781201849,0.8802083333333334
phi-L14-cosine,0.029296875,0.4231770833333333,0.5007704160246533,0.5007704160246533,0.5662557781201849,0.8802083333333334
phi-L14-ridge0.01,0.099609375,0.5110677083333334,0.5608628659476117,0.5377503852080123,0.5662557781201849,0.8802083333333334
phi-L14-ridge0.1,0.059244791666666664,0.5944010416666666,0.6571648690292758,0.652542372881356,0.5662557781201849,0.8802083333333334
phi-L14-ridge1.0,0.034505208333333336,0.5338541666666666,0.6040061633281972,0.6024653312788906,0.5662557781201849,0.8802083333333334
x-L22-cosine,0.4622395833333333,0.4231770833333333,0.5007704160246533,0.5007704160246533,0.5662557781201849,0.8802083333333334
phi-L22-cosine,0.4127604166666667,0.4231770833333333,0.5007704160246533,0.5007704160246533,0.5662557781201849,0.8802083333333334
phi-L22-ridge0.01,0.5703125,0.7057291666666666,0.674884437596302,0.6016949152542372,0.5662557781201849,0.8802083333333334
phi-L22-ridge0.1,0.5462239583333334,0.7141927083333334,0.687211093990755,0.6771956856702619,0.5662557781201849,0.8802083333333334
phi-L22-ridge1.0,0.47265625,0.6888020833333334,0.6771956856702619,0.672573189522342,0.5662557781201849,0.8802083333333334
x-L27-cosine,0.5026041666666666,0.4231770833333333,0.5007704160246533,0.5007704160246533,0.5662557781201849,0.8802083333333334
phi-L27-cosine,0.2747395833333333,0.4231770833333333,0.5007704160246533,0.5007704160246533,0.5662557781201849,0.8802083333333334
phi-L27-ridge0.01,0.6061197916666666,0.7317708333333334,0.7080123266563945,0.7026194144838213,0.5662557781201849,0.8802083333333334
phi-L27-ridge0.1,0.4635416666666667,0.6770833333333334,0.6795069337442219,0.6779661016949152,0.5662557781201849,0.8802083333333334
phi-L27-ridge1.0,0.2981770833333333,0.6015625,0.650231124807396,0.6479198767334361,0.5662557781201849,0.8802083333333334
