job,group,down_rank,down_condition,functional_retained_energy,functional_cost_factor,max_functional_projection_leak,last_full_cosine,earlier_predicted_fraction,module_retained_energy,module_cost_factor,module_feature_rank,module_features,module_cost_over_functional,module_last_retained_energy,module_last_cost_factor,module_last_max_feature_leak
layer-6-qa,down,1024,17.097667374258315,0.8102593738813539,1.1109637417659863,8.032398473278157e-11,0.30654119284060766,0.9078906165595888,0.197162421392482,2.2528792803566438,609,1425,2.018963553792222,0.8553181626461293,1.0813856454170132,5.188482532503258e-09
layer-6-qa,up,1024,17.097667374258315,0.7672086554413248,1.1416835821352977,2.858817791192011e-10,0.3045586805559811,0.9120943276696694,,,,,,,,
layer-6-qa,gate,1024,17.097667374258315,0.794757729572717,1.1217762613319526,2.5128252261970565e-10,0.3312183136714657,0.8921726568133783,,,,,,,,
layer-6-plain,down,1024,17.097667374258315,0.9678472430736024,1.0164747431827736,4.422885292248131e-11,0.6881234923483104,0.5988169749437426,0.3520151178458273,1.6913318238576212,413,536,1.6209071017968553,0.6722722119105669,1.219645536806473,7.113102107325631e-09
layer-6-plain,up,1024,17.097667374258315,0.9321611606119216,1.0357624325368189,2.340719803640627e-10,0.7270785637076127,0.5372233399538537,,,,,,,,
layer-6-plain,gate,1024,17.097667374258315,0.9525826772461219,1.024587678866943,3.096946340827418e-10,0.7178200611722332,0.5353148108141232,,,,,,,,
layer-14-qa,down,1024,19.38909712847668,0.6961239525014904,1.198964901047713,6.921878552501001e-11,0.5723852946220692,0.7004142334719163,0.054397790585605836,4.287873365211363,609,1425,3.5621024083305457,0.5881081091977597,1.3040188113855482,5.582122764025144e-09
layer-14-qa,up,1024,19.38909712847668,0.6550930054365813,1.235571694794268,2.947267287245469e-10,0.5596972930207754,0.7245480736354482,,,,,,,,
layer-14-qa,gate,1024,19.38909712847668,0.7005752178735882,1.1948147299440326,2.2656461417534968e-10,0.5583636633593537,0.717855395988615,,,,,,,,
layer-14-plain,down,1024,19.38909712847668,0.8232337129625595,1.1025707708048649,5.3845720955251e-11,0.8456624613927615,0.33584011904046007,0.14397576984982177,2.6421492246736005,413,536,2.2912172867752947,0.47240199982755443,1.4572359067480276,7.163126092279981e-09
layer-14-plain,up,1024,19.38909712847668,0.7465660645231511,1.1576124505760799,3.3183557814270337e-10,0.8678645023302077,0.3614780759074787,,,,,,,,
layer-14-plain,gate,1024,19.38909712847668,0.8213695765494387,1.1035026450115581,3.313005096814689e-10,0.8640431931820075,0.34092229625188997,,,,,,,,
layer-22-qa,down,1024,30.56261638163189,0.9128828163874168,1.0466827172049475,1.4919689652583784e-10,0.9012805767400145,0.28519221625073754,0.10161226310557352,3.1371015122796058,609,1425,2.9991784143608653,0.35884789082747787,1.6699658576698786,1.290771756146114e-08
layer-22-qa,up,1024,30.56261638163189,0.8183481169205193,1.1054302503689817,5.106128655999918e-10,0.945391103799123,0.20399462578503846,,,,,,,,
layer-22-qa,gate,1024,30.56261638163189,0.7268002045689341,1.1732902251009216,7.908907831541985e-10,0.956056415139535,0.1757823556046657,,,,,,,,
layer-22-plain,down,1024,30.56261638163189,0.7960505284369711,1.1208319824806403,1.4898414930595544e-10,0.9916284039713621,0.02937806045994945,0.13306264674872142,2.749695038665503,413,536,2.527007016380698,0.23163501501250777,2.0939990799393646,1.2725621445497382e-08
layer-22-plain,up,1024,30.56261638163189,0.694745413280707,1.200988148159846,5.650644321638998e-10,0.9955496759449082,0.020256447254884822,,,,,,,,
layer-22-plain,gate,1024,30.56261638163189,0.6922291146068207,1.2028658373548202,4.4746197426340076e-10,0.9952976302634543,0.019058530771544357,,,,,,,,
layer-27-qa,down,1024,10.167469622688099,0.3340843143179665,1.7313204712685466,4.806861845717881e-10,1.0,1.2513218842413842e-11,0.002367112438351125,20.560809952329173,609,1425,10.753369986117006,0.007379471279354823,11.762521561701028,1.9211990220924235e-08
layer-27-qa,up,1024,10.167469622688099,0.28813350311604363,1.8640467062840502,1.2178519133121004e-09,0.9999999999999902,-7.165095220869173e-09,,,,,,,,
layer-27-qa,gate,1024,10.167469622688099,0.43662123525141616,1.5134065274511137,1.0017488781048981e-09,0.9999999999999831,-1.6638015315078447e-08,,,,,,,,
layer-27-plain,down,1024,10.167469622688099,0.29409682946621174,1.8441503499353722,3.7584172273740604e-10,0.9999999999999999,-1.3899058711851051e-10,0.005272630780110742,13.995454279482738,413,536,6.6157792899533785,0.012746012581231316,9.160228410883308,1.4323015662398575e-08
layer-27-plain,up,1024,10.167469622688099,0.2541530810865536,1.9853668732007135,8.831854953264496e-10,0.9999999999999891,-1.021980348454557e-08,,,,,,,,
layer-27-plain,gate,1024,10.167469622688099,0.37792961436124883,1.6316449185423934,9.79436778453759e-10,0.99999999999998,-1.1533374112574689e-08,,,,,,,,
