architecture,rho,n,member_accuracy,root_accuracy,home_accuracy,held_composite,held_common_conflict_composite,held_two_step,held_conflict_home_copy
d2w96,0.25,12,1.0,1.0,1.0,0.9166666666666666,0.875,1.0,0.07175925925925926
d2w96,0.5,12,1.0,1.0,1.0,0.9166666666666666,0.861111111111111,1.0,0.11458333333333333
d2w96,0.75,12,1.0,1.0,1.0,0.9427083333333334,0.7916666666666666,1.0,0.17361111111111113
d2w135,0.25,12,1.0,1.0,1.0,0.873263888888889,0.8263888888888888,1.0,0.125
d2w135,0.5,12,1.0,1.0,1.0,0.9479166666666666,0.9027777777777777,1.0,0.09375
d2w135,0.75,12,1.0,1.0,1.0,0.9392361111111112,0.7569444444444445,1.0,0.24305555555555555
d4w96,0.25,12,1.0,1.0,1.0,0.8767361111111112,0.7708333333333334,1.0,0.09953703703703705
d4w96,0.5,12,1.0,1.0,1.0,0.904513888888889,0.8333333333333335,1.0,0.16666666666666666
d4w96,0.75,12,1.0,1.0,1.0,0.9392361111111112,0.763888888888889,1.0,0.23611111111111113
