method,style,outcome,n_dev,n_eval,eval_brier,eval_auc,brier_gain,ci_low,ci_high
canonical_baseline,plain,candidate_mean_error,384,640,0.10565279674763232,0.9087555687555687,,,
canonical_baseline,plain,candidate_sum_error,384,640,0.10841313106596706,0.9056741174063241,,,
canonical_baseline,plain,recognized_entity_error,53,105,0.08353711083998186,0.8963903743315508,,,
canonical_baseline,plain,unrecognized_generation,384,640,0.08433938805269363,0.8817801513128616,,,
canonical_baseline,wrapped,candidate_mean_error,192,320,0.10592497820377951,0.9120650813516896,,,
canonical_baseline,wrapped,candidate_sum_error,192,320,0.10592497820377951,0.9120650813516896,,,
canonical_baseline,wrapped,recognized_entity_error,80,136,0.10202778854069473,0.8379186602870814,,,
canonical_baseline,wrapped,unrecognized_generation,192,320,0.13509487608180049,0.8872282608695652,,,
x-L14-cosine,plain,candidate_mean_error,384,640,0.10588182864558546,0.9087971487971488,-0.00022903189795313688,-0.0024242481964044426,0.002001393481098735
x-L14-cosine,plain,candidate_sum_error,384,640,0.10950540172516669,0.9027311354253181,-0.0010922706591996148,-0.003538200200805725,0.0014269536089726064
x-L14-cosine,plain,recognized_entity_error,53,105,0.08485192245171189,0.8977272727272727,-0.001314811611730031,-0.009662367627960798,0.007869499849539207
x-L14-cosine,plain,unrecognized_generation,384,640,0.0805184599598725,0.8856786826880285,0.0038209280928211157,0.000663987274414177,0.007286171392335497
x-L14-cosine,wrapped,candidate_mean_error,192,320,0.1068275338996317,0.9076595744680851,-0.000902555695852196,-0.003886990140727606,0.0020196970887875485
x-L14-cosine,wrapped,candidate_sum_error,192,320,0.1068275338996317,0.9076595744680851,-0.000902555695852196,-0.003886990140727606,0.0020196970887875485
x-L14-cosine,wrapped,recognized_entity_error,80,136,0.10619623861739222,0.8199760765550239,-0.004168450076697459,-0.007995091367513705,-0.0004273990133748229
x-L14-cosine,wrapped,unrecognized_generation,192,320,0.13565342951471998,0.8867487212276215,-0.0005585534329194855,-0.006413431946934767,0.005308929052902491
x-L14-ridge0.01,plain,candidate_mean_error,384,640,0.1050873774960939,0.9093792693792694,0.0005654192515384463,-0.0016269470824328452,0.0026043132110812332
x-L14-ridge0.01,plain,candidate_sum_error,384,640,0.10796399136426511,0.906300027684493,0.0004491397017019739,-0.001516892504740744,0.0023010739614764985
x-L14-ridge0.01,plain,recognized_entity_error,53,105,0.0907047789396771,0.8703208556149733,-0.007167668099695231,-0.021203498172835233,0.003454468036329362
x-L14-ridge0.01,plain,unrecognized_generation,384,640,0.08330693782413405,0.8797151757899422,0.00103245022855957,-0.0009370165963361538,0.0029645370490659377
x-L14-ridge0.01,wrapped,candidate_mean_error,192,320,0.1089277965496552,0.9037797246558197,-0.003002818345875695,-0.007548833634211565,0.0013014348959866097
x-L14-ridge0.01,wrapped,candidate_sum_error,192,320,0.1089277965496552,0.9037797246558197,-0.003002818345875695,-0.007548833634211565,0.0013014348959866097
x-L14-ridge0.01,wrapped,recognized_entity_error,80,136,0.10305566779387149,0.8347288676236044,-0.0010278792531767426,-0.004757022185544231,0.002365376904033018
x-L14-ridge0.01,wrapped,unrecognized_generation,192,320,0.13520377693193625,0.8886269181585678,-0.00010890085013575551,-0.004426668887466438,0.00440291878848851
x-L14-ridge0.01-shuffled,plain,candidate_mean_error,384,640,0.10842768289101201,0.9036531036531037,-0.0027748861433796795,-0.006231381946724091,0.0005462578555834675
x-L14-ridge0.01-shuffled,plain,candidate_sum_error,384,640,0.11022060171245984,0.9012987638272006,-0.0018074706464927454,-0.005009131894380029,0.0012481166784646858
x-L14-ridge0.01-shuffled,plain,recognized_entity_error,53,105,0.08625348497051492,0.8833556149732621,-0.002716374130533062,-0.020560241835748474,0.012014773629767838
x-L14-ridge0.01-shuffled,plain,unrecognized_generation,384,640,0.08299394515135128,0.8830796617712505,0.001345442901342346,-0.0009736714756945564,0.0036869842865095326
x-L14-ridge0.01-shuffled,wrapped,candidate_mean_error,192,320,0.10668562747478112,0.909136420525657,-0.0007606492710016077,-0.0034738037136074346,0.0018928260269064762
x-L14-ridge0.01-shuffled,wrapped,candidate_sum_error,192,320,0.10668562747478112,0.909136420525657,-0.0007606492710016077,-0.0034738037136074346,0.0018928260269064762
x-L14-ridge0.01-shuffled,wrapped,recognized_entity_error,80,136,0.10230068672285532,0.8502791068580542,-0.00027289818216057356,-0.004371366672876582,0.003983571270951424
x-L14-ridge0.01-shuffled,wrapped,unrecognized_generation,192,320,0.13351062044794565,0.8903452685421995,0.0015842556338548335,-0.0023144743426215027,0.005674108648112272
x-L14-ridge0.1,plain,candidate_mean_error,384,640,0.10473419055241155,0.9121473121473122,0.0009186061952207773,-0.0005807068816210826,0.0023833483853763046
x-L14-ridge0.1,plain,candidate_sum_error,384,640,0.10773326616236845,0.9082078503592966,0.0006798649035986284,-0.0007591483870854539,0.0020649236815261244
x-L14-ridge0.1,plain,recognized_entity_error,53,105,0.08835050057511022,0.8783422459893049,-0.004813389735128372,-0.019924518967767296,0.007300932403957942
x-L14-ridge0.1,plain,unrecognized_generation,384,640,0.08407849798093385,0.8834178905206943,0.0002608900717597784,-0.0018245730187133444,0.0021782845882597104
x-L14-ridge0.1,wrapped,candidate_mean_error,192,320,0.10950922029665659,0.9072841051314142,-0.00358424209287708,-0.00909281407956318,0.001883099535079882
x-L14-ridge0.1,wrapped,candidate_sum_error,192,320,0.10950922029665659,0.9072841051314142,-0.00358424209287708,-0.00909281407956318,0.001883099535079882
x-L14-ridge0.1,wrapped,recognized_entity_error,80,136,0.10553028525535611,0.822567783094099,-0.0035024967146613656,-0.008964105368954905,0.0014536493889035756
x-L14-ridge0.1,wrapped,unrecognized_generation,192,320,0.1327158984190315,0.8912643861892583,0.0023789776627689864,-0.001241948625238963,0.006295952899695952
phi-L14-cosine,plain,candidate_mean_error,384,640,0.106304130874325,0.9086664686664687,-0.0006513341266926551,-0.003153950365500642,0.0019179765008774958
phi-L14-cosine,plain,candidate_sum_error,384,640,0.10994418102649914,0.9030561273005212,-0.0015310499605320548,-0.004190938968465911,0.0013271196064540702
phi-L14-cosine,plain,recognized_entity_error,53,105,0.08766482949037974,0.8890374331550802,-0.004127718650397884,-0.015130281801226343,0.0076488723973792225
phi-L14-cosine,plain,unrecognized_generation,384,640,0.08196214465607307,0.8862483311081442,0.0023772433966205413,-0.0011286859063681675,0.006308789755142953
phi-L14-cosine,wrapped,candidate_mean_error,192,320,0.10785840125968413,0.9046307884856071,-0.0019334230559046185,-0.004969742656392065,0.0007426966804290213
phi-L14-cosine,wrapped,candidate_sum_error,192,320,0.10785840125968413,0.9046307884856071,-0.0019334230559046185,-0.004969742656392065,0.0007426966804290213
phi-L14-cosine,wrapped,recognized_entity_error,80,136,0.10222653992216411,0.835725677830941,-0.00019875138146935312,-0.004303020459703938,0.004179798883594741
phi-L14-cosine,wrapped,unrecognized_generation,192,320,0.13500708062282266,0.8883671675191817,8.779545897784555e-05,-0.00659168801822934,0.0062265116699253805
phi-L14-ridge0.01,plain,candidate_mean_error,384,640,0.10589523014435653,0.9084645084645085,-0.00024243339672420884,-0.0019010671389580866,0.0014737977964698343
phi-L14-ridge0.01,plain,candidate_sum_error,384,640,0.10899264319232423,0.9041875804956728,-0.0005795121263571384,-0.00211559729618096,0.0009466998220967864
phi-L14-ridge0.01,plain,recognized_entity_error,53,105,0.07587850319190625,0.9385026737967914,0.007658607648075589,-0.0033047941456999363,0.021416962777735932
phi-L14-ridge0.01,plain,unrecognized_generation,384,640,0.08306140991876781,0.8825011125945705,0.0012779781339258157,-0.000826088784236608,0.0031946572410590643
phi-L14-ridge0.01,wrapped,candidate_mean_error,192,320,0.108388369057777,0.9048310387984981,-0.002463390853997489,-0.005697577289278183,0.0007641413733675642
phi-L14-ridge0.01,wrapped,candidate_sum_error,192,320,0.108388369057777,0.9048310387984981,-0.002463390853997489,-0.005697577289278183,0.0007641413733675642
phi-L14-ridge0.01,wrapped,recognized_entity_error,80,136,0.10069190829645573,0.8592503987240829,0.0013358802442390279,-0.0078034320218339885,0.010665509572724476
phi-L14-ridge0.01,wrapped,unrecognized_generation,192,320,0.14525476374821505,0.8691656010230179,-0.010159887666414581,-0.015263572609420885,-0.004882033990118871
phi-L14-ridge0.01-shuffled,plain,candidate_mean_error,384,640,0.10727060758377963,0.9028155628155629,-0.0016178108361472876,-0.004013883200810349,0.0005506267903186301
phi-L14-ridge0.01-shuffled,plain,candidate_sum_error,384,640,0.1094827030012739,0.9005946147642605,-0.001069571935306828,-0.0034283929383961474,0.0011148612012449914
phi-L14-ridge0.01-shuffled,plain,recognized_entity_error,53,105,0.07877760662938767,0.9247994652406417,0.00475950421059421,-0.0034629783488135525,0.014350664513971744
phi-L14-ridge0.01-shuffled,plain,unrecognized_generation,384,640,0.08377048360727089,0.8858210947930575,0.0005689044454227309,-0.0017223856144476287,0.002717350288636641
phi-L14-ridge0.01-shuffled,wrapped,candidate_mean_error,192,320,0.10922045574676413,0.9068836045056321,-0.0032954775429846254,-0.008667027074937668,0.0022958758325595232
phi-L14-ridge0.01-shuffled,wrapped,candidate_sum_error,192,320,0.10922045574676413,0.9068836045056321,-0.0032954775429846254,-0.008667027074937668,0.0022958758325595232
phi-L14-ridge0.01-shuffled,wrapped,recognized_entity_error,80,136,0.09545004848543959,0.8728070175438597,0.006577740055255157,-5.1467985484781975e-05,0.013340126463946004
phi-L14-ridge0.01-shuffled,wrapped,unrecognized_generation,192,320,0.14231942945284212,0.8743206521739131,-0.007224553371041628,-0.011217260532432436,-0.003288748046417703
phi-L14-ridge0.1,plain,candidate_mean_error,384,640,0.10694564832416002,0.9075556875556875,-0.0012928515765276804,-0.0037659375684729428,0.0011341691167919652
phi-L14-ridge0.1,plain,candidate_sum_error,384,640,0.11004696861398933,0.9026228048002504,-0.0016338375480222573,-0.004083595851966577,0.0007122674815032883
phi-L14-ridge0.1,plain,recognized_entity_error,53,105,0.08308209258760076,0.9137700534759359,0.00045501825238110236,-0.012480597074293878,0.013723500957961725
phi-L14-ridge0.1,plain,unrecognized_generation,384,640,0.08397156607434104,0.8833288829550512,0.00036782197835257913,-0.0008700657874839777,0.0015062614991479364
phi-L14-ridge0.1,wrapped,candidate_mean_error,192,320,0.1080247675820789,0.9062327909887359,-0.002099789378299404,-0.005193046369634726,0.0009526943582477896
phi-L14-ridge0.1,wrapped,candidate_sum_error,192,320,0.1080247675820789,0.9062327909887359,-0.002099789378299404,-0.005193046369634726,0.0009526943582477896
phi-L14-ridge0.1,wrapped,recognized_entity_error,80,136,0.10537128095423105,0.8201754385964912,-0.0033434924135363002,-0.011864486567994595,0.004738358802551965
phi-L14-ridge0.1,wrapped,unrecognized_generation,192,320,0.14192765920196387,0.8756393861892583,-0.006832783120163349,-0.011086542076643457,-0.002734494487807548
x-L22-cosine,plain,candidate_mean_error,384,640,0.10620587025308674,0.9087615087615087,-0.0005530735054543972,-0.003267366742914284,0.002115321478348694
x-L22-cosine,plain,candidate_sum_error,384,640,0.10968956028917158,0.9030681640366398,-0.0012764292232045117,-0.004042298733257196,0.0014690557343762568
x-L22-cosine,plain,recognized_entity_error,53,105,0.0841961318968999,0.9010695187165776,-0.0006590210569180488,-0.01097097066843986,0.009397318004869036
x-L22-cosine,plain,unrecognized_generation,384,640,0.08041146355175495,0.8786292834890965,0.003927924500938678,0.0008473220714315714,0.006926392550949936
x-L22-cosine,wrapped,candidate_mean_error,192,320,0.10693687162896995,0.9051314142678348,-0.0010118934251904215,-0.0031154454365607833,0.0010253373522159923
x-L22-cosine,wrapped,candidate_sum_error,192,320,0.10693687162896995,0.9051314142678348,-0.0010118934251904215,-0.0031154454365607833,0.0010253373522159923
x-L22-cosine,wrapped,recognized_entity_error,80,136,0.10915156909032162,0.8191786283891548,-0.0071237805496268515,-0.014283131234187584,-0.00033163058433468185
x-L22-cosine,wrapped,unrecognized_generation,192,320,0.12874578964992706,0.8978580562659847,0.00634908643187347,-0.00040269210944393554,0.012825991180470715
x-L22-ridge0.01,plain,candidate_mean_error,384,640,0.1054117066465567,0.9116186516186516,0.00024109010107562916,-0.0005384335384295443,0.0010341188036227167
x-L22-ridge0.01,plain,candidate_sum_error,384,640,0.10836712060667084,0.9079911891091611,4.601045929623544e-05,-0.0008430381695871679,0.0009003814779799169
x-L22-ridge0.01,plain,recognized_entity_error,53,105,0.08230825506619242,0.929144385026738,0.001228855773789428,-0.016183961649796748,0.018391169120434342
x-L22-ridge0.01,plain,unrecognized_generation,384,640,0.07750909857480803,0.901646639964397,0.006830289477885582,0.00042842285758116876,0.013534985681068996
x-L22-ridge0.01,wrapped,candidate_mean_error,192,320,0.10573934900550412,0.9060826032540675,0.00018562919827538253,-0.0025553534339741507,0.0030120647604010334
x-L22-ridge0.01,wrapped,candidate_sum_error,192,320,0.10573934900550412,0.9060826032540675,0.00018562919827538253,-0.0025553534339741507,0.0030120647604010334
x-L22-ridge0.01,wrapped,recognized_entity_error,80,136,0.10053381611738763,0.8506778309409888,0.001493972423307121,-0.010861059422386814,0.013740153683921714
x-L22-ridge0.01,wrapped,unrecognized_generation,192,320,0.1344979237512426,0.8898657289002558,0.0005969523305579037,-0.007844462445015056,0.008600276988397135
x-L22-ridge0.01-shuffled,plain,candidate_mean_error,384,640,0.10836493084564609,0.903112563112563,-0.002712134098013743,-0.005151541432501067,-0.0005395638056312377
x-L22-ridge0.01-shuffled,plain,candidate_sum_error,384,640,0.11062065531224378,0.9002034208404048,-0.002207524246276707,-0.004451705612225703,-0.00017975793759179842
x-L22-ridge0.01-shuffled,plain,recognized_entity_error,53,105,0.07389902409569589,0.9237967914438503,0.009638086744285963,-0.0005998255879448781,0.019773956904903994
x-L22-ridge0.01-shuffled,plain,unrecognized_generation,384,640,0.08299251160534521,0.8680996884735203,0.0013468764473484065,-0.003080313379342253,0.005898389903496535
x-L22-ridge0.01-shuffled,wrapped,candidate_mean_error,192,320,0.10871780683482184,0.900125156445557,-0.002792828631042337,-0.0070804421589115586,0.0013798798950466055
x-L22-ridge0.01-shuffled,wrapped,candidate_sum_error,192,320,0.10871780683482184,0.900125156445557,-0.002792828631042337,-0.0070804421589115586,0.0013798798950466055
x-L22-ridge0.01-shuffled,wrapped,recognized_entity_error,80,136,0.10312562814105218,0.8397129186602871,-0.0010978396003574423,-0.010745311639881695,0.008836485462937025
x-L22-ridge0.01-shuffled,wrapped,unrecognized_generation,192,320,0.14199237121491817,0.8746203644501279,-0.006897495133117651,-0.013747160383431194,-0.0007148043906534411
x-L22-ridge0.1,plain,candidate_mean_error,384,640,0.10498895181584342,0.9128125928125929,0.0006638449317889209,-0.0022174348070747034,0.0034015628447280747
x-L22-ridge0.1,plain,candidate_sum_error,384,640,0.10824350450579927,0.9080513727897543,0.00016962656016781635,-0.00259654911403826,0.0029420873129825864
x-L22-ridge0.1,plain,recognized_entity_error,53,105,0.0974517405297102,0.8927139037433155,-0.01391462968972836,-0.02824439303906543,0.0006981794783024158
x-L22-ridge0.1,plain,unrecognized_generation,384,640,0.07918276354316325,0.8984957721406319,0.0051566245095303566,-0.0006248221439530087,0.011324866582978536
x-L22-ridge0.1,wrapped,candidate_mean_error,192,320,0.10412665958574681,0.9135919899874844,0.0017983186180326987,-0.001441357748349456,0.005060241820894086
x-L22-ridge0.1,wrapped,candidate_sum_error,192,320,0.10412665958574681,0.9135919899874844,0.0017983186180326987,-0.001441357748349456,0.005060241820894086
x-L22-ridge0.1,wrapped,recognized_entity_error,80,136,0.10221505486509125,0.8562599681020734,-0.00018726632439649502,-0.014841170934035643,0.01328101686297921
x-L22-ridge0.1,wrapped,unrecognized_generation,192,320,0.13361271342082617,0.8889665920716112,0.0014821626609743315,-0.00457616402414227,0.00733829451542788
phi-L22-cosine,plain,candidate_mean_error,384,640,0.10592821133481818,0.9097356697356697,-0.00027541458718584804,-0.002357822756257716,0.001802774635185804
phi-L22-cosine,plain,candidate_sum_error,384,640,0.10915306423851741,0.9057704112952731,-0.0007399331725503457,-0.0029304708435673034,0.0014469652383881512
phi-L22-cosine,plain,recognized_entity_error,53,105,0.08649288918623559,0.891042780748663,-0.0029557783462537297,-0.014189819720344906,0.008433421159306322
phi-L22-cosine,plain,unrecognized_generation,384,640,0.08170754511308878,0.8821183800623054,0.0026318429396048476,-0.00028522123366806797,0.005670070377613036
phi-L22-cosine,wrapped,candidate_mean_error,192,320,0.10654362214520652,0.9060325406758448,-0.0006186439414270078,-0.002870751856536887,0.0018679109401894846
phi-L22-cosine,wrapped,candidate_sum_error,192,320,0.10654362214520652,0.9060325406758448,-0.0006186439414270078,-0.002870751856536887,0.0018679109401894846
phi-L22-cosine,wrapped,recognized_entity_error,80,136,0.10896593135535852,0.8229665071770335,-0.00693814281466378,-0.015116046740126392,0.000991534367587644
phi-L22-cosine,wrapped,unrecognized_generation,192,320,0.12716860326082033,0.900235773657289,0.007926272820980174,0.001748641962991414,0.014390257023504424
phi-L22-ridge0.01,plain,candidate_mean_error,384,640,0.10733045776514627,0.9094683694683694,-0.0016776610175139425,-0.003959612144202093,0.0005850096200956876
phi-L22-ridge0.01,plain,candidate_sum_error,384,640,0.1096344436694919,0.9065106705665692,-0.0012213126035248057,-0.00335088975251538,0.0009259646000419066
phi-L22-ridge0.01,plain,recognized_entity_error,53,105,0.0794132314179053,0.9177807486631016,0.004123879422076556,-0.002642339090001422,0.011389815290868105
phi-L22-ridge0.01,plain,unrecognized_generation,384,640,0.0769290700566361,0.9053137516688919,0.00741031799605753,0.001695997746691994,0.013577897878779324
phi-L22-ridge0.01,wrapped,candidate_mean_error,192,320,0.1051943002709298,0.9080100125156446,0.000730677932849725,-0.002745792100519491,0.0041175447612368
phi-L22-ridge0.01,wrapped,candidate_sum_error,192,320,0.1051943002709298,0.9080100125156446,0.000730677932849725,-0.002745792100519491,0.0041175447612368
phi-L22-ridge0.01,wrapped,recognized_entity_error,80,136,0.0974550803152867,0.8680223285486444,0.004572708225408056,-0.003371731802288308,0.01261134314325282
phi-L22-ridge0.01,wrapped,unrecognized_generation,192,320,0.13662447890399068,0.8823529411764707,-0.0015296028221901817,-0.009056770009865272,0.005861977905429353
phi-L22-ridge0.01-shuffled,plain,candidate_mean_error,384,640,0.1087701521660774,0.902880902880903,-0.003117355418445053,-0.006738104576014835,0.0006239777715664355
phi-L22-ridge0.01-shuffled,plain,candidate_sum_error,384,640,0.11100513098608873,0.8995955656664139,-0.0025919999201216575,-0.005863607910042025,0.0009576062302696447
phi-L22-ridge0.01-shuffled,plain,recognized_entity_error,53,105,0.0811943809488034,0.9030748663101604,0.002342729891178464,-0.003471401505429681,0.007575025321505587
phi-L22-ridge0.01-shuffled,plain,unrecognized_generation,384,640,0.08345317955655643,0.8761726746773476,0.0008862084961371858,-0.003430437398243217,0.005258771920788985
phi-L22-ridge0.01-shuffled,wrapped,candidate_mean_error,192,320,0.10631014410280464,0.9026783479349187,-0.00038516589902513285,-0.003628498615592616,0.0027576686388043462
phi-L22-ridge0.01-shuffled,wrapped,candidate_sum_error,192,320,0.10631014410280464,0.9026783479349187,-0.00038516589902513285,-0.003628498615592616,0.0027576686388043462
phi-L22-ridge0.01-shuffled,wrapped,recognized_entity_error,80,136,0.1009131936886669,0.8492822966507177,0.0011145948520278415,-0.0074285926367959184,0.009924464670528136
phi-L22-ridge0.01-shuffled,wrapped,unrecognized_generation,192,320,0.13337663813457054,0.8891064578005116,0.001718237947229951,-0.0007762858388199954,0.004243473972275645
phi-L22-ridge0.1,plain,candidate_mean_error,384,640,0.1039119074785354,0.9152361152361153,0.0017408892690969388,-0.00015956626416338936,0.0039328148238357025
phi-L22-ridge0.1,plain,candidate_sum_error,384,640,0.10665073692976437,0.9117586875142937,0.0017623941362027331,-7.240312772029099e-05,0.003933774854140954
phi-L22-ridge0.1,plain,recognized_entity_error,53,105,0.09214044982779275,0.8970588235294118,-0.00860333898781089,-0.017908862350052845,0.0012133878238121689
phi-L22-ridge0.1,plain,unrecognized_generation,384,640,0.07674034894893308,0.9126123720516244,0.007599039103760535,0.0015536440679993042,0.013934658160176036
phi-L22-ridge0.1,wrapped,candidate_mean_error,192,320,0.1054732041956443,0.9092866082603255,0.0004517740081352175,-0.0020772528340858025,0.003135689421223893
phi-L22-ridge0.1,wrapped,candidate_sum_error,192,320,0.1054732041956443,0.9092866082603255,0.0004517740081352175,-0.0020772528340858025,0.003135689421223893
phi-L22-ridge0.1,wrapped,recognized_entity_error,80,136,0.10032128042028171,0.8554625199362041,0.0017065081204130361,-0.0063935274842628785,0.010560072336757082
phi-L22-ridge0.1,wrapped,unrecognized_generation,192,320,0.12680229498949366,0.9002157928388747,0.008292581092306808,0.00181450621782045,0.014790606615832756
x-L27-cosine,plain,candidate_mean_error,384,640,0.1057169347515928,0.9090941490941491,-6.413800396046191e-05,-0.0022249085553884373,0.002039160533073968
x-L27-cosine,plain,candidate_sum_error,384,640,0.10926311334858296,0.9040190661900119,-0.0008499822826158888,-0.0031298746512204386,0.0016003520613216296
x-L27-cosine,plain,recognized_entity_error,53,105,0.08388832755045376,0.9024064171122995,-0.00035121671047191,-0.010083197468615449,0.008655893839453697
x-L27-cosine,plain,unrecognized_generation,384,640,0.08030481670322205,0.8807476635514019,0.004034571349471576,0.0014258639670849393,0.006599249282520873
x-L27-cosine,wrapped,candidate_mean_error,192,320,0.10578463473962026,0.9087359198998748,0.0001403434641592401,-0.002399924234194003,0.0027366782563096304
x-L27-cosine,wrapped,candidate_sum_error,192,320,0.10578463473962026,0.9087359198998748,0.0001403434641592401,-0.002399924234194003,0.0027366782563096304
x-L27-cosine,wrapped,recognized_entity_error,80,136,0.10452157071483673,0.8299441786283892,-0.0024937821741419686,-0.008137605665766497,0.0031051065943447217
x-L27-cosine,wrapped,unrecognized_generation,192,320,0.12184716554169095,0.9097666240409207,0.013247710540109559,0.00570712148421396,0.02079799425926131
x-L27-ridge0.01,plain,candidate_mean_error,384,640,0.10383049925524857,0.9134778734778735,0.0018222974923837766,-0.0005517180876401715,0.00440519739025842
x-L27-ridge0.01,plain,candidate_sum_error,384,640,0.10652337599933219,0.9100735444576848,0.001889755066634886,-0.00041266546151731264,0.004367986061549388
x-L27-ridge0.01,plain,recognized_entity_error,53,105,0.08648829131198803,0.9107620320855615,-0.00295118047200616,-0.01673189674661297,0.010954604531737154
x-L27-ridge0.01,plain,unrecognized_generation,384,640,0.07983254590710107,0.9034178905206943,0.004506842145592565,-0.002856063602125825,0.011981619942119593
x-L27-ridge0.01,wrapped,candidate_mean_error,192,320,0.1081048225177181,0.9105632040050063,-0.0021798443139385807,-0.007872534374961992,0.003830603068355492
x-L27-ridge0.01,wrapped,candidate_sum_error,192,320,0.1081048225177181,0.9105632040050063,-0.0021798443139385807,-0.007872534374961992,0.003830603068355492
x-L27-ridge0.01,wrapped,recognized_entity_error,80,136,0.10044319552690249,0.8578548644338119,0.0015845930137922534,-0.011162829596109754,0.015033576450724761
x-L27-ridge0.01,wrapped,unrecognized_generation,192,320,0.13200470622734584,0.8937020460358056,0.0030901698544546488,-0.0049729936175583545,0.010993068230258087
x-L27-ridge0.01-shuffled,plain,candidate_mean_error,384,640,0.10745955970633418,0.9056133056133057,-0.0018067629587018522,-0.004270071267957582,0.0004396759539053995
x-L27-ridge0.01-shuffled,plain,candidate_sum_error,384,640,0.11031733847078677,0.9008293311185739,-0.0019042074048197057,-0.0040400908644511015,2.6087918129075594e-05
x-L27-ridge0.01-shuffled,plain,recognized_entity_error,53,105,0.07748634329519444,0.9164438502673797,0.0060507675447874195,-0.004828304590909461,0.018557486857635554
x-L27-ridge0.01-shuffled,plain,unrecognized_generation,384,640,0.08530175692320911,0.8618602581219404,-0.0009623688705154967,-0.006132033938756353,0.003921213111712522
x-L27-ridge0.01-shuffled,wrapped,candidate_mean_error,192,320,0.10803708378780537,0.9064080100125156,-0.0021121055840258507,-0.005545194748817255,0.0012046381486065958
x-L27-ridge0.01-shuffled,wrapped,candidate_sum_error,192,320,0.10803708378780537,0.9064080100125156,-0.0021121055840258507,-0.005545194748817255,0.0012046381486065958
x-L27-ridge0.01-shuffled,wrapped,recognized_entity_error,80,136,0.10374112852381,0.8213716108452951,-0.0017133399831152339,-0.00903545825886749,0.006733944200016159
x-L27-ridge0.01-shuffled,wrapped,unrecognized_generation,192,320,0.13015568519225665,0.8939817774936062,0.00493919088954387,0.000888866729300226,0.00901041924775419
x-L27-ridge0.1,plain,candidate_mean_error,384,640,0.10496145976905598,0.910899910899911,0.0006913369785763553,-0.0027337113875429684,0.0042236168585966455
x-L27-ridge0.1,plain,candidate_sum_error,384,640,0.10803655852781908,0.9061977154274846,0.00037657253814800536,-0.0029434373102990947,0.003865462349154803
x-L27-ridge0.1,plain,recognized_entity_error,53,105,0.11256728631711263,0.8783422459893048,-0.029030175477130785,-0.05091461489035845,-0.007411561454082555
x-L27-ridge0.1,plain,unrecognized_generation,384,640,0.08138829270000662,0.8948019581664441,0.0029510953526869985,-0.0033501820788629285,0.00894904168174997
x-L27-ridge0.1,wrapped,candidate_mean_error,192,320,0.10839386524011045,0.9044806007509386,-0.002468887036330932,-0.0062170385318935815,0.001101043011340597
x-L27-ridge0.1,wrapped,candidate_sum_error,192,320,0.10839386524011045,0.9044806007509386,-0.002468887036330932,-0.0062170385318935815,0.001101043011340597
x-L27-ridge0.1,wrapped,recognized_entity_error,80,136,0.10751697312504578,0.8450956937799043,-0.005489184584351031,-0.013152974406268668,0.0025824932597861166
x-L27-ridge0.1,wrapped,unrecognized_generation,192,320,0.1294180439335027,0.8946411445012789,0.005676832148297778,-0.002120176125023504,0.013609738794862113
phi-L27-cosine,plain,candidate_mean_error,384,640,0.10405609219103681,0.9144698544698544,0.001596704556595535,-0.0011571265154790135,0.004252037488880562
phi-L27-cosine,plain,candidate_sum_error,384,640,0.10799552386157014,0.9083342360885422,0.00041760720439692816,-0.0024786684608379588,0.0032219073812120654
phi-L27-cosine,plain,recognized_entity_error,53,105,0.08683111570197982,0.8950534759358288,-0.003294004861997971,-0.01230256815128198,0.004826497053000825
phi-L27-cosine,plain,unrecognized_generation,384,640,0.08334220813115242,0.8754962171784602,0.0009971799215411946,-0.002639682068829853,0.004686042274953376
phi-L27-cosine,wrapped,candidate_mean_error,192,320,0.1051952584907331,0.9110888610763455,0.000729719713046403,-0.0016475600241327357,0.00309110936185005
phi-L27-cosine,wrapped,candidate_sum_error,192,320,0.1051952584907331,0.9110888610763455,0.000729719713046403,-0.0016475600241327357,0.00309110936185005
phi-L27-cosine,wrapped,recognized_entity_error,80,136,0.1079022608348583,0.7946570972886762,-0.0058744722941635515,-0.016246297337857565,0.003828221315098156
phi-L27-cosine,wrapped,unrecognized_generation,192,320,0.12801076308034715,0.8967790920716112,0.007084113001453364,0.0004079934058975661,0.013835604383726144
phi-L27-ridge0.01,plain,candidate_mean_error,384,640,0.10441719539234837,0.9128719928719928,0.0012356013552839741,-0.0008889549386126537,0.0034215158839755906
phi-L27-ridge0.01,plain,candidate_sum_error,384,640,0.10733439526787562,0.9087013565401606,0.0010787357980914525,-0.0012068456447343412,0.0034692785763944132
phi-L27-ridge0.01,plain,recognized_entity_error,53,105,0.09073460993836388,0.8980614973262032,-0.007197499098382026,-0.020972781009854162,0.00743430756211765
phi-L27-ridge0.01,plain,unrecognized_generation,384,640,0.08020343377924606,0.8883489096573209,0.004135954273447572,-0.002141102015981906,0.010629128043830276
phi-L27-ridge0.01,wrapped,candidate_mean_error,192,320,0.10591739501657482,0.9162953692115144,7.583187204688018e-06,-0.0029491412989350874,0.003169426530130307
phi-L27-ridge0.01,wrapped,candidate_sum_error,192,320,0.10591739501657482,0.9162953692115144,7.583187204688018e-06,-0.0029491412989350874,0.003169426530130307
phi-L27-ridge0.01,wrapped,recognized_entity_error,80,136,0.09973212753423147,0.875,0.002295661006463279,-0.005959005313685826,0.01067138547258875
phi-L27-ridge0.01,wrapped,unrecognized_generation,192,320,0.13266399805323464,0.891863810741688,0.002430878028565843,-0.00592438546505263,0.010720200198302486
phi-L27-ridge0.01-shuffled,plain,candidate_mean_error,384,640,0.1080792697095905,0.902031482031482,-0.002426472961958152,-0.005050383247011634,0.0002335613630688934
phi-L27-ridge0.01-shuffled,plain,candidate_sum_error,384,640,0.11123462003782589,0.8973627511164073,-0.0028214889718588196,-0.00550874301808608,-6.659151761029851e-05
phi-L27-ridge0.01-shuffled,plain,recognized_entity_error,53,105,0.08492090447615619,0.8917112299465241,-0.0013837936361743384,-0.014245438457387896,0.012966340858645141
phi-L27-ridge0.01-shuffled,plain,unrecognized_generation,384,640,0.08479198035070656,0.8682599020916778,-0.00045259229801294725,-0.006441427434208393,0.0048080578601710925
phi-L27-ridge0.01-shuffled,wrapped,candidate_mean_error,192,320,0.10544427062350561,0.9122653316645808,0.0004807075802739022,-0.000687406382191162,0.0017025578555485566
phi-L27-ridge0.01-shuffled,wrapped,candidate_sum_error,192,320,0.10544427062350561,0.9122653316645808,0.0004807075802739022,-0.000687406382191162,0.0017025578555485566
phi-L27-ridge0.01-shuffled,wrapped,recognized_entity_error,80,136,0.10806610575894682,0.8145933014354068,-0.006038317218252087,-0.013350364155150469,0.00028593396815367945
phi-L27-ridge0.01-shuffled,wrapped,unrecognized_generation,192,320,0.1343005434367391,0.8879076086956522,0.0007943326450613823,-0.007543416459010574,0.009265224640778636
phi-L27-ridge0.1,plain,candidate_mean_error,384,640,0.103880987999394,0.9147193347193348,0.0017718087482383293,0.0001565125629174484,0.003562067394853799
phi-L27-ridge0.1,plain,candidate_sum_error,384,640,0.10679894878844083,0.9114577691113278,0.0016141822775262553,0.00016893631577742684,0.003140964928993541
phi-L27-ridge0.1,plain,recognized_entity_error,53,105,0.08616283635038309,0.9174465240641712,-0.0026257255104012176,-0.010906310566371707,0.006974543418969814
phi-L27-ridge0.1,plain,unrecognized_generation,384,640,0.08006734553843847,0.8845037828215399,0.004272042514255154,-0.0026878790775068852,0.010857757085631558
phi-L27-ridge0.1,wrapped,candidate_mean_error,192,320,0.10470564969674015,0.911188986232791,0.0012193285070393528,-0.002979836387877822,0.005572577131749529
phi-L27-ridge0.1,wrapped,candidate_sum_error,192,320,0.10470564969674015,0.911188986232791,0.0012193285070393528,-0.002979836387877822,0.005572577131749529
phi-L27-ridge0.1,wrapped,recognized_entity_error,80,136,0.10249712009552119,0.8253588516746411,-0.00046933155482643205,-0.007748042803838037,0.007700258258841048
phi-L27-ridge0.1,wrapped,unrecognized_generation,192,320,0.1327590064619156,0.8902253836317136,0.0023358696198849047,-0.002903920789013368,0.007465643738370079
