left,right,scope,kind,subset,n_model_pairs,n_worlds,expected_model_pairs,mean_left_minus_right_E,mean_left_minus_right_E_root,mean_left_minus_right_E_member,mean_left_minus_right_D,mean_left_minus_right_U_accuracy,mean_left_minus_right_E_target_value_nll
A,B,mlp,coherent,all,4,2,4,0.0,0.0,0.0,0.00390625,-0.0006948842445992226,-7.416494918288663e-05
A,B,mlp,coherent,quality_matched,4,2,4,0.0,0.0,0.0,0.00390625,-0.0006948842445992226,-7.416494918288663e-05
A,B,mlp,exception,all,4,2,4,0.0,0.0,0.0,0.05338541666666667,-0.0005101681795791901,8.370353316422552e-05
A,B,mlp,exception,quality_matched,4,2,4,0.0,0.0,0.0,0.05338541666666667,-0.0005101681795791901,8.370353316422552e-05
A,B,all,coherent,all,4,2,4,0.0,0.0,0.0,-0.12760416666666666,-0.000686088241503055,1.410248592037533e-05
A,B,all,coherent,quality_matched,4,2,4,0.0,0.0,0.0,-0.12760416666666666,-0.000686088241503055,1.410248592037533e-05
A,B,all,exception,all,4,2,4,0.0,0.0,0.0,-0.11458333333333334,-0.0006509042291182737,2.8895258083139197e-05
A,B,all,exception,quality_matched,4,2,4,0.0,0.0,0.0,-0.11458333333333334,-0.0006509042291182737,2.8895258083139197e-05
A,C,mlp,coherent,all,4,2,4,0.0,0.0,0.0,0.009114583333333343,0.0009147843220040919,-0.0002503776231606025
A,C,mlp,coherent,quality_matched,3,2,4,0.0,0.0,0.0,0.01215277777777779,-0.0005043041775150506,-0.00012023732415400445
A,C,mlp,exception,all,4,2,4,0.0,0.0,0.0,0.09244791666666667,0.001064316374639357,3.0402072297874838e-05
A,C,mlp,exception,quality_matched,3,2,4,0.0,0.0,0.0,0.09548611111111112,-0.00017592006192386952,0.00011814521470417579
A,C,all,coherent,all,4,2,4,0.0,0.0,0.0,-0.12369791666666666,0.00046618816409824126,7.095962246239651e-06
A,C,all,coherent,quality_matched,3,2,4,0.0,0.0,0.0,-0.18229166666666666,-0.0006215842187976365,1.2395721569191664e-05
A,C,all,exception,all,4,2,4,0.0,0.0,0.0,-0.13411458333333334,0.00035184012384774366,1.6645127743686317e-05
A,C,all,exception,quality_matched,3,2,4,0.0,0.0,0.0,-0.12847222222222224,-0.000633312222925897,2.0347869697919425e-05
B,C,mlp,coherent,all,4,2,4,0.0,0.0,0.0,0.005208333333333343,0.0016096685666033145,-0.0001762126739777159
B,C,mlp,coherent,quality_matched,4,2,4,0.0,0.0,0.0,0.005208333333333343,0.0016096685666033145,-0.0001762126739777159
B,C,mlp,exception,all,4,2,4,0.0,0.0,0.0,0.0390625,0.001574484554218547,-5.330146086635068e-05
B,C,mlp,exception,quality_matched,4,2,4,0.0,0.0,0.0,0.0390625,0.001574484554218547,-5.330146086635068e-05
B,C,all,coherent,all,4,2,4,0.0,0.0,0.0,0.003906249999999986,0.0011522764056012963,-7.0065236741356784e-06
B,C,all,coherent,quality_matched,4,2,4,0.0,0.0,0.0,0.003906249999999986,0.0011522764056012963,-7.0065236741356784e-06
B,C,all,exception,all,4,2,4,0.0,0.0,0.0,-0.01953125,0.0010027443529660174,-1.225013033945288e-05
B,C,all,exception,quality_matched,4,2,4,0.0,0.0,0.0,-0.01953125,0.0010027443529660174,-1.225013033945288e-05
