condition,scope,kind,world,seed,n_supports,mean_E,mean_E_root,mean_E_member,mean_D,mean_U_accuracy,mean_E_target_value_nll,mean_U0_damage,mean_U1_damage,mean_U2_damage,mean_U3_damage,mean_U2_base_damage,mean_U2_derived_damage
A,mlp,coherent,0,0,2,1.0,1.0,1.0,1.0,0.9943705580184364,0.0005554737290367484,0.0,0.0,0.002339792184661328,0.0005150673447568717,0.007456544742362456,0.0012833675564681724
A,mlp,coherent,0,1,2,1.0,1.0,1.0,1.0,0.9958131025262121,0.0005687664088327438,0.0,0.0,0.0034031716256902006,0.0,0.013816215129682091,0.001280737704918033
A,mlp,coherent,1,0,2,1.0,1.0,1.0,1.0,0.9979241432692985,0.00030191308178473264,0.0,0.005208333333333333,0.0008507018290089324,0.0,0.0012437810945273632,0.0007696254489481785
A,mlp,coherent,1,1,2,1.0,1.0,1.0,1.0,0.9988037435789178,0.0002710444532567635,0.0,0.0,0.0,0.00025627883136852895,0.0,0.0
A,mlp,exception,0,0,2,1.0,1.0,1.0,0.484375,0.994898318204208,0.0007845099025871605,0.0,0.0,0.0017017658129046289,0.0007730652807733836,0.00621584995328057,0.0007700205338809035
A,mlp,exception,0,1,2,1.0,1.0,1.0,0.7604166666666667,0.996305678699599,0.0010626629809848964,0.0,0.0,0.002552831028096158,0.0002566735112936345,0.012556769285853376,0.0005122950819672131
A,mlp,exception,1,0,2,1.0,1.0,1.0,0.515625,0.9980296953064527,0.0007911355060059577,0.0,0.0,0.0010633772862611655,0.0,0.0037313432835820895,0.000513083632632119
A,mlp,exception,1,1,2,1.0,1.0,1.0,0.5625,0.9989444796284568,0.0006989098037593067,0.0,0.0,0.0,0.00025627883136852895,0.0,0.0
A,all,coherent,0,0,2,1.0,1.0,1.0,0.90625,0.9956371824642882,5.982953734928742e-05,0.0,0.0,0.0010637394411479296,0.0007721367534972316,0.004975155164198684,0.0002566735112936345
A,all,coherent,0,1,2,1.0,1.0,1.0,0.5416666666666666,0.9973611990711421,6.431499241443817e-05,0.0,0.0,0.0010635589793524637,0.0002566735112936345,0.005012657273692343,0.00025614754098360657
A,all,coherent,1,0,2,1.0,1.0,1.0,0.9635416666666667,0.9984870874674547,3.171020489389775e-05,0.0,0.010416666666666666,0.0004253509145044662,0.0,0.0,0.000513083632632119
A,all,coherent,1,1,2,1.0,1.0,1.0,0.9583333333333334,0.9986981915417634,4.172999433649238e-05,0.25,0.015735815602836878,0.0004246284501061571,0.0005128205128205128,0.0024813895781637717,0.0
A,all,exception,0,0,2,1.0,1.0,1.0,0.421875,0.9958834705509816,8.586207331973128e-05,0.0,0.010416666666666666,0.00042553199194784823,0.0,0.002487577582099342,0.0
A,all,exception,0,1,2,1.0,1.0,1.0,0.17708333333333331,0.9968686228977552,9.61811347224284e-05,0.0,0.005208333333333333,0.0017014048893136974,0.0002566735112936345,0.007518985910538515,0.0005122950819672131
A,all,exception,1,0,2,1.0,1.0,1.0,0.5208333333333333,0.9985574554922243,4.6535358706023544e-05,0.0,0.005208333333333333,0.0004253509145044662,0.0,0.0012437810945273632,0.0002565418163160595
A,all,exception,1,1,2,1.0,1.0,1.0,0.359375,0.9986278235169939,5.972684084554203e-05,0.0,0.005208333333333333,0.0008492569002123143,0.0,0.004962779156327543,0.0
B,mlp,coherent,0,0,2,1.0,1.0,1.0,1.0,0.9954260783899795,0.0004745048354379833,0.0,0.0,0.004670912951167729,0.0005144066951195665,0.008684863523573201,0.0038422131147540983
B,mlp,coherent,0,1,2,1.0,1.0,1.0,1.0,0.998768559566533,0.0005514112417586148,0.0,0.010416666666666666,0.0029723991507431,0.0010245901639344263,0.009925558312655087,0.0015368852459016393
B,mlp,coherent,1,0,2,1.0,1.0,1.0,0.9895833333333333,0.9975723031454506,0.0004611027252394706,0.0,0.0,0.0016995965759030122,0.0002570694087403599,0.0024937655860349127,0.0015368852459016393
B,mlp,coherent,1,1,2,1.0,1.0,1.0,0.9947916666666667,0.9979241432692985,0.0005068386672064662,0.0,0.0,0.0006369426751592357,0.000769362464000648,0.0024813895781637717,0.00025614754098360657
B,mlp,exception,0,0,2,1.0,1.0,1.0,0.453125,0.9959538385757511,0.0006934132543392479,0.0,0.0,0.003397027600849257,0.000513083632632119,0.011166253101736974,0.001793032786885246
B,mlp,exception,0,1,2,1.0,1.0,1.0,0.5416666666666666,0.9989444796284568,0.0007985247648321092,0.0,0.005208333333333333,0.002335456475583864,0.00025614754098360657,0.007444168734491316,0.0012807377049180327
B,mlp,exception,1,0,2,1.0,1.0,1.0,0.49479166666666663,0.9973963830835268,0.0007260837592184544,0.0,0.0,0.0036116878394388333,0.0005141388174807198,0.004975155164198684,0.0033299180327868855
B,mlp,exception,1,1,2,1.0,1.0,1.0,0.6197916666666667,0.9979241432692985,0.0007843822822906077,0.0,0.0,0.0010615711252653928,0.000769362464000648,0.0024813895781637717,0.0007684426229508197
B,all,coherent,0,0,2,1.0,1.0,1.0,0.9947916666666667,0.9970797269720639,4.68444632133469e-05,0.0,0.0,0.0012738853503184715,0.0,0.007444168734491315,0.0
B,all,coherent,0,1,2,1.0,1.0,1.0,0.9583333333333333,0.9994018717894588,1.9473764041322283e-05,0.0,0.0,0.0012738853503184713,0.0,0.004962779156327543,0.0005122950819672131
B,all,coherent,1,0,2,1.0,1.0,1.0,0.9635416666666666,0.997994511294068,4.221394374326337e-05,0.0,0.005208333333333333,0.0014865605005310112,0.0007712082262210797,0.0037344603751167985,0.0010245901639344263
B,all,coherent,1,1,2,1.0,1.0,1.0,0.9635416666666667,0.9984519034550701,3.264261431468185e-05,0.25,0.0,0.0006369426751592356,0.0007688364941055869,0.0024813895781637717,0.00025614754098360657
B,all,exception,0,0,2,1.0,1.0,1.0,0.5104166666666667,0.9965871507986771,5.306239654601086e-05,0.0,0.005263157894736842,0.0021231422505307855,0.0,0.009925558312655087,0.0005122950819672131
B,all,exception,0,1,2,1.0,1.0,1.0,0.4739583333333333,0.9994370558018436,2.6531864023127127e-05,0.0,0.0,0.0006369426751592357,0.0,0.0024813895781637717,0.00025614754098360657
B,all,exception,1,0,2,1.0,1.0,1.0,0.453125,0.9980296953064527,4.990159868611954e-05,0.0,0.0,0.0008496178253717755,0.0012840287390415927,0.0037344603751167985,0.00025614754098360657
B,all,exception,1,1,2,1.0,1.0,1.0,0.5,0.9984870874674547,4.322851600591093e-05,0.0,0.0,0.0006369426751592356,0.0,0.0037220843672456576,0.0
C,mlp,coherent,0,0,2,1.0,1.0,1.0,0.9739583333333333,0.9982407993807614,0.000492961349664256,0.0,0.010416666666666666,0.001910828025477707,0.0005125576627370579,0.009925558312655087,0.00025614754098360657
C,mlp,coherent,0,1,2,1.0,1.0,1.0,1.0,0.9956371824642882,0.0003558757161954418,0.0,0.005208333333333333,0.002337171677000669,0.0007722670782597542,0.006225124378109453,0.001537147961328289
C,mlp,coherent,1,0,2,1.0,1.0,1.0,0.9895833333333333,0.9957427345014425,0.0009380281262565404,0.0,0.0,0.004676599709156931,0.0010277495005829283,0.0037313432835820895,0.004869297796002051
C,mlp,coherent,1,1,2,1.0,1.0,1.0,1.0,0.9936316937583562,0.0009118429734371603,0.0,0.005494505494505495,0.0025502976371168952,0.0005141388174807198,0.006246882793017456,0.001793032786885246
C,mlp,exception,0,0,2,1.0,1.0,1.0,0.49479166666666663,0.9984167194426853,0.0007363235345110297,0.0,0.0,0.001910828025477707,0.0005124263723521355,0.007444168734491316,0.0007684426229508197
C,mlp,exception,0,1,2,1.0,1.0,1.0,0.484375,0.995813102526212,0.0006572003185283393,0.0,0.005208333333333333,0.0023378947558704965,0.0005149330587023687,0.007475124378109453,0.0012812631357713325
C,mlp,exception,1,0,2,1.0,1.0,1.0,0.49479166666666663,0.995531630427134,0.0008903488924261183,0.0,0.0,0.006377189634884978,0.0012848189093232882,0.0012437810945273632,0.00743208610968734
C,mlp,exception,1,1,2,1.0,1.0,1.0,0.47916666666666663,0.9941594539441279,0.0009317371586803347,0.0,0.005494505494505495,0.003187872046396119,0.0002570694087403599,0.0062437655860349125,0.002561475409836066
C,all,coherent,0,0,2,1.0,1.0,1.0,0.9947916666666667,0.9990852156779959,3.1187176318780985e-05,0.0,0.0,0.0012738853503184713,0.00025627883136852895,0.006203473945409429,0.00025614754098360657
C,all,coherent,0,1,2,1.0,1.0,1.0,1.0,0.9970445429596791,4.2689594920375384e-05,0.25,0.005208333333333333,0.002125490337858602,0.0,0.004981343283582089,0.0015376733921815889
C,all,coherent,1,0,2,1.0,1.0,1.0,0.9635416666666667,0.9972204630216029,4.479079871089198e-05,0.0,0.0,0.000850069096912033,0.000770944159031824,0.004978226076599546,0.0
C,all,coherent,1,1,2,1.0,1.0,1.0,0.90625,0.9949686862289775,5.053331005910877e-05,0.0,0.01098901098901099,0.0006377551020408163,0.0007718707762436063,0.00375,0.0
C,all,exception,0,0,2,1.0,1.0,1.0,0.49479166666666663,0.9986630075293786,3.963457129430026e-05,0.0,0.005208333333333333,0.0021231422505307855,0.0007687052037206644,0.009925558312655087,0.0005122950819672131
C,all,exception,0,1,2,1.0,1.0,1.0,0.546875,0.99690380691014,6.768245293642394e-05,0.0,0.005208333333333333,0.0010634682477991286,0.0010296010978171396,0.003743781094527363,0.0005128205128205128
C,all,exception,1,0,2,1.0,1.0,1.0,0.46354166666666663,0.9976426711702202,6.021793342370074e-05,0.0,0.0,0.0010626541309256385,0.0002570694087403599,0.004981327775089639,0.00025627883136852895
C,all,exception,1,1,2,1.0,1.0,1.0,0.5104166666666666,0.9953205263528253,5.418993896455504e-05,0.0,0.0,0.0014878241989528494,0.0007718707762436063,0.007493765586034913,0.00025614754098360657
