world,step,phase,method,split,cohort,cases,matching_effect,company_mean_benefit,project_mean_benefit,company_unmatched_benefit,project_unmatched_benefit
0,0,isolated,direct,all,all,2,0.0,0.0,0.0,0.0,0.0
0,0,isolated,direct,all,ordinary,2,0.0,0.0,0.0,0.0,0.0
0,0,isolated,direct,all,original_exception,2,0.0,0.0,0.0,0.0,0.0
0,0,isolated,direct,heldout,all,2,0.0,0.0,0.0,0.0,0.0
0,0,isolated,direct,heldout,ordinary,2,0.0,0.0,0.0,0.0,0.0
0,0,isolated,direct,heldout,original_exception,2,0.0,0.0,0.0,0.0,0.0
0,0,isolated,direct,trained,all,2,0.0,0.0,0.0,0.0,0.0
0,0,isolated,direct,trained,ordinary,2,0.0,0.0,0.0,0.0,0.0
0,0,isolated,direct,trained,original_exception,2,0.0,0.0,0.0,0.0,0.0
0,0,unrestricted,direct,all,all,2,0.0,0.0,0.0,0.0,0.0
0,0,unrestricted,direct,all,ordinary,2,0.0,0.0,0.0,0.0,0.0
0,0,unrestricted,direct,all,original_exception,2,0.0,0.0,0.0,0.0,0.0
0,0,unrestricted,direct,heldout,all,2,0.0,0.0,0.0,0.0,0.0
0,0,unrestricted,direct,heldout,ordinary,2,0.0,0.0,0.0,0.0,0.0
0,0,unrestricted,direct,heldout,original_exception,2,0.0,0.0,0.0,0.0,0.0
0,0,unrestricted,direct,trained,all,2,0.0,0.0,0.0,0.0,0.0
0,0,unrestricted,direct,trained,ordinary,2,0.0,0.0,0.0,0.0,0.0
0,0,unrestricted,direct,trained,original_exception,2,0.0,0.0,0.0,0.0,0.0
0,1280,isolated,direct,all,all,2,-0.0010986328125,-0.00732421875,-0.0076904296875,-0.010009765625,-0.00390625
0,1280,isolated,direct,all,ordinary,2,-0.0007812499999999833,-0.006510416666666713,-0.0078125,-0.009375000000000022,-0.004166666666666707
0,1280,isolated,direct,all,original_exception,2,-0.005859375,-0.01953125,-0.005859375,-0.01953125,0.0
0,1280,isolated,direct,heldout,all,2,-0.002197265625,-0.00341796875,-0.007568359375,-0.00390625,-0.0048828125
0,1280,isolated,direct,heldout,ordinary,2,-0.002083333333333312,-0.0031250000000000167,-0.007812500000000007,-0.00416666666666668,-0.004687500000000025
0,1280,isolated,direct,heldout,original_exception,2,-0.00390625,-0.0078125,-0.00390625,0.0,-0.0078125
0,1280,isolated,direct,trained,all,2,0.0,-0.01123046875,-0.0078125,-0.01611328125,-0.0029296875
0,1280,isolated,direct,trained,ordinary,2,0.0005208333333333315,-0.009895833333333326,-0.007812499999999972,-0.014583333333333337,-0.0036458333333332926
0,1280,isolated,direct,trained,original_exception,2,-0.0078125,-0.03125,-0.0078125,-0.0390625,0.0078125
0,1280,unrestricted,direct,all,all,2,-0.0311279296875,0.100830078125,0.1275634765625,0.104248046875,0.1552734375
0,1280,unrestricted,direct,all,ordinary,2,-0.033463541666666666,0.09791666666666667,0.12669270833333332,0.09947916666666667,0.15859374999999998
0,1280,unrestricted,direct,all,original_exception,2,0.00390625,0.14453125,0.140625,0.17578125,0.10546875
0,1280,unrestricted,direct,heldout,all,2,-0.03662109375,0.015869140625,0.049560546875,-0.0009765625,0.10302734375
0,1280,unrestricted,direct,heldout,ordinary,2,-0.040364583333333336,0.017187499999999998,0.05234375,3.469446951953614e-18,0.10989583333333333
0,1280,unrestricted,direct,heldout,original_exception,2,0.01953125,-0.00390625,0.0078125,-0.015625,0.0
0,1280,unrestricted,direct,trained,all,2,-0.025634765625,0.185791015625,0.20556640625,0.20947265625,0.20751953125
0,1280,unrestricted,direct,trained,ordinary,2,-0.026562500000000017,0.17864583333333334,0.20104166666666665,0.19895833333333332,0.20729166666666668
0,1280,unrestricted,direct,trained,original_exception,2,-0.01171875,0.29296875,0.2734375,0.3671875,0.2109375
0,2560,isolated,direct,all,all,2,0.0013427734375,-0.00244140625,-0.0006103515625,-0.003173828125,-0.001220703125
0,2560,isolated,direct,all,ordinary,2,-0.0007812500000000111,-0.0013020833333333703,0.001041666666666663,-0.0007812500000000111,0.0013020833333333148
0,2560,isolated,direct,all,original_exception,2,0.033203125,-0.01953125,-0.025390625,-0.0390625,-0.0390625
0,2560,isolated,direct,heldout,all,2,0.0029296875,-0.007080078125,-0.002197265625,-0.00927734375,-0.0029296875
0,2560,isolated,direct,heldout,ordinary,2,0.0002604166666666796,-0.004427083333333304,0.0010416666666666907,-0.005208333333333315,0.0015625000000000222
0,2560,isolated,direct,heldout,original_exception,2,0.04296875,-0.046875,-0.05078125,-0.0703125,-0.0703125
0,2560,isolated,direct,trained,all,2,-0.000244140625,0.002197265625,0.0009765625,0.0029296875,0.00048828125
0,2560,isolated,direct,trained,ordinary,2,-0.0018229166666666463,0.001822916666666674,0.0010416666666666907,0.003645833333333348,0.001041666666666663
0,2560,isolated,direct,trained,original_exception,2,0.0234375,0.0078125,0.0,-0.0078125,-0.0078125
0,2560,unrestricted,direct,all,all,2,-0.05908203125,0.1055908203125,0.2266845703125,0.25,0.141357421875
0,2560,unrestricted,direct,all,ordinary,2,-0.06627604166666665,0.11093750000000002,0.23554687500000002,0.2651041666666667,0.14765625
0,2560,unrestricted,direct,all,original_exception,2,0.048828125,0.025390625,0.09375,0.0234375,0.046875
0,2560,unrestricted,direct,heldout,all,2,-0.1201171875,0.1689453125,0.4140625,0.44677734375,0.25634765625
0,2560,unrestricted,direct,heldout,ordinary,2,-0.13281250000000003,0.18203125000000003,0.4315104166666667,0.478125,0.2682291666666667
0,2560,unrestricted,direct,heldout,original_exception,2,0.0703125,-0.02734375,0.15234375,-0.0234375,0.078125
0,2560,unrestricted,direct,trained,all,2,0.001953125,0.042236328125,0.039306640625,0.05322265625,0.0263671875
0,2560,unrestricted,direct,trained,ordinary,2,0.00026041666666665186,0.03984374999999998,0.039583333333333304,0.052083333333333315,0.027083333333333293
0,2560,unrestricted,direct,trained,original_exception,2,0.02734375,0.078125,0.03515625,0.0703125,0.015625
0,5120,isolated,direct,all,all,2,0.0010986328125,-0.000244140625,0.0003662109375,0.00390625,-0.0048828125
0,5120,isolated,direct,all,ordinary,2,0.000911458333333337,-0.0007812499999999833,-0.00039062500000000555,0.003645833333333348,-0.005729166666666674
0,5120,isolated,direct,all,original_exception,2,0.00390625,0.0078125,0.01171875,0.0078125,0.0078125
0,5120,isolated,direct,heldout,all,2,0.0009765625,-0.001220703125,-0.000244140625,0.00537109375,-0.0078125
0,5120,isolated,direct,heldout,ordinary,2,0.0010416666666666352,-0.003124999999999961,-0.002083333333333326,0.0036458333333334036,-0.009895833333333326
0,5120,isolated,direct,heldout,original_exception,2,0.0,0.02734375,0.02734375,0.03125,0.0234375
0,5120,isolated,direct,trained,all,2,0.001220703125,0.000732421875,0.0009765625,0.00244140625,-0.001953125
0,5120,isolated,direct,trained,ordinary,2,0.0007812500000000111,0.0015624999999999667,0.0013020833333333148,0.0036458333333332926,-0.0015625000000000222
0,5120,isolated,direct,trained,original_exception,2,0.0078125,-0.01171875,-0.00390625,-0.015625,-0.0078125
0,5120,unrestricted,direct,all,all,2,0.0050048828125,0.0128173828125,0.01708984375,0.00390625,0.02099609375
0,5120,unrestricted,direct,all,ordinary,2,0.0001302083333333537,0.011848958333333354,0.01614583333333336,0.007552083333333348,0.02031250000000001
0,5120,unrestricted,direct,all,original_exception,2,0.078125,0.02734375,0.03125,-0.05078125,0.03125
0,5120,unrestricted,direct,heldout,all,2,0.009521484375,0.024169921875,0.0322265625,0.0078125,0.0390625
0,5120,unrestricted,direct,heldout,ordinary,2,2.7755575615628914e-17,0.02317708333333332,0.03151041666666665,0.01510416666666664,0.039583333333333304
0,5120,unrestricted,direct,heldout,original_exception,2,0.15234375,0.0390625,0.04296875,-0.1015625,0.03125
0,5120,unrestricted,direct,trained,all,2,0.00048828125,0.00146484375,0.001953125,0.0,0.0029296875
0,5120,unrestricted,direct,trained,ordinary,2,0.0002604166666666796,0.0005208333333333315,0.0007812500000000111,-5.551115123125783e-17,0.0010416666666667185
0,5120,unrestricted,direct,trained,original_exception,2,0.00390625,0.015625,0.01953125,0.0,0.03125
0,10240,isolated,direct,all,all,2,0.0,0.0057373046875,0.0054931640625,0.01025390625,0.0009765625
0,10240,isolated,direct,all,ordinary,2,0.001041666666666663,0.003645833333333376,0.004687500000000039,0.008854166666666718,-0.0015624999999999667
0,10240,isolated,direct,all,original_exception,2,-0.015625,0.037109375,0.017578125,0.03125,0.0390625
0,10240,isolated,direct,heldout,all,2,0.0,0.0087890625,0.0078125,0.01513671875,0.00146484375
0,10240,isolated,direct,heldout,ordinary,2,0.0018229166666666186,0.004687499999999983,0.00651041666666663,0.012500000000000011,-0.0031250000000000444
0,10240,isolated,direct,heldout,original_exception,2,-0.02734375,0.0703125,0.02734375,0.0546875,0.0703125
0,10240,isolated,direct,trained,all,2,0.0,0.002685546875,0.003173828125,0.00537109375,0.00048828125
0,10240,isolated,direct,trained,ordinary,2,0.00026041666666665186,0.0026041666666666574,0.0028645833333333093,0.005208333333333315,0.0
0,10240,isolated,direct,trained,original_exception,2,-0.00390625,0.00390625,0.0078125,0.0078125,0.0078125
0,10240,unrestricted,direct,all,all,2,0.00634765625,0.0025634765625,0.0076904296875,-0.009521484375,0.013427734375
0,10240,unrestricted,direct,all,ordinary,2,0.0001302083333333537,0.0006510416666666574,0.005208333333333315,-0.007291666666666696,0.013020833333333315
0,10240,unrestricted,direct,all,original_exception,2,0.099609375,0.03125,0.044921875,-0.04296875,0.01953125
0,10240,unrestricted,direct,heldout,all,2,0.0126953125,0.0068359375,0.0166015625,-0.017578125,0.0283203125
0,10240,unrestricted,direct,heldout,ordinary,2,0.0005208333333333037,0.0023437500000000333,0.011197916666666696,-0.013541666666666619,0.026562500000000044
0,10240,unrestricted,direct,heldout,original_exception,2,0.1953125,0.07421875,0.09765625,-0.078125,0.0546875
0,10240,unrestricted,direct,trained,all,2,0.0,-0.001708984375,-0.001220703125,-0.00146484375,-0.00146484375
0,10240,unrestricted,direct,trained,ordinary,2,-0.0002604166666667074,-0.001041666666666663,-0.0007812499999999833,-0.001041666666666663,-0.0005208333333333037
0,10240,unrestricted,direct,trained,original_exception,2,0.00390625,-0.01171875,-0.0078125,-0.0078125,-0.015625
0,15360,isolated,direct,all,all,2,0.001220703125,0.0020751953125,0.0010986328125,0.00146484375,0.00048828125
0,15360,isolated,direct,all,ordinary,2,0.002994791666666663,0.002343749999999978,0.003255208333333315,0.00026041666666665186,0.002343749999999978
0,15360,isolated,direct,all,original_exception,2,-0.025390625,-0.001953125,-0.03125,0.01953125,-0.02734375
0,15360,isolated,direct,heldout,all,2,0.001953125,0.0029296875,0.00146484375,0.00244140625,0.0
0,15360,isolated,direct,heldout,ordinary,2,0.0054687499999999944,0.0031250000000000167,0.0054687499999999944,-0.0005208333333333037,0.0036458333333332926
0,15360,isolated,direct,heldout,original_exception,2,-0.05078125,0.0,-0.05859375,0.046875,-0.0546875
0,15360,isolated,direct,trained,all,2,0.00048828125,0.001220703125,0.000732421875,0.00048828125,0.0009765625
0,15360,isolated,direct,trained,ordinary,2,0.0005208333333333037,0.0015625000000000222,0.0010416666666666907,0.0010416666666667185,0.001041666666666663
0,15360,isolated,direct,trained,original_exception,2,0.0,-0.00390625,-0.00390625,-0.0078125,0.0
0,15360,isolated,two_step,all,all,2,-0.0008544921875,-0.001708984375,0.0003662109375,0.000244140625,-0.000732421875
0,15360,isolated,two_step,all,ordinary,2,-0.0005208333333333592,-0.001432291666666613,0.0003906250000000333,0.0005208333333334147,-0.001041666666666663
0,15360,isolated,two_step,all,original_exception,2,-0.005859375,-0.005859375,0.0,-0.00390625,0.00390625
0,15360,isolated,two_step,heldout,all,2,-0.000244140625,-0.00146484375,0.000732421875,0.0009765625,-0.00146484375
0,15360,isolated,two_step,heldout,ordinary,2,2.7755575615628914e-17,-0.001822916666666674,0.0002604166666666796,0.0005208333333333037,-0.002083333333333326
0,15360,isolated,two_step,heldout,original_exception,2,-0.00390625,0.00390625,0.0078125,0.0078125,0.0078125
0,15360,isolated,two_step,trained,all,2,-0.00146484375,-0.001953125,0.0,-0.00048828125,0.0
0,15360,isolated,two_step,trained,ordinary,2,-0.0010416666666666907,-0.001041666666666663,0.0005208333333333315,0.0005208333333333592,0.0
0,15360,isolated,two_step,trained,original_exception,2,-0.0078125,-0.015625,-0.0078125,-0.015625,0.0
0,15360,unrestricted,direct,all,all,2,0.0089111328125,0.002685546875,0.0067138671875,-0.005615234375,0.006103515625
0,15360,unrestricted,direct,all,ordinary,2,0.0010416666666666907,-0.0002604166666666241,0.005468750000000022,-0.004687499999999956,0.008854166666666663
0,15360,unrestricted,direct,all,original_exception,2,0.126953125,0.046875,0.025390625,-0.01953125,-0.03515625
0,15360,unrestricted,direct,heldout,all,2,0.01708984375,0.006591796875,0.013427734375,-0.00927734375,0.01220703125
0,15360,unrestricted,direct,heldout,ordinary,2,0.0013020833333333148,0.0007812500000000111,0.010937499999999989,-0.007291666666666641,0.017708333333333326
0,15360,unrestricted,direct,heldout,original_exception,2,0.25390625,0.09375,0.05078125,-0.0390625,-0.0703125
0,15360,unrestricted,direct,trained,all,2,0.000732421875,-0.001220703125,0.0,-0.001953125,0.0
0,15360,unrestricted,direct,trained,ordinary,2,0.0007812499999999833,-0.0013020833333333426,0.0,-0.002083333333333326,0.0
0,15360,unrestricted,direct,trained,original_exception,2,0.0,0.0,0.0,0.0,0.0
0,15360,unrestricted,two_step,all,all,2,-0.01025390625,-0.038818359375,0.001220703125,-0.0263671875,-0.0009765625
0,15360,unrestricted,two_step,all,ordinary,2,-0.010677083333333365,-0.038541666666666696,0.001041666666666663,-0.025781250000000033,-0.001041666666666663
0,15360,unrestricted,two_step,all,original_exception,2,-0.00390625,-0.04296875,0.00390625,-0.03515625,0.0
0,15360,unrestricted,two_step,heldout,all,2,-0.01513671875,-0.042724609375,0.001708984375,-0.02490234375,-0.0009765625
0,15360,unrestricted,two_step,heldout,ordinary,2,-0.01614583333333336,-0.04244791666666667,0.0013020833333333148,-0.02395833333333336,-0.001041666666666663
0,15360,unrestricted,two_step,heldout,original_exception,2,0.0,-0.046875,0.0078125,-0.0390625,0.0
0,15360,unrestricted,two_step,trained,all,2,-0.00537109375,-0.034912109375,0.000732421875,-0.02783203125,-0.0009765625
0,15360,unrestricted,two_step,trained,ordinary,2,-0.005208333333333343,-0.03463541666666667,0.0007812500000000111,-0.027604166666666652,-0.001041666666666663
0,15360,unrestricted,two_step,trained,original_exception,2,-0.0078125,-0.0390625,0.0,-0.03125,0.0
1,0,isolated,direct,all,all,2,0.0,0.0,0.0,0.0,0.0
1,0,isolated,direct,all,ordinary,2,0.0,0.0,0.0,0.0,0.0
1,0,isolated,direct,all,original_exception,2,0.0,0.0,0.0,0.0,0.0
1,0,isolated,direct,heldout,all,2,0.0,0.0,0.0,0.0,0.0
1,0,isolated,direct,heldout,ordinary,2,0.0,0.0,0.0,0.0,0.0
1,0,isolated,direct,heldout,original_exception,2,0.0,0.0,0.0,0.0,0.0
1,0,isolated,direct,trained,all,2,0.0,0.0,0.0,0.0,0.0
1,0,isolated,direct,trained,ordinary,2,0.0,0.0,0.0,0.0,0.0
1,0,isolated,direct,trained,original_exception,2,0.0,0.0,0.0,0.0,0.0
1,0,unrestricted,direct,all,all,2,0.0,0.0,0.0,0.0,0.0
1,0,unrestricted,direct,all,ordinary,2,0.0,0.0,0.0,0.0,0.0
1,0,unrestricted,direct,all,original_exception,2,0.0,0.0,0.0,0.0,0.0
1,0,unrestricted,direct,heldout,all,2,0.0,0.0,0.0,0.0,0.0
1,0,unrestricted,direct,heldout,ordinary,2,0.0,0.0,0.0,0.0,0.0
1,0,unrestricted,direct,heldout,original_exception,2,0.0,0.0,0.0,0.0,0.0
1,0,unrestricted,direct,trained,all,2,0.0,0.0,0.0,0.0,0.0
1,0,unrestricted,direct,trained,ordinary,2,0.0,0.0,0.0,0.0,0.0
1,0,unrestricted,direct,trained,original_exception,2,0.0,0.0,0.0,0.0,0.0
1,1280,isolated,direct,all,all,2,0.0001220703125,0.0006103515625,-0.007080078125,-0.000244140625,-0.00634765625
1,1280,isolated,direct,all,ordinary,2,-0.0002604166666666796,0.0003906249999999778,-0.0074218749999999944,0.0,-0.006770833333333337
1,1280,isolated,direct,all,original_exception,2,0.005859375,0.00390625,-0.001953125,-0.00390625,0.0
1,1280,isolated,direct,heldout,all,2,0.0,-0.001708984375,-0.008544921875,-0.00048828125,-0.009765625
1,1280,isolated,direct,heldout,ordinary,2,0.0,-0.0018229166666666602,-0.009114583333333336,-0.0005208333333333315,-0.010416666666666671
1,1280,isolated,direct,heldout,original_exception,2,0.0,0.0,0.0,0.0,0.0
1,1280,isolated,direct,trained,all,2,0.000244140625,0.0029296875,-0.005615234375,0.0,-0.0029296875
1,1280,isolated,direct,trained,ordinary,2,-0.0005208333333333315,0.0026041666666666574,-0.005729166666666674,0.0005208333333333592,-0.0031250000000000444
1,1280,isolated,direct,trained,original_exception,2,0.01171875,0.0078125,-0.00390625,-0.0078125,0.0
1,1280,unrestricted,direct,all,all,2,-0.033447265625,0.0152587890625,0.0391845703125,0.04052734375,0.04736328125
1,1280,unrestricted,direct,all,ordinary,2,-0.03606770833333332,0.010807291666666663,0.03671875000000001,0.03802083333333334,0.04557291666666666
1,1280,unrestricted,direct,all,original_exception,2,0.005859375,0.08203125,0.076171875,0.078125,0.07421875
1,1280,unrestricted,direct,heldout,all,2,-0.039306640625,-0.009521484375,0.01904296875,0.0,0.048828125
1,1280,unrestricted,direct,heldout,ordinary,2,-0.041666666666666664,-0.010937499999999996,0.019270833333333334,-0.001041666666666663,0.051041666666666666
1,1280,unrestricted,direct,heldout,original_exception,2,-0.00390625,0.01171875,0.015625,0.015625,0.015625
1,1280,unrestricted,direct,trained,all,2,-0.027587890625,0.0400390625,0.059326171875,0.0810546875,0.0458984375
1,1280,unrestricted,direct,trained,ordinary,2,-0.030468750000000044,0.03255208333333334,0.05416666666666667,0.07708333333333334,0.04010416666666672
1,1280,unrestricted,direct,trained,original_exception,2,0.015625,0.15234375,0.13671875,0.140625,0.1328125
1,2560,isolated,direct,all,all,2,0.000732421875,0.0020751953125,0.0020751953125,0.0048828125,-0.00146484375
1,2560,isolated,direct,all,ordinary,2,0.0010416666666666907,0.0010416666666666352,0.0015624999999999667,0.002343749999999978,-0.0007812500000000666
1,2560,isolated,direct,all,original_exception,2,-0.00390625,0.017578125,0.009765625,0.04296875,-0.01171875
1,2560,isolated,direct,heldout,all,2,0.00341796875,0.00390625,0.0048828125,0.0068359375,-0.00146484375
1,2560,isolated,direct,heldout,ordinary,2,0.00234374999999995,0.002343749999999978,0.002083333333333298,0.004687500000000011,-0.002604166666666685
1,2560,isolated,direct,heldout,original_exception,2,0.01953125,0.02734375,0.046875,0.0390625,0.015625
1,2560,isolated,direct,trained,all,2,-0.001953125,0.000244140625,-0.000732421875,0.0029296875,-0.00146484375
1,2560,isolated,direct,trained,ordinary,2,-0.0002604166666666796,-0.00026041666666665186,0.0010416666666666907,0.0,0.0010416666666667185
1,2560,isolated,direct,trained,original_exception,2,-0.02734375,0.0078125,-0.02734375,0.046875,-0.0390625
1,2560,unrestricted,direct,all,all,2,-0.005126953125,0.1295166015625,0.2227783203125,0.234375,0.123046875
1,2560,unrestricted,direct,all,ordinary,2,-0.009114583333333315,0.13619791666666664,0.22812499999999997,0.24765624999999997,0.12578124999999996
1,2560,unrestricted,direct,all,original_exception,2,0.0546875,0.029296875,0.142578125,0.03515625,0.08203125
1,2560,unrestricted,direct,heldout,all,2,-0.014892578125,0.23681640625,0.425048828125,0.44140625,0.2353515625
1,2560,unrestricted,direct,heldout,ordinary,2,-0.02005208333333333,0.25078125,0.43385416666666665,0.4666666666666667,0.23802083333333335
1,2560,unrestricted,direct,heldout,original_exception,2,0.0625,0.02734375,0.29296875,0.0625,0.1953125
1,2560,unrestricted,direct,trained,all,2,0.004638671875,0.022216796875,0.0205078125,0.02734375,0.0107421875
1,2560,unrestricted,direct,trained,ordinary,2,0.0018229166666666463,0.021614583333333326,0.022395833333333337,0.028645833333333315,0.013541666666666674
1,2560,unrestricted,direct,trained,original_exception,2,0.046875,0.03125,-0.0078125,0.0078125,-0.03125
1,5120,isolated,direct,all,all,2,0.00146484375,-0.00537109375,-0.003662109375,-0.0048828125,-0.005615234375
1,5120,isolated,direct,all,ordinary,2,0.0023437500000000056,-0.0044270833333333315,-0.002083333333333298,-0.005989583333333326,-0.0028645833333332815
1,5120,isolated,direct,all,original_exception,2,-0.01171875,-0.01953125,-0.02734375,0.01171875,-0.046875
1,5120,isolated,direct,heldout,all,2,0.00048828125,-0.008544921875,-0.007080078125,-0.00634765625,-0.009765625
1,5120,isolated,direct,heldout,ordinary,2,0.0039062500000000555,-0.007031249999999961,-0.004166666666666652,-0.00989583333333327,-0.00520833333333337
1,5120,isolated,direct,heldout,original_exception,2,-0.05078125,-0.03125,-0.05078125,0.046875,-0.078125
1,5120,isolated,direct,trained,all,2,0.00244140625,-0.002197265625,-0.000244140625,-0.00341796875,-0.00146484375
1,5120,isolated,direct,trained,ordinary,2,0.0007812500000000111,-0.0018229166666666463,2.7755575615628914e-17,-0.002083333333333326,-0.0005208333333333037
1,5120,isolated,direct,trained,original_exception,2,0.02734375,-0.0078125,-0.00390625,-0.0234375,-0.015625
1,5120,unrestricted,direct,all,all,2,-0.0023193359375,0.0166015625,0.0140380859375,0.0205078125,0.012451171875
1,5120,unrestricted,direct,all,ordinary,2,-0.004817708333333337,0.007942708333333326,0.007291666666666696,0.01223958333333336,0.0078125
1,5120,unrestricted,direct,all,original_exception,2,0.03515625,0.146484375,0.115234375,0.14453125,0.08203125
1,5120,unrestricted,direct,heldout,all,2,-0.0048828125,0.033935546875,0.029541015625,0.0419921875,0.0263671875
1,5120,unrestricted,direct,heldout,ordinary,2,-0.009114583333333315,0.016145833333333304,0.015364583333333348,0.02499999999999991,0.015625000000000056
1,5120,unrestricted,direct,heldout,original_exception,2,0.05859375,0.30078125,0.2421875,0.296875,0.1875
1,5120,unrestricted,direct,trained,all,2,0.000244140625,-0.000732421875,-0.00146484375,-0.0009765625,-0.00146484375
1,5120,unrestricted,direct,trained,ordinary,2,-0.0005208333333333315,-0.0002604166666666796,-0.0007812500000000111,-0.0005208333333333592,0.0
1,5120,unrestricted,direct,trained,original_exception,2,0.01171875,-0.0078125,-0.01171875,-0.0078125,-0.0234375
1,10240,isolated,direct,all,all,2,0.0030517578125,-0.0015869140625,-0.00244140625,-0.000732421875,-0.00634765625
1,10240,isolated,direct,all,ordinary,2,0.0003906249999999778,-0.0022135416666666796,-0.0007812499999999833,-0.0005208333333333592,-0.0028645833333332815
1,10240,isolated,direct,all,original_exception,2,0.04296875,0.0078125,-0.02734375,-0.00390625,-0.05859375
1,10240,isolated,direct,heldout,all,2,0.0048828125,-0.003173828125,-0.003662109375,-0.00146484375,-0.01025390625
1,10240,isolated,direct,heldout,ordinary,2,-0.0002604166666667074,-0.004166666666666652,-0.0002604166666666796,-0.0005208333333333037,-0.003645833333333348
1,10240,isolated,direct,heldout,original_exception,2,0.08203125,0.01171875,-0.0546875,-0.015625,-0.109375
1,10240,isolated,direct,trained,all,2,0.001220703125,0.0,-0.001220703125,0.0,-0.00244140625
1,10240,isolated,direct,trained,ordinary,2,0.0010416666666666352,-0.0002604166666666796,-0.0013020833333333703,-0.0005208333333333592,-0.0020833333333333814
1,10240,isolated,direct,trained,original_exception,2,0.00390625,0.00390625,0.0,0.0078125,-0.0078125
1,10240,unrestricted,direct,all,all,2,0.0008544921875,0.0059814453125,0.02001953125,0.015380859375,0.009765625
1,10240,unrestricted,direct,all,ordinary,2,-0.005729166666666702,-0.002083333333333326,0.013802083333333354,0.007812500000000056,0.009635416666666674
1,10240,unrestricted,direct,all,original_exception,2,0.099609375,0.126953125,0.11328125,0.12890625,0.01171875
1,10240,unrestricted,direct,heldout,all,2,0.001708984375,0.0126953125,0.039794921875,0.02978515625,0.02099609375
1,10240,unrestricted,direct,heldout,ordinary,2,-0.011197916666666696,-0.003124999999999989,0.02734375,0.015104166666666696,0.02031250000000001
1,10240,unrestricted,direct,heldout,original_exception,2,0.1953125,0.25,0.2265625,0.25,0.03125
1,10240,unrestricted,direct,trained,all,2,0.0,-0.000732421875,0.000244140625,0.0009765625,-0.00146484375
1,10240,unrestricted,direct,trained,ordinary,2,-0.0002604166666666241,-0.0010416666666666907,0.00026041666666665186,0.0005208333333333037,-0.0010416666666667185
1,10240,unrestricted,direct,trained,original_exception,2,0.00390625,0.00390625,0.0,0.0078125,-0.0078125
1,15360,isolated,direct,all,all,2,0.0020751953125,0.001953125,0.0010986328125,0.001708984375,-0.000732421875
1,15360,isolated,direct,all,ordinary,2,0.0009114583333333093,0.002083333333333326,-0.00039062500000000555,0.0013020833333333148,-0.0005208333333333592
1,15360,isolated,direct,all,original_exception,2,0.01953125,0.0,0.0234375,0.0078125,-0.00390625
1,15360,isolated,direct,heldout,all,2,0.004150390625,0.003173828125,0.00146484375,0.00244140625,-0.001953125
1,15360,isolated,direct,heldout,ordinary,2,0.001822916666666674,0.0036458333333332926,-0.0013020833333333703,0.0020833333333332704,-0.0015625000000000222
1,15360,isolated,direct,heldout,original_exception,2,0.0390625,-0.00390625,0.04296875,0.0078125,-0.0078125
1,15360,isolated,direct,trained,all,2,0.0,0.000732421875,0.000732421875,0.0009765625,0.00048828125
1,15360,isolated,direct,trained,ordinary,2,0.0,0.0005208333333333592,0.0005208333333333592,0.0005208333333333592,0.0005208333333333592
1,15360,isolated,direct,trained,original_exception,2,0.0,0.00390625,0.00390625,0.0078125,0.0
1,15360,isolated,two_step,all,all,2,-0.000244140625,0.0010986328125,0.0008544921875,0.00048828125,0.001708984375
1,15360,isolated,two_step,all,ordinary,2,-0.0001302083333333537,0.00039062500000000555,0.0,0.0,0.0005208333333333592
1,15360,isolated,two_step,all,original_exception,2,-0.001953125,0.01171875,0.013671875,0.0078125,0.01953125
1,15360,isolated,two_step,heldout,all,2,-0.000244140625,0.00146484375,0.000732421875,0.00048828125,0.001953125
1,15360,isolated,two_step,heldout,ordinary,2,-0.00026041666666665186,0.0005208333333333315,-0.0002604166666666796,0.0,0.0005208333333333037
1,15360,isolated,two_step,heldout,original_exception,2,0.0,0.015625,0.015625,0.0078125,0.0234375
1,15360,isolated,two_step,trained,all,2,-0.000244140625,0.000732421875,0.0009765625,0.00048828125,0.00146484375
1,15360,isolated,two_step,trained,ordinary,2,0.0,0.0002604166666666796,0.0002604166666666796,0.0,0.0005208333333333592
1,15360,isolated,two_step,trained,original_exception,2,-0.00390625,0.0078125,0.01171875,0.0078125,0.015625
1,15360,unrestricted,direct,all,all,2,0.008056640625,0.0137939453125,0.0133056640625,0.013427734375,0.005615234375
1,15360,unrestricted,direct,all,ordinary,2,0.0001302083333333537,0.002994791666666663,0.004687499999999983,0.004947916666666663,0.0026041666666666297
1,15360,unrestricted,direct,all,original_exception,2,0.126953125,0.17578125,0.142578125,0.140625,0.05078125
1,15360,unrestricted,direct,heldout,all,2,0.015869140625,0.027099609375,0.02587890625,0.02685546875,0.01025390625
1,15360,unrestricted,direct,heldout,ordinary,2,0.0,0.006249999999999978,0.009375000000000022,0.01041666666666663,0.00520833333333337
1,15360,unrestricted,direct,heldout,original_exception,2,0.25390625,0.33984375,0.2734375,0.2734375,0.0859375
1,15360,unrestricted,direct,trained,all,2,0.000244140625,0.00048828125,0.000732421875,0.0,0.0009765625
1,15360,unrestricted,direct,trained,ordinary,2,0.0002604166666666796,-0.0002604166666666796,0.0,-0.0005208333333333592,0.0
1,15360,unrestricted,direct,trained,original_exception,2,0.0,0.01171875,0.01171875,0.0078125,0.015625
1,15360,unrestricted,two_step,all,all,2,-0.001953125,0.0003662109375,-0.0001220703125,0.002197265625,0.0
1,15360,unrestricted,two_step,all,ordinary,2,-0.001171874999999989,0.0007812500000000111,-0.00013020833333332593,0.0023437500000000333,-0.0005208333333333592
1,15360,unrestricted,two_step,all,original_exception,2,-0.013671875,-0.005859375,0.0,0.0,0.0078125
1,15360,unrestricted,two_step,heldout,all,2,-0.002685546875,-0.00048828125,-0.001220703125,0.001953125,-0.0009765625
1,15360,unrestricted,two_step,heldout,ordinary,2,-0.00156250000000005,0.0005208333333333037,-0.0010416666666666907,0.002083333333333326,-0.001041666666666663
1,15360,unrestricted,two_step,heldout,original_exception,2,-0.01953125,-0.015625,-0.00390625,0.0,0.0
1,15360,unrestricted,two_step,trained,all,2,-0.001220703125,0.001220703125,0.0009765625,0.00244140625,0.0009765625
1,15360,unrestricted,two_step,trained,ordinary,2,-0.0007812500000000111,0.0010416666666666907,0.0007812499999999833,0.002604166666666685,0.0
1,15360,unrestricted,two_step,trained,original_exception,2,-0.0078125,0.00390625,0.00390625,0.0,0.015625
all,0,isolated,direct,all,all,4,0.0,0.0,0.0,0.0,0.0
all,0,isolated,direct,all,ordinary,4,0.0,0.0,0.0,0.0,0.0
all,0,isolated,direct,all,original_exception,4,0.0,0.0,0.0,0.0,0.0
all,0,isolated,direct,heldout,all,4,0.0,0.0,0.0,0.0,0.0
all,0,isolated,direct,heldout,ordinary,4,0.0,0.0,0.0,0.0,0.0
all,0,isolated,direct,heldout,original_exception,4,0.0,0.0,0.0,0.0,0.0
all,0,isolated,direct,trained,all,4,0.0,0.0,0.0,0.0,0.0
all,0,isolated,direct,trained,ordinary,4,0.0,0.0,0.0,0.0,0.0
all,0,isolated,direct,trained,original_exception,4,0.0,0.0,0.0,0.0,0.0
all,0,unrestricted,direct,all,all,4,0.0,0.0,0.0,0.0,0.0
all,0,unrestricted,direct,all,ordinary,4,0.0,0.0,0.0,0.0,0.0
all,0,unrestricted,direct,all,original_exception,4,0.0,0.0,0.0,0.0,0.0
all,0,unrestricted,direct,heldout,all,4,0.0,0.0,0.0,0.0,0.0
all,0,unrestricted,direct,heldout,ordinary,4,0.0,0.0,0.0,0.0,0.0
all,0,unrestricted,direct,heldout,original_exception,4,0.0,0.0,0.0,0.0,0.0
all,0,unrestricted,direct,trained,all,4,0.0,0.0,0.0,0.0,0.0
all,0,unrestricted,direct,trained,ordinary,4,0.0,0.0,0.0,0.0,0.0
all,0,unrestricted,direct,trained,original_exception,4,0.0,0.0,0.0,0.0,0.0
all,1280,isolated,direct,all,all,4,-0.00048828125,-0.00335693359375,-0.00738525390625,-0.005126953125,-0.005126953125
all,1280,isolated,direct,all,ordinary,4,-0.0005208333333333315,-0.0030598958333333676,-0.007617187499999997,-0.004687500000000011,-0.005468750000000022
all,1280,isolated,direct,all,original_exception,4,0.0,-0.0078125,-0.00390625,-0.01171875,0.0
all,1280,isolated,direct,heldout,all,4,-0.0010986328125,-0.0025634765625,-0.008056640625,-0.002197265625,-0.00732421875
all,1280,isolated,direct,heldout,ordinary,4,-0.001041666666666656,-0.0024739583333333384,-0.008463541666666671,-0.0023437500000000056,-0.007552083333333348
all,1280,isolated,direct,heldout,original_exception,4,-0.001953125,-0.00390625,-0.001953125,0.0,-0.00390625
all,1280,isolated,direct,trained,all,4,0.0001220703125,-0.004150390625,-0.0067138671875,-0.008056640625,-0.0029296875
all,1280,isolated,direct,trained,ordinary,4,0.0,-0.0036458333333333343,-0.006770833333333323,-0.007031249999999989,-0.0033854166666666685
all,1280,isolated,direct,trained,original_exception,4,0.001953125,-0.01171875,-0.005859375,-0.0234375,0.00390625
all,1280,unrestricted,direct,all,all,4,-0.03228759765625,0.05804443359375,0.0833740234375,0.0723876953125,0.101318359375
all,1280,unrestricted,direct,all,ordinary,4,-0.034765624999999994,0.054361979166666664,0.08170572916666666,0.06875,0.10208333333333332
all,1280,unrestricted,direct,all,original_exception,4,0.0048828125,0.11328125,0.1083984375,0.126953125,0.08984375
all,1280,unrestricted,direct,heldout,all,4,-0.0379638671875,0.003173828125,0.0343017578125,-0.00048828125,0.075927734375
all,1280,unrestricted,direct,heldout,ordinary,4,-0.041015625,0.003125000000000001,0.03580729166666667,-0.0005208333333333297,0.08046875
all,1280,unrestricted,direct,heldout,original_exception,4,0.0078125,0.00390625,0.01171875,0.0,0.0078125
all,1280,unrestricted,direct,trained,all,4,-0.026611328125,0.1129150390625,0.1324462890625,0.145263671875,0.126708984375
all,1280,unrestricted,direct,trained,ordinary,4,-0.02851562500000003,0.10559895833333334,0.12760416666666666,0.13802083333333331,0.1236979166666667
all,1280,unrestricted,direct,trained,original_exception,4,0.001953125,0.22265625,0.205078125,0.25390625,0.171875
all,2560,isolated,direct,all,all,4,0.00103759765625,-0.00018310546875,0.000732421875,0.0008544921875,-0.0013427734375
all,2560,isolated,direct,all,ordinary,4,0.0001302083333333398,-0.00013020833333336757,0.0013020833333333148,0.0007812499999999833,0.0002604166666666241
all,2560,isolated,direct,all,original_exception,4,0.0146484375,-0.0009765625,-0.0078125,0.001953125,-0.025390625
all,2560,isolated,direct,heldout,all,4,0.003173828125,-0.0015869140625,0.0013427734375,-0.001220703125,-0.002197265625
all,2560,isolated,direct,heldout,ordinary,4,0.0013020833333333148,-0.001041666666666663,0.0015624999999999944,-0.00026041666666665186,-0.0005208333333333315
all,2560,isolated,direct,heldout,original_exception,4,0.03125,-0.009765625,-0.001953125,-0.015625,-0.02734375
all,2560,isolated,direct,trained,all,4,-0.0010986328125,0.001220703125,0.0001220703125,0.0029296875,-0.00048828125
all,2560,isolated,direct,trained,ordinary,4,-0.001041666666666663,0.0007812500000000111,0.0010416666666666907,0.001822916666666674,0.0010416666666666907
all,2560,isolated,direct,trained,original_exception,4,-0.001953125,0.0078125,-0.013671875,0.01953125,-0.0234375
all,2560,unrestricted,direct,all,all,4,-0.0321044921875,0.1175537109375,0.2247314453125,0.2421875,0.1322021484375
all,2560,unrestricted,direct,all,ordinary,4,-0.03769531249999998,0.12356770833333333,0.23183593749999998,0.2563802083333333,0.13671874999999997
all,2560,unrestricted,direct,all,original_exception,4,0.0517578125,0.02734375,0.1181640625,0.029296875,0.064453125
all,2560,unrestricted,direct,heldout,all,4,-0.0675048828125,0.202880859375,0.4195556640625,0.444091796875,0.245849609375
all,2560,unrestricted,direct,heldout,ordinary,4,-0.07643229166666668,0.21640625000000002,0.43268229166666666,0.47239583333333335,0.25312500000000004
all,2560,unrestricted,direct,heldout,original_exception,4,0.06640625,0.0,0.22265625,0.01953125,0.13671875
all,2560,unrestricted,direct,trained,all,4,0.0032958984375,0.0322265625,0.0299072265625,0.040283203125,0.0185546875
all,2560,unrestricted,direct,trained,ordinary,4,0.001041666666666649,0.030729166666666655,0.03098958333333332,0.040364583333333315,0.020312499999999983
all,2560,unrestricted,direct,trained,original_exception,4,0.037109375,0.0546875,0.013671875,0.0390625,-0.0078125
all,5120,isolated,direct,all,all,4,0.00128173828125,-0.0028076171875,-0.00164794921875,-0.00048828125,-0.0052490234375
all,5120,isolated,direct,all,ordinary,4,0.0016276041666666713,-0.0026041666666666574,-0.0012369791666666519,-0.001171874999999989,-0.004296874999999978
all,5120,isolated,direct,all,original_exception,4,-0.00390625,-0.005859375,-0.0078125,0.009765625,-0.01953125
all,5120,isolated,direct,heldout,all,4,0.000732421875,-0.0048828125,-0.003662109375,-0.00048828125,-0.0087890625
all,5120,isolated,direct,heldout,ordinary,4,0.0024739583333333454,-0.005078124999999961,-0.003124999999999989,-0.0031249999999999334,-0.007552083333333348
all,5120,isolated,direct,heldout,original_exception,4,-0.025390625,-0.001953125,-0.01171875,0.0390625,-0.02734375
all,5120,isolated,direct,trained,all,4,0.0018310546875,-0.000732421875,0.0003662109375,-0.00048828125,-0.001708984375
all,5120,isolated,direct,trained,ordinary,4,0.0007812500000000111,-0.0001302083333333398,0.0006510416666666713,0.0007812499999999833,-0.001041666666666663
all,5120,isolated,direct,trained,original_exception,4,0.017578125,-0.009765625,-0.00390625,-0.01953125,-0.01171875
all,5120,unrestricted,direct,all,all,4,0.0013427734375,0.01470947265625,0.01556396484375,0.01220703125,0.0167236328125
all,5120,unrestricted,direct,all,ordinary,4,-0.0023437499999999917,0.00989583333333334,0.011718750000000028,0.009895833333333354,0.014062500000000006
all,5120,unrestricted,direct,all,original_exception,4,0.056640625,0.0869140625,0.0732421875,0.046875,0.056640625
all,5120,unrestricted,direct,heldout,all,4,0.0023193359375,0.029052734375,0.0308837890625,0.02490234375,0.03271484375
all,5120,unrestricted,direct,heldout,ordinary,4,-0.0045572916666666435,0.019661458333333312,0.0234375,0.020052083333333276,0.02760416666666668
all,5120,unrestricted,direct,heldout,original_exception,4,0.10546875,0.169921875,0.142578125,0.09765625,0.109375
all,5120,unrestricted,direct,trained,all,4,0.0003662109375,0.0003662109375,0.000244140625,-0.00048828125,0.000732421875
all,5120,unrestricted,direct,trained,ordinary,4,-0.00013020833333332593,0.00013020833333332593,0.0,-0.0002604166666667074,0.0005208333333333592
all,5120,unrestricted,direct,trained,original_exception,4,0.0078125,0.00390625,0.00390625,-0.00390625,0.00390625
all,10240,isolated,direct,all,all,4,0.00152587890625,0.0020751953125,0.00152587890625,0.0047607421875,-0.002685546875
all,10240,isolated,direct,all,ordinary,4,0.0007161458333333204,0.0007161458333333481,0.0019531250000000278,0.00416666666666668,-0.002213541666666624
all,10240,isolated,direct,all,original_exception,4,0.013671875,0.0224609375,-0.0048828125,0.013671875,-0.009765625
all,10240,isolated,direct,heldout,all,4,0.00244140625,0.0028076171875,0.0020751953125,0.0068359375,-0.00439453125
all,10240,isolated,direct,heldout,ordinary,4,0.0007812499999999556,0.00026041666666666574,0.003124999999999975,0.005989583333333354,-0.0033854166666666963
all,10240,isolated,direct,heldout,original_exception,4,0.02734375,0.041015625,-0.013671875,0.01953125,-0.01953125
all,10240,isolated,direct,trained,all,4,0.0006103515625,0.0013427734375,0.0009765625,0.002685546875,-0.0009765625
all,10240,isolated,direct,trained,ordinary,4,0.0006510416666666435,0.001171874999999989,0.0007812499999999695,0.002343749999999978,-0.0010416666666666907
all,10240,isolated,direct,trained,original_exception,4,0.0,0.00390625,0.00390625,0.0078125,0.0
all,10240,unrestricted,direct,all,all,4,0.00360107421875,0.0042724609375,0.01385498046875,0.0029296875,0.0115966796875
all,10240,unrestricted,direct,all,ordinary,4,-0.002799479166666674,-0.0007161458333333343,0.009505208333333334,0.0002604166666666796,0.011328124999999994
all,10240,unrestricted,direct,all,original_exception,4,0.099609375,0.0791015625,0.0791015625,0.04296875,0.015625
all,10240,unrestricted,direct,heldout,all,4,0.0072021484375,0.009765625,0.0281982421875,0.006103515625,0.024658203125
all,10240,unrestricted,direct,heldout,ordinary,4,-0.005338541666666696,-0.0003906249999999778,0.019270833333333348,0.0007812500000000389,0.023437500000000028
all,10240,unrestricted,direct,heldout,original_exception,4,0.1953125,0.162109375,0.162109375,0.0859375,0.04296875
all,10240,unrestricted,direct,trained,all,4,0.0,-0.001220703125,-0.00048828125,-0.000244140625,-0.00146484375
all,10240,unrestricted,direct,trained,ordinary,4,-0.00026041666666666574,-0.0010416666666666768,-0.00026041666666666574,-0.0002604166666666796,-0.0007812500000000111
all,10240,unrestricted,direct,trained,original_exception,4,0.00390625,-0.00390625,-0.00390625,0.0,-0.01171875
all,15360,isolated,direct,all,all,4,0.00164794921875,0.00201416015625,0.0010986328125,0.0015869140625,-0.0001220703125
all,15360,isolated,direct,all,ordinary,4,0.0019531249999999861,0.002213541666666652,0.0014322916666666546,0.0007812499999999833,0.0009114583333333093
all,15360,isolated,direct,all,original_exception,4,-0.0029296875,-0.0009765625,-0.00390625,0.013671875,-0.015625
all,15360,isolated,direct,heldout,all,4,0.0030517578125,0.0030517578125,0.00146484375,0.00244140625,-0.0009765625
all,15360,isolated,direct,heldout,ordinary,4,0.0036458333333333343,0.0033854166666666546,0.002083333333333312,0.0007812499999999833,0.0010416666666666352
all,15360,isolated,direct,heldout,original_exception,4,-0.005859375,-0.001953125,-0.0078125,0.02734375,-0.03125
all,15360,isolated,direct,trained,all,4,0.000244140625,0.0009765625,0.000732421875,0.000732421875,0.000732421875
all,15360,isolated,direct,trained,ordinary,4,0.00026041666666665186,0.0010416666666666907,0.000781250000000025,0.0007812500000000389,0.0007812500000000111
all,15360,isolated,direct,trained,original_exception,4,0.0,0.0,0.0,0.0,0.0
all,15360,isolated,two_step,all,all,4,-0.00054931640625,-0.00030517578125,0.0006103515625,0.0003662109375,0.00048828125
all,15360,isolated,two_step,all,ordinary,4,-0.00032552083333335646,-0.0005208333333333037,0.00019531250000001665,0.0002604166666667074,-0.00026041666666665186
all,15360,isolated,two_step,all,original_exception,4,-0.00390625,0.0029296875,0.0068359375,0.001953125,0.01171875
all,15360,isolated,two_step,heldout,all,4,-0.000244140625,0.0,0.000732421875,0.000732421875,0.000244140625
all,15360,isolated,two_step,heldout,ordinary,4,-0.00013020833333331205,-0.0006510416666666713,0.0,0.00026041666666665186,-0.0007812500000000111
all,15360,isolated,two_step,heldout,original_exception,4,-0.001953125,0.009765625,0.01171875,0.0078125,0.015625
all,15360,isolated,two_step,trained,all,4,-0.0008544921875,-0.0006103515625,0.00048828125,0.0,0.000732421875
all,15360,isolated,two_step,trained,ordinary,4,-0.0005208333333333454,-0.0003906249999999917,0.00039062500000000555,0.0002604166666666796,0.0002604166666666796
all,15360,isolated,two_step,trained,original_exception,4,-0.005859375,-0.00390625,0.001953125,-0.00390625,0.0078125
all,15360,unrestricted,direct,all,all,4,0.00848388671875,0.00823974609375,0.010009765625,0.00390625,0.005859375
all,15360,unrestricted,direct,all,ordinary,4,0.0005859375000000222,0.0013671875000000194,0.005078125000000003,0.0001302083333333537,0.005729166666666646
all,15360,unrestricted,direct,all,original_exception,4,0.126953125,0.111328125,0.083984375,0.060546875,0.0078125
all,15360,unrestricted,direct,heldout,all,4,0.0164794921875,0.016845703125,0.0196533203125,0.0087890625,0.01123046875
all,15360,unrestricted,direct,heldout,ordinary,4,0.0006510416666666574,0.0035156249999999944,0.010156250000000006,0.0015624999999999944,0.011458333333333348
all,15360,unrestricted,direct,heldout,original_exception,4,0.25390625,0.216796875,0.162109375,0.1171875,0.0078125
all,15360,unrestricted,direct,trained,all,4,0.00048828125,-0.0003662109375,0.0003662109375,-0.0009765625,0.00048828125
all,15360,unrestricted,direct,trained,ordinary,4,0.0005208333333333315,-0.0007812500000000111,0.0,-0.0013020833333333426,0.0
all,15360,unrestricted,direct,trained,original_exception,4,0.0,0.005859375,0.005859375,0.00390625,0.0078125
all,15360,unrestricted,two_step,all,all,4,-0.006103515625,-0.01922607421875,0.00054931640625,-0.0120849609375,-0.00048828125
all,15360,unrestricted,two_step,all,ordinary,4,-0.005924479166666677,-0.018880208333333343,0.0004557291666666685,-0.01171875,-0.0007812500000000111
all,15360,unrestricted,two_step,all,original_exception,4,-0.0087890625,-0.0244140625,0.001953125,-0.017578125,0.00390625
all,15360,unrestricted,two_step,heldout,all,4,-0.0089111328125,-0.0216064453125,0.000244140625,-0.011474609375,-0.0009765625
all,15360,unrestricted,two_step,heldout,ordinary,4,-0.008854166666666705,-0.020963541666666682,0.00013020833333331205,-0.010937500000000017,-0.001041666666666663
all,15360,unrestricted,two_step,heldout,original_exception,4,-0.009765625,-0.03125,0.001953125,-0.01953125,0.0
all,15360,unrestricted,two_step,trained,all,4,-0.0032958984375,-0.016845703125,0.0008544921875,-0.0126953125,0.0
all,15360,unrestricted,two_step,trained,ordinary,4,-0.002994791666666677,-0.01679687499999999,0.0007812499999999972,-0.012499999999999983,-0.0005208333333333315
all,15360,unrestricted,two_step,trained,original_exception,4,-0.0078125,-0.017578125,0.001953125,-0.015625,0.0078125
