world,step,method,split,cohort,cases,n,unrestricted_accuracy,isolated_accuracy,isolated_minus_unrestricted,positive_cases,negative_cases,min_change,max_change
0,0,direct,all,all,12,24576,0.0,0.0,0.0,0,0,0.0,0.0
0,0,direct,all,ordinary,12,23040,0.0,0.0,0.0,0,0,0.0,0.0
0,0,direct,all,original_exception,12,1536,0.0,0.0,0.0,0,0,0.0,0.0
0,0,direct,heldout,all,12,12288,0.0,0.0,0.0,0,0,0.0,0.0
0,0,direct,heldout,ordinary,12,11520,0.0,0.0,0.0,0,0,0.0,0.0
0,0,direct,heldout,original_exception,12,768,0.0,0.0,0.0,0,0,0.0,0.0
0,0,direct,trained,all,12,12288,0.0,0.0,0.0,0,0,0.0,0.0
0,0,direct,trained,ordinary,12,11520,0.0,0.0,0.0,0,0,0.0,0.0
0,0,direct,trained,original_exception,12,768,0.0,0.0,0.0,0,0,0.0,0.0
0,1280,direct,all,all,12,24576,0.4048665364583333,0.54150390625,0.13663736979166666,12,0,0.00341796875,0.33154296875
0,1280,direct,all,ordinary,12,23040,0.4102864583333334,0.5526475694444444,0.14236111111111113,12,0,0.004687499999999956,0.33489583333333334
0,1280,direct,all,original_exception,12,1536,0.3235677083333333,0.3743489583333333,0.05078125,6,6,-0.03125,0.28125
0,1280,direct,heldout,all,12,12288,0.10432942708333333,0.24658203125,0.14225260416666666,12,0,0.0087890625,0.232421875
0,1280,direct,heldout,ordinary,12,11520,0.11015625,0.26145833333333335,0.15130208333333334,12,0,0.008333333333333304,0.24687499999999998
0,1280,direct,heldout,original_exception,12,768,0.016927083333333332,0.0234375,0.006510416666666667,6,3,-0.03125,0.046875
0,1280,direct,trained,all,12,12288,0.7054036458333334,0.83642578125,0.13102213541666666,11,1,-0.0087890625,0.458984375
0,1280,direct,trained,ordinary,12,11520,0.7104166666666667,0.8438368055555555,0.1334201388888889,11,1,-0.00520833333333337,0.45208333333333334
0,1280,direct,trained,original_exception,12,768,0.6302083333333334,0.7252604166666666,0.09505208333333333,6,6,-0.078125,0.5625
0,2560,direct,all,all,12,24576,0.8328043619791666,0.9576009114583334,0.12479654947916667,10,1,-0.00439453125,0.43212890625
0,2560,direct,all,ordinary,12,23040,0.84921875,0.9845486111111112,0.13532986111111112,11,1,-0.0005208333333333037,0.4541666666666667
0,2560,direct,all,original_exception,12,1536,0.5865885416666666,0.5533854166666666,-0.033203125,4,6,-0.2109375,0.1015625
0,2560,direct,heldout,all,12,12288,0.681640625,0.9234212239583334,0.24178059895833334,11,1,-0.00390625,0.7724609375
0,2560,direct,heldout,ordinary,12,11520,0.7128472222222223,0.9715277777777777,0.2586805555555555,12,0,0.0010416666666667185,0.8145833333333333
0,2560,direct,heldout,original_exception,12,768,0.21354166666666666,0.20182291666666666,-0.01171875,7,5,-0.34375,0.140625
0,2560,direct,trained,all,12,12288,0.9839680989583334,0.9917805989583334,0.0078125,2,10,-0.0087890625,0.091796875
0,2560,direct,trained,ordinary,12,11520,0.9855902777777775,0.9975694444444444,0.011979166666666671,4,6,-0.0031250000000000444,0.09375
0,2560,direct,trained,original_exception,12,768,0.9596354166666666,0.9049479166666666,-0.0546875,1,10,-0.125,0.0625
0,5120,direct,all,all,12,24576,0.9610188802083334,0.9680582682291666,0.007039388020833333,8,4,-0.01513671875,0.052734375
0,5120,direct,all,ordinary,12,23040,0.9808159722222224,0.9921875,0.011371527777777788,9,3,-0.008333333333333304,0.05885416666666665
0,5120,direct,all,original_exception,12,1536,0.6640625,0.6061197916666666,-0.057942708333333336,1,11,-0.1796875,0.0546875
0,5120,direct,heldout,all,12,12288,0.92333984375,0.938232421875,0.014892578125,8,4,-0.0302734375,0.1015625
0,5120,direct,heldout,ordinary,12,11520,0.9622395833333335,0.9855034722222221,0.023263888888888872,9,3,-0.013541666666666674,0.11666666666666659
0,5120,direct,heldout,original_exception,12,768,0.33984375,0.22916666666666666,-0.11067708333333333,1,11,-0.359375,0.15625
0,5120,direct,trained,all,12,12288,0.9986979166666666,0.9978841145833334,-0.0008138020833333334,3,7,-0.005859375,0.00390625
0,5120,direct,trained,ordinary,12,11520,0.999392361111111,0.9988715277777779,-0.0005208333333333223,4,3,-0.006249999999999978,0.0010416666666667185
0,5120,direct,trained,original_exception,12,768,0.98828125,0.9830729166666666,-0.005208333333333333,3,5,-0.046875,0.046875
0,10240,direct,all,all,12,24576,0.9676513671875,0.9688313802083334,0.0011800130208333333,5,7,-0.0146484375,0.02734375
0,10240,direct,all,ordinary,12,23040,0.9872395833333334,0.9930121527777778,0.005772569444444449,8,4,-0.011458333333333348,0.03541666666666665
0,10240,direct,all,original_exception,12,1536,0.673828125,0.6061197916666666,-0.06770833333333333,1,11,-0.1796875,0.0859375
0,10240,direct,heldout,all,12,12288,0.937255859375,0.9393717447916666,0.0021158854166666665,5,7,-0.0234375,0.0537109375
0,10240,direct,heldout,ordinary,12,11520,0.9756076388888889,0.9873263888888889,0.01171875,7,5,-0.012499999999999956,0.0697916666666667
0,10240,direct,heldout,original_exception,12,768,0.3619791666666667,0.22005208333333334,-0.14192708333333334,1,11,-0.359375,0.15625
0,10240,direct,trained,all,12,12288,0.998046875,0.998291015625,0.000244140625,7,5,-0.009765625,0.00390625
0,10240,direct,trained,ordinary,12,11520,0.9988715277777778,0.9986979166666666,-0.00017361111111109198,5,4,-0.01041666666666663,0.0031250000000000444
0,10240,direct,trained,original_exception,12,768,0.9856770833333334,0.9921875,0.006510416666666667,6,1,-0.015625,0.015625
0,15360,direct,all,all,12,24576,0.9743245442708334,0.9694417317708334,-0.0048828125,2,10,-0.01611328125,0.0126953125
0,15360,direct,all,ordinary,12,23040,0.993142361111111,0.9939236111111112,0.0007812499999999833,6,5,-0.009375000000000022,0.01041666666666663
0,15360,direct,all,original_exception,12,1536,0.6920572916666666,0.6022135416666666,-0.08984375,1,11,-0.25,0.046875
0,15360,direct,heldout,all,12,12288,0.9490559895833334,0.939697265625,-0.009358723958333334,2,9,-0.0322265625,0.021484375
0,15360,direct,heldout,ordinary,12,11520,0.98671875,0.9885416666666664,0.0018229166666666463,6,5,-0.01666666666666672,0.016666666666666607
0,15360,direct,heldout,original_exception,12,768,0.3841145833333333,0.20703125,-0.17708333333333334,1,11,-0.5,0.09375
0,15360,direct,trained,all,12,12288,0.9995930989583334,0.9991861979166666,-0.0004069010416666667,2,7,-0.001953125,0.00390625
0,15360,direct,trained,ordinary,12,11520,0.9995659722222223,0.9993055555555556,-0.00026041666666667035,2,5,-0.002083333333333326,0.004166666666666652
0,15360,direct,trained,original_exception,12,768,1.0,0.9973958333333334,-0.0026041666666666665,0,2,-0.015625,0.0
0,15360,two_step,all,all,12,24576,0.9844156901041666,0.9980875651041666,0.013671875,9,2,-0.00146484375,0.0966796875
0,15360,two_step,all,ordinary,12,23040,0.9851562500000002,0.998611111111111,0.013454861111111105,7,1,-0.0010416666666667185,0.09635416666666674
0,15360,two_step,all,original_exception,12,1536,0.9733072916666666,0.990234375,0.016927083333333332,8,2,-0.015625,0.1015625
0,15360,two_step,heldout,all,12,12288,0.981689453125,0.99755859375,0.015869140625,10,1,-0.0029296875,0.1162109375
0,15360,two_step,heldout,ordinary,12,11520,0.9828993055555556,0.9981770833333332,0.015277777777777779,8,1,-0.002083333333333326,0.11562499999999998
0,15360,two_step,heldout,original_exception,12,768,0.9635416666666666,0.98828125,0.024739583333333332,7,1,-0.015625,0.125
0,15360,two_step,trained,all,12,12288,0.9871419270833334,0.9986165364583334,0.011474609375,7,1,-0.0029296875,0.0771484375
0,15360,two_step,trained,ordinary,12,11520,0.9874131944444443,0.9990451388888889,0.01163194444444444,6,1,-0.0010416666666667185,0.07708333333333328
0,15360,two_step,trained,original_exception,12,768,0.9830729166666666,0.9921875,0.009114583333333334,5,1,-0.03125,0.078125
1,0,direct,all,all,12,24576,0.0,0.0,0.0,0,0,0.0,0.0
1,0,direct,all,ordinary,12,23040,0.0,0.0,0.0,0,0,0.0,0.0
1,0,direct,all,original_exception,12,1536,0.0,0.0,0.0,0,0,0.0,0.0
1,0,direct,heldout,all,12,12288,0.0,0.0,0.0,0,0,0.0,0.0
1,0,direct,heldout,ordinary,12,11520,0.0,0.0,0.0,0,0,0.0,0.0
1,0,direct,heldout,original_exception,12,768,0.0,0.0,0.0,0,0,0.0,0.0
1,0,direct,trained,all,12,12288,0.0,0.0,0.0,0,0,0.0,0.0
1,0,direct,trained,ordinary,12,11520,0.0,0.0,0.0,0,0,0.0,0.0
1,0,direct,trained,original_exception,12,768,0.0,0.0,0.0,0,0,0.0,0.0
1,1280,direct,all,all,12,24576,0.4438069661458333,0.5850016276041666,0.14119466145833334,12,0,0.01708984375,0.23974609375
1,1280,direct,all,ordinary,12,23040,0.44930555555555557,0.5967447916666667,0.14743923611111112,12,0,0.017187500000000022,0.24791666666666667
1,1280,direct,all,original_exception,12,1536,0.361328125,0.4088541666666667,0.047526041666666664,11,1,-0.0078125,0.1171875
1,1280,direct,heldout,all,12,12288,0.11328125,0.258544921875,0.145263671875,11,1,-0.01171875,0.228515625
1,1280,direct,heldout,ordinary,12,11520,0.11814236111111111,0.27369791666666665,0.15555555555555559,11,1,-0.012500000000000011,0.24479166666666669
1,1280,direct,heldout,original_exception,12,768,0.040364583333333336,0.03125,-0.009114583333333334,1,6,-0.03125,0.015625
1,1280,direct,trained,all,12,12288,0.7743326822916666,0.9114583333333334,0.13712565104166666,12,0,0.0458984375,0.259765625
1,1280,direct,trained,ordinary,12,11520,0.7804687500000002,0.9197916666666667,0.13932291666666666,12,0,0.046875,0.26041666666666663
1,1280,direct,trained,original_exception,12,768,0.6822916666666666,0.7864583333333334,0.10416666666666667,11,0,0.0,0.25
1,2560,direct,all,all,12,24576,0.8602294921875,0.9635416666666666,0.10331217447916667,10,2,-0.01025390625,0.3876953125
1,2560,direct,all,ordinary,12,23040,0.8795138888888889,0.9899305555555555,0.11041666666666665,10,1,-0.002083333333333326,0.4119791666666667
1,2560,direct,all,original_exception,12,1536,0.5709635416666666,0.5677083333333334,-0.0032552083333333335,9,3,-0.1328125,0.078125
1,2560,direct,heldout,all,12,12288,0.7311197916666666,0.93603515625,0.20491536458333334,10,2,-0.0107421875,0.7314453125
1,2560,direct,heldout,ordinary,12,11520,0.7672743055555556,0.9819444444444446,0.2146701388888889,10,1,-0.002083333333333326,0.7708333333333334
1,2560,direct,heldout,original_exception,12,768,0.18880208333333334,0.24739583333333334,0.05859375,9,3,-0.171875,0.25
1,2560,direct,trained,all,12,12288,0.9893391927083334,0.9910481770833334,0.001708984375,3,9,-0.0107421875,0.0439453125
1,2560,direct,trained,ordinary,12,11520,0.9917534722222222,0.9979166666666667,0.006163194444444427,4,7,-0.0031250000000000444,0.05312499999999998
1,2560,direct,trained,original_exception,12,768,0.953125,0.8880208333333334,-0.06510416666666667,0,9,-0.125,0.0
1,5120,direct,all,all,12,24576,0.9674886067708334,0.9689127604166666,0.0014241536458333333,5,7,-0.0224609375,0.04638671875
1,5120,direct,all,ordinary,12,23040,0.9842447916666667,0.9921006944444445,0.007855902777777785,10,2,-0.014062499999999978,0.04375000000000007
1,5120,direct,all,original_exception,12,1536,0.7161458333333334,0.62109375,-0.09505208333333333,3,9,-0.296875,0.09375
1,5120,direct,heldout,all,12,12288,0.9357096354166666,0.9403483072916666,0.004638671875,5,7,-0.04296875,0.09375
1,5120,direct,heldout,ordinary,12,11520,0.9688368055555556,0.9853298611111111,0.016493055555555552,10,2,-0.02604166666666674,0.08749999999999991
1,5120,direct,heldout,original_exception,12,768,0.4388020833333333,0.265625,-0.17317708333333334,3,9,-0.515625,0.203125
1,5120,direct,trained,all,12,12288,0.999267578125,0.9974772135416666,-0.0017903645833333333,2,9,-0.0048828125,0.001953125
1,5120,direct,trained,ordinary,12,11520,0.9996527777777778,0.9988715277777778,-0.0007812500000000019,1,6,-0.004166666666666652,0.0031250000000000444
1,5120,direct,trained,original_exception,12,768,0.9934895833333334,0.9765625,-0.016927083333333332,1,7,-0.078125,0.03125
1,10240,direct,all,all,12,24576,0.9697265625,0.9730224609375,0.0032958984375,7,5,-0.01220703125,0.03271484375
1,10240,direct,all,ordinary,12,23040,0.9867187500000001,0.9960069444444445,0.009288194444444434,10,2,-0.005729166666666674,0.02968750000000009
1,10240,direct,all,original_exception,12,1536,0.71484375,0.6282552083333334,-0.08658854166666667,2,10,-0.25,0.078125
1,10240,direct,heldout,all,12,12288,0.9410807291666666,0.9466959635416666,0.005615234375,7,5,-0.0234375,0.0634765625
1,10240,direct,heldout,ordinary,12,11520,0.9744791666666667,0.9925347222222222,0.018055555555555564,10,2,-0.011458333333333348,0.05729166666666663
1,10240,direct,heldout,original_exception,12,768,0.4401041666666667,0.2591145833333333,-0.18098958333333334,2,10,-0.5,0.15625
1,10240,direct,trained,all,12,12288,0.9983723958333334,0.9993489583333334,0.0009765625,7,2,-0.0009765625,0.00390625
1,10240,direct,trained,ordinary,12,11520,0.9989583333333333,0.9994791666666666,0.0005208333333333407,5,2,-0.002083333333333326,0.0031250000000000444
1,10240,direct,trained,original_exception,12,768,0.9895833333333334,0.9973958333333334,0.0078125,5,0,0.0,0.03125
1,15360,direct,all,all,12,24576,0.976806640625,0.9725748697916666,-0.004231770833333333,4,8,-0.01708984375,0.01416015625
1,15360,direct,all,ordinary,12,23040,0.9940972222222223,0.9970486111111113,0.0029513888888888875,10,1,-0.008333333333333304,0.014583333333333393
1,15360,direct,all,original_exception,12,1536,0.7174479166666666,0.60546875,-0.11197916666666667,2,10,-0.2890625,0.0078125
1,15360,direct,heldout,all,12,12288,0.9539388020833334,0.9453938802083334,-0.008544921875,4,8,-0.0341796875,0.02734375
1,15360,direct,heldout,ordinary,12,11520,0.9882812499999999,0.9942708333333333,0.005989583333333326,10,1,-0.01666666666666672,0.029166666666666674
1,15360,direct,heldout,original_exception,12,768,0.4388020833333333,0.21223958333333334,-0.2265625,1,10,-0.578125,0.015625
1,15360,direct,trained,all,12,12288,0.9996744791666666,0.999755859375,8.138020833333333e-05,3,2,-0.001953125,0.001953125
1,15360,direct,trained,ordinary,12,11520,0.9999131944444445,0.9998263888888889,-8.680555555555987e-05,1,2,-0.0010416666666667185,0.0010416666666667185
1,15360,direct,trained,original_exception,12,768,0.99609375,0.9986979166666666,0.0026041666666666665,2,1,-0.015625,0.03125
1,15360,two_step,all,all,12,24576,0.9983723958333334,0.9991861979166666,0.0008138020833333334,7,3,-0.00244140625,0.0029296875
1,15360,two_step,all,ordinary,12,23040,0.9989149305555557,0.9997395833333332,0.0008246527777777771,7,1,-0.0010416666666667185,0.0031250000000000444
1,15360,two_step,all,original_exception,12,1536,0.990234375,0.9908854166666666,0.0006510416666666666,5,4,-0.0234375,0.0234375
1,15360,two_step,heldout,all,12,12288,0.9979654947916666,0.998779296875,0.0008138020833333334,7,3,-0.0048828125,0.00390625
1,15360,two_step,heldout,ordinary,12,11520,0.9987847222222221,0.9995659722222222,0.0007812500000000111,7,1,-0.002083333333333326,0.0031250000000000444
1,15360,two_step,heldout,original_exception,12,768,0.9856770833333334,0.9869791666666666,0.0013020833333333333,4,4,-0.046875,0.046875
1,15360,two_step,trained,all,12,12288,0.998779296875,0.9995930989583334,0.0008138020833333334,5,0,0.0,0.00390625
1,15360,two_step,trained,ordinary,12,11520,0.9990451388888887,0.9999131944444445,0.000868055555555571,6,0,0.0,0.004166666666666652
1,15360,two_step,trained,original_exception,12,768,0.9947916666666666,0.9947916666666666,0.0,1,1,-0.015625,0.015625
all,0,direct,all,all,24,49152,0.0,0.0,0.0,0,0,0.0,0.0
all,0,direct,all,ordinary,24,46080,0.0,0.0,0.0,0,0,0.0,0.0
all,0,direct,all,original_exception,24,3072,0.0,0.0,0.0,0,0,0.0,0.0
all,0,direct,heldout,all,24,24576,0.0,0.0,0.0,0,0,0.0,0.0
all,0,direct,heldout,ordinary,24,23040,0.0,0.0,0.0,0,0,0.0,0.0
all,0,direct,heldout,original_exception,24,1536,0.0,0.0,0.0,0,0,0.0,0.0
all,0,direct,trained,all,24,24576,0.0,0.0,0.0,0,0,0.0,0.0
all,0,direct,trained,ordinary,24,23040,0.0,0.0,0.0,0,0,0.0,0.0
all,0,direct,trained,original_exception,24,1536,0.0,0.0,0.0,0,0,0.0,0.0
all,1280,direct,all,all,24,49152,0.4243367513020833,0.5632527669270834,0.138916015625,24,0,0.00341796875,0.33154296875
all,1280,direct,all,ordinary,24,46080,0.4297960069444444,0.5746961805555556,0.1449001736111111,24,0,0.004687499999999956,0.33489583333333334
all,1280,direct,all,original_exception,24,3072,0.3424479166666667,0.3916015625,0.049153645833333336,17,7,-0.03125,0.28125
all,1280,direct,heldout,all,24,24576,0.10880533854166667,0.2525634765625,0.14375813802083334,23,1,-0.01171875,0.232421875
all,1280,direct,heldout,ordinary,24,23040,0.11414930555555557,0.267578125,0.15342881944444445,23,1,-0.012500000000000011,0.24687499999999998
all,1280,direct,heldout,original_exception,24,1536,0.028645833333333332,0.02734375,-0.0013020833333333333,7,9,-0.03125,0.046875
all,1280,direct,trained,all,24,24576,0.7398681640625,0.8739420572916666,0.13407389322916666,23,1,-0.0087890625,0.458984375
all,1280,direct,trained,ordinary,24,23040,0.7454427083333334,0.8818142361111111,0.13637152777777778,23,1,-0.00520833333333337,0.45208333333333334
all,1280,direct,trained,original_exception,24,1536,0.65625,0.755859375,0.099609375,17,6,-0.078125,0.5625
all,2560,direct,all,all,24,49152,0.8465169270833334,0.9605712890625,0.11405436197916667,20,3,-0.01025390625,0.43212890625
all,2560,direct,all,ordinary,24,46080,0.8643663194444443,0.9872395833333334,0.12287326388888888,21,2,-0.002083333333333326,0.4541666666666667
all,2560,direct,all,original_exception,24,3072,0.5787760416666666,0.560546875,-0.018229166666666668,13,9,-0.2109375,0.1015625
all,2560,direct,heldout,all,24,24576,0.7063802083333334,0.9297281901041666,0.22334798177083334,21,3,-0.0107421875,0.7724609375
all,2560,direct,heldout,ordinary,24,23040,0.7400607638888889,0.9767361111111111,0.2366753472222222,22,1,-0.002083333333333326,0.8145833333333333
all,2560,direct,heldout,original_exception,24,1536,0.201171875,0.224609375,0.0234375,16,8,-0.34375,0.25
all,2560,direct,trained,all,24,24576,0.9866536458333334,0.9914143880208334,0.0047607421875,5,19,-0.0107421875,0.091796875
all,2560,direct,trained,ordinary,24,23040,0.988671875,0.9977430555555555,0.00907118055555555,8,13,-0.0031250000000000444,0.09375
all,2560,direct,trained,original_exception,24,1536,0.9563802083333334,0.896484375,-0.059895833333333336,1,19,-0.125,0.0625
all,5120,direct,all,all,24,49152,0.9642537434895834,0.9684855143229166,0.004231770833333333,13,11,-0.0224609375,0.052734375
all,5120,direct,all,ordinary,24,46080,0.9825303819444445,0.9921440972222223,0.009613715277777787,19,5,-0.014062499999999978,0.05885416666666665
all,5120,direct,all,original_exception,24,3072,0.6901041666666666,0.6136067708333334,-0.07649739583333333,4,20,-0.296875,0.09375
all,5120,direct,heldout,all,24,24576,0.9295247395833334,0.9392903645833334,0.009765625,13,11,-0.04296875,0.1015625
all,5120,direct,heldout,ordinary,24,23040,0.9655381944444444,0.9854166666666666,0.01987847222222221,19,5,-0.02604166666666674,0.11666666666666659
all,5120,direct,heldout,original_exception,24,1536,0.3893229166666667,0.24739583333333334,-0.14192708333333334,4,20,-0.515625,0.203125
all,5120,direct,trained,all,24,24576,0.9989827473958334,0.9976806640625,-0.0013020833333333333,5,16,-0.005859375,0.00390625
all,5120,direct,trained,ordinary,24,23040,0.9995225694444446,0.9988715277777778,-0.0006510416666666621,5,9,-0.006249999999999978,0.0031250000000000444
all,5120,direct,trained,original_exception,24,1536,0.9908854166666666,0.9798177083333334,-0.011067708333333334,4,12,-0.078125,0.046875
all,10240,direct,all,all,24,49152,0.96868896484375,0.9709269205729166,0.0022379557291666665,12,12,-0.0146484375,0.03271484375
all,10240,direct,all,ordinary,24,46080,0.9869791666666666,0.9945095486111112,0.007530381944444442,18,6,-0.011458333333333348,0.03541666666666665
all,10240,direct,all,original_exception,24,3072,0.6943359375,0.6171875,-0.0771484375,3,21,-0.25,0.0859375
all,10240,direct,heldout,all,24,24576,0.9391682942708334,0.9430338541666666,0.0038655598958333335,12,12,-0.0234375,0.0634765625
all,10240,direct,heldout,ordinary,24,23040,0.9750434027777777,0.9899305555555555,0.014887152777777782,17,7,-0.012499999999999956,0.0697916666666667
all,10240,direct,heldout,original_exception,24,1536,0.4010416666666667,0.23958333333333334,-0.16145833333333334,3,21,-0.5,0.15625
all,10240,direct,trained,all,24,24576,0.9982096354166666,0.9988199869791666,0.0006103515625,14,7,-0.009765625,0.00390625
all,10240,direct,trained,ordinary,24,23040,0.9989149305555555,0.9990885416666666,0.00017361111111112437,10,6,-0.01041666666666663,0.0031250000000000444
all,10240,direct,trained,original_exception,24,1536,0.9876302083333334,0.9947916666666666,0.007161458333333333,11,1,-0.015625,0.03125
all,15360,direct,all,all,24,49152,0.9755655924479166,0.97100830078125,-0.004557291666666667,6,18,-0.01708984375,0.01416015625
all,15360,direct,all,ordinary,24,46080,0.9936197916666667,0.9954861111111111,0.0018663194444444354,16,6,-0.009375000000000022,0.014583333333333393
all,15360,direct,all,original_exception,24,3072,0.7047526041666666,0.6038411458333334,-0.10091145833333333,3,21,-0.2890625,0.046875
all,15360,direct,heldout,all,24,24576,0.9514973958333334,0.9425455729166666,-0.008951822916666666,6,17,-0.0341796875,0.02734375
all,15360,direct,heldout,ordinary,24,23040,0.9874999999999999,0.9914062500000002,0.003906249999999986,16,6,-0.01666666666666672,0.029166666666666674
all,15360,direct,heldout,original_exception,24,1536,0.4114583333333333,0.20963541666666666,-0.20182291666666666,2,21,-0.578125,0.09375
all,15360,direct,trained,all,24,24576,0.9996337890625,0.9994710286458334,-0.00016276041666666666,5,9,-0.001953125,0.00390625
all,15360,direct,trained,ordinary,24,23040,0.9997395833333335,0.9995659722222223,-0.00017361111111111513,3,7,-0.002083333333333326,0.004166666666666652
all,15360,direct,trained,original_exception,24,1536,0.998046875,0.998046875,0.0,2,3,-0.015625,0.03125
all,15360,two_step,all,all,24,49152,0.99139404296875,0.9986368815104166,0.007242838541666667,16,5,-0.00244140625,0.0966796875
all,15360,two_step,all,ordinary,24,46080,0.9920355902777778,0.9991753472222222,0.007139756944444441,14,2,-0.0010416666666667185,0.09635416666666674
all,15360,two_step,all,original_exception,24,3072,0.9817708333333334,0.9905598958333334,0.0087890625,13,6,-0.0234375,0.1015625
all,15360,two_step,heldout,all,24,24576,0.9898274739583334,0.9981689453125,0.008341471354166666,17,4,-0.0048828125,0.1162109375
all,15360,two_step,heldout,ordinary,24,23040,0.9908420138888889,0.9988715277777779,0.008029513888888895,15,2,-0.002083333333333326,0.11562499999999998
all,15360,two_step,heldout,original_exception,24,1536,0.974609375,0.9876302083333334,0.013020833333333334,11,5,-0.046875,0.125
all,15360,two_step,trained,all,24,24576,0.9929606119791666,0.9991048177083334,0.006144205729166667,12,1,-0.0029296875,0.0771484375
all,15360,two_step,trained,ordinary,24,23040,0.9932291666666666,0.9994791666666666,0.0062500000000000056,12,1,-0.0010416666666667185,0.07708333333333328
all,15360,two_step,trained,original_exception,24,1536,0.9889322916666666,0.9934895833333334,0.004557291666666667,6,2,-0.03125,0.078125
