world,step,phase,method,split,cohort,cases,n,accuracy,wrong_actual_per_query,nll,bridge_accuracy,bridge_valid_rate,direct_accuracy,two_step_gap
0,0,isolated,direct,all,all,12,24576,0.0,0.0,8.54543137550354,,,,
0,0,isolated,direct,all,ordinary,12,23040,0.0,0.0,8.545733451843262,,,,
0,0,isolated,direct,all,original_exception,12,1536,0.0,0.0,8.540904521942139,,,,
0,0,isolated,direct,heldout,all,12,12288,0.0,0.0,8.545454740524292,,,,
0,0,isolated,direct,heldout,ordinary,12,11520,0.0,0.0,8.545623779296875,,,,
0,0,isolated,direct,heldout,original_exception,12,768,0.0,0.0,8.542914390563965,,,,
0,0,isolated,direct,trained,all,12,12288,0.0,0.0,8.545408248901367,,,,
0,0,isolated,direct,trained,ordinary,12,11520,0.0,0.0,8.54584264755249,,,,
0,0,isolated,direct,trained,original_exception,12,768,0.0,0.0,8.538894414901733,,,,
0,0,unrestricted,direct,all,all,12,24576,0.0,0.0,8.54543137550354,,,,
0,0,unrestricted,direct,all,ordinary,12,23040,0.0,0.0,8.545733451843262,,,,
0,0,unrestricted,direct,all,original_exception,12,1536,0.0,0.0,8.540904521942139,,,,
0,0,unrestricted,direct,heldout,all,12,12288,0.0,0.0,8.545454740524292,,,,
0,0,unrestricted,direct,heldout,ordinary,12,11520,0.0,0.0,8.545623779296875,,,,
0,0,unrestricted,direct,heldout,original_exception,12,768,0.0,0.0,8.542914390563965,,,,
0,0,unrestricted,direct,trained,all,12,12288,0.0,0.0,8.545408248901367,,,,
0,0,unrestricted,direct,trained,ordinary,12,11520,0.0,0.0,8.54584264755249,,,,
0,0,unrestricted,direct,trained,original_exception,12,768,0.0,0.0,8.538894414901733,,,,
0,1280,isolated,direct,all,all,12,24576,0.54150390625,0.009480794270833334,2.0122794806957245,,,,
0,1280,isolated,direct,all,ordinary,12,23040,0.5526475694444444,0.0,1.934561014175415,,,,
0,1280,isolated,direct,all,original_exception,12,1536,0.3743489583333333,0.15169270833333334,3.1780563990275064,,,,
0,1280,isolated,direct,heldout,all,12,12288,0.24658203125,0.016520182291666668,3.3324467738469443,,,,
0,1280,isolated,direct,heldout,ordinary,12,11520,0.26145833333333335,0.0,3.2006041606267295,,,,
0,1280,isolated,direct,heldout,original_exception,12,768,0.0234375,0.2643229166666667,5.310085852940877,,,,
0,1280,isolated,direct,trained,all,12,12288,0.83642578125,0.00244140625,0.6921122322479883,,,,
0,1280,isolated,direct,trained,ordinary,12,11520,0.8438368055555555,0.0,0.6685178975264231,,,,
0,1280,isolated,direct,trained,original_exception,12,768,0.7252604166666666,0.0390625,1.0460269500811894,,,,
0,1280,unrestricted,direct,all,all,12,24576,0.4048665364583333,0.004313151041666667,2.6720736026763916,,,,
0,1280,unrestricted,direct,all,ordinary,12,23040,0.4102864583333334,0.0,2.6461281776428223,,,,
0,1280,unrestricted,direct,all,original_exception,12,1536,0.3235677083333333,0.06901041666666667,3.0612560510635376,,,,
0,1280,unrestricted,direct,heldout,all,12,12288,0.10432942708333333,0.007080078125,4.066009521484375,,,,
0,1280,unrestricted,direct,heldout,ordinary,12,11520,0.11015625,0.0,4.024587531884511,,,,
0,1280,unrestricted,direct,heldout,original_exception,12,768,0.016927083333333332,0.11328125,4.687337875366211,,,,
0,1280,unrestricted,direct,trained,all,12,12288,0.7054036458333334,0.0015462239583333333,1.2781377683083217,,,,
0,1280,unrestricted,direct,trained,ordinary,12,11520,0.7104166666666667,0.0,1.2676687041918437,,,,
0,1280,unrestricted,direct,trained,original_exception,12,768,0.6302083333333334,0.024739583333333332,1.4351742168267567,,,,
0,2560,isolated,direct,all,all,12,24576,0.9576009114583334,0.022420247395833332,0.2269558347761631,,,,
0,2560,isolated,direct,all,ordinary,12,23040,0.9845486111111112,0.0,0.07334208395332098,,,,
0,2560,isolated,direct,all,original_exception,12,1536,0.5533854166666666,0.3587239583333333,2.531162122885386,,,,
0,2560,isolated,direct,heldout,all,12,12288,0.9234212239583334,0.040120442708333336,0.40592090288798016,,,,
0,2560,isolated,direct,heldout,ordinary,12,11520,0.9715277777777777,0.0,0.11887066749234994,,,,
0,2560,isolated,direct,heldout,original_exception,12,768,0.20182291666666666,0.6419270833333334,4.711674392223358,,,,
0,2560,isolated,direct,trained,all,12,12288,0.9917805989583334,0.004720052083333333,0.04799077473580837,,,,
0,2560,isolated,direct,trained,ordinary,12,11520,0.9975694444444444,0.0,0.027813503208259743,,,,
0,2560,isolated,direct,trained,original_exception,12,768,0.9049479166666666,0.07552083333333333,0.3506498510638873,,,,
0,2560,unrestricted,direct,all,all,12,24576,0.8328043619791666,0.010701497395833334,0.6925976698597273,,,,
0,2560,unrestricted,direct,all,ordinary,12,23040,0.84921875,0.0,0.5978443312148253,,,,
0,2560,unrestricted,direct,all,original_exception,12,1536,0.5865885416666666,0.17122395833333334,2.113897353410721,,,,
0,2560,unrestricted,direct,heldout,all,12,12288,0.681640625,0.020426432291666668,1.2891484275460243,,,,
0,2560,unrestricted,direct,heldout,ordinary,12,11520,0.7128472222222223,0.0,1.1058655176311731,,,,
0,2560,unrestricted,direct,heldout,original_exception,12,768,0.21354166666666666,0.3268229166666667,4.038392126560211,,,,
0,2560,unrestricted,direct,trained,all,12,12288,0.9839680989583334,0.0009765625,0.09604689447830121,,,,
0,2560,unrestricted,direct,trained,ordinary,12,11520,0.9855902777777775,0.0,0.0898231874840955,,,,
0,2560,unrestricted,direct,trained,original_exception,12,768,0.9596354166666666,0.015625,0.1894024834036827,,,,
0,5120,isolated,direct,all,all,12,24576,0.9680582682291666,0.02197265625,0.16869775454203287,,,,
0,5120,isolated,direct,all,ordinary,12,23040,0.9921875,0.0,0.029891464859247208,,,,
0,5120,isolated,direct,all,original_exception,12,1536,0.6061197916666666,0.3515625,2.25079216559728,,,,
0,5120,isolated,direct,heldout,all,12,12288,0.938232421875,0.043050130208333336,0.3274519518017769,,,,
0,5120,isolated,direct,heldout,ordinary,12,11520,0.9855034722222221,0.0,0.05417123607670268,,,,
0,5120,isolated,direct,heldout,original_exception,12,768,0.22916666666666666,0.6888020833333334,4.4266626834869385,,,,
0,5120,isolated,direct,trained,all,12,12288,0.9978841145833334,0.0008951822916666666,0.009943555671876917,,,,
0,5120,isolated,direct,trained,ordinary,12,11520,0.9988715277777779,0.0,0.005611692574651291,,,,
0,5120,isolated,direct,trained,original_exception,12,768,0.9830729166666666,0.014322916666666666,0.07492150296457112,,,,
0,5120,unrestricted,direct,all,all,12,24576,0.9610188802083334,0.017130533854166668,0.163076505685846,,,,
0,5120,unrestricted,direct,all,ordinary,12,23040,0.9808159722222224,0.0,0.06605626169281702,,,,
0,5120,unrestricted,direct,all,original_exception,12,1536,0.6640625,0.2740885416666667,1.6183801641066868,,,,
0,5120,unrestricted,direct,heldout,all,12,12288,0.92333984375,0.03369140625,0.3187188549588124,,,,
0,5120,unrestricted,direct,heldout,ordinary,12,11520,0.9622395833333335,0.0,0.12650882018109164,,,,
0,5120,unrestricted,direct,heldout,original_exception,12,768,0.33984375,0.5390625,3.20186939338843,,,,
0,5120,unrestricted,direct,trained,all,12,12288,0.9986979166666666,0.0005696614583333334,0.007434150592113535,,,,
0,5120,unrestricted,direct,trained,ordinary,12,11520,0.999392361111111,0.0,0.005603699314330394,,,,
0,5120,unrestricted,direct,trained,original_exception,12,768,0.98828125,0.009114583333333334,0.03489091497613117,,,,
0,10240,isolated,direct,all,all,12,24576,0.9688313802083334,0.0220947265625,0.18681322100261846,,,,
0,10240,isolated,direct,all,ordinary,12,23040,0.9930121527777778,0.0,0.023696161185701687,,,,
0,10240,isolated,direct,all,original_exception,12,1536,0.6061197916666666,0.353515625,2.6335691710313163,,,,
0,10240,isolated,direct,heldout,all,12,12288,0.9393717447916666,0.043863932291666664,0.36618216211597127,,,,
0,10240,isolated,direct,heldout,ordinary,12,11520,0.9873263888888889,0.0,0.04188904073089361,,,,
0,10240,isolated,direct,heldout,original_exception,12,768,0.22005208333333334,0.7018229166666666,5.230578939119975,,,,
0,10240,isolated,direct,trained,all,12,12288,0.998291015625,0.0003255208333333333,0.007444286581934041,,,,
0,10240,isolated,direct,trained,ordinary,12,11520,0.9986979166666666,0.0,0.005503279554735248,,,,
0,10240,isolated,direct,trained,original_exception,12,768,0.9921875,0.005208333333333333,0.03655939902091632,,,,
0,10240,unrestricted,direct,all,all,12,24576,0.9676513671875,0.016520182291666668,0.15375636300692955,,,,
0,10240,unrestricted,direct,all,ordinary,12,23040,0.9872395833333334,0.0,0.03883658366976306,,,,
0,10240,unrestricted,direct,all,original_exception,12,1536,0.673828125,0.2643229166666667,1.8775530830025673,,,,
0,10240,unrestricted,direct,heldout,all,12,12288,0.937255859375,0.032389322916666664,0.3017202007273833,,,,
0,10240,unrestricted,direct,heldout,ordinary,12,11520,0.9756076388888889,0.0,0.07385838369373232,,,,
0,10240,unrestricted,direct,heldout,original_exception,12,768,0.3619791666666667,0.5182291666666666,3.719647611180941,,,,
0,10240,unrestricted,direct,trained,all,12,12288,0.998046875,0.0006510416666666666,0.005792523710018334,,,,
0,10240,unrestricted,direct,trained,ordinary,12,11520,0.9988715277777778,0.0,0.003814783451768259,,,,
0,10240,unrestricted,direct,trained,original_exception,12,768,0.9856770833333334,0.010416666666666666,0.03545862919418141,,,,
0,15360,isolated,direct,all,all,12,24576,0.9694417317708334,0.022542317708333332,0.20630192384123802,,,,
0,15360,isolated,direct,all,ordinary,12,23040,0.9939236111111112,0.0,0.021512323951659102,,,,
0,15360,isolated,direct,all,original_exception,12,1536,0.6022135416666666,0.3606770833333333,2.978145877520243,,,,
0,15360,isolated,direct,heldout,all,12,12288,0.939697265625,0.045003255208333336,0.4088939130306244,,,,
0,15360,isolated,direct,heldout,ordinary,12,11520,0.9885416666666664,0.0,0.040570458164438605,,,,
0,15360,isolated,direct,heldout,original_exception,12,768,0.20703125,0.7200520833333334,5.933745821317037,,,,
0,15360,isolated,direct,trained,all,12,12288,0.9991861979166666,8.138020833333333e-05,0.0037099369680314944,,,,
0,15360,isolated,direct,trained,ordinary,12,11520,0.9993055555555556,0.0,0.0024541919243953694,,,,
0,15360,isolated,direct,trained,original_exception,12,768,0.9973958333333334,0.0013020833333333333,0.022546112445221905,,,,
0,15360,isolated,two_step,all,all,12,24576,0.9980875651041666,0.0004475911458333333,,0.9962158203125,0.9993082682291666,0.9694417317708334,0.028645833333333332
0,15360,isolated,two_step,all,ordinary,12,23040,0.998611111111111,0.0,,0.9967447916666669,0.9992621527777779,0.9939236111111112,0.004687500000000011
0,15360,isolated,two_step,all,original_exception,12,1536,0.990234375,0.007161458333333333,,0.98828125,1.0,0.6022135416666666,0.3880208333333333
0,15360,isolated,two_step,heldout,all,12,12288,0.99755859375,0.00048828125,,0.9957682291666666,0.9991861979166666,0.939697265625,0.057861328125
0,15360,isolated,two_step,heldout,ordinary,12,11520,0.9981770833333332,0.0,,0.9963541666666665,0.9991319444444445,0.9885416666666664,0.009635416666666674
0,15360,isolated,two_step,heldout,original_exception,12,768,0.98828125,0.0078125,,0.9869791666666666,1.0,0.20703125,0.78125
0,15360,isolated,two_step,trained,all,12,12288,0.9986165364583334,0.0004069010416666667,,0.9966634114583334,0.9994303385416666,0.9991861979166666,-0.0005696614583333334
0,15360,isolated,two_step,trained,ordinary,12,11520,0.9990451388888889,0.0,,0.9971354166666666,0.9993923611111111,0.9993055555555556,-0.00026041666666667035
0,15360,isolated,two_step,trained,original_exception,12,768,0.9921875,0.006510416666666667,,0.9895833333333334,1.0,0.9973958333333334,-0.005208333333333333
0,15360,unrestricted,direct,all,all,12,24576,0.9743245442708334,0.015950520833333332,0.1389415537317594,,,,
0,15360,unrestricted,direct,all,ordinary,12,23040,0.993142361111111,0.0,0.022860149736516178,,,,
0,15360,unrestricted,direct,all,original_exception,12,1536,0.6920572916666666,0.2552083333333333,1.880162701010704,,,,
0,15360,unrestricted,direct,heldout,all,12,12288,0.9490559895833334,0.031901041666666664,0.2761836542437474,,,,
0,15360,unrestricted,direct,heldout,ordinary,12,11520,0.98671875,0.0,0.04406283392260472,,,,
0,15360,unrestricted,direct,heldout,original_exception,12,768,0.3841145833333333,0.5104166666666666,3.757996062437693,,,,
0,15360,unrestricted,direct,trained,all,12,12288,0.9995930989583334,0.0,0.001699463531015984,,,,
0,15360,unrestricted,direct,trained,ordinary,12,11520,0.9995659722222223,0.0,0.0016574677295769409,,,,
0,15360,unrestricted,direct,trained,original_exception,12,768,1.0,0.0,0.002329403242280629,,,,
0,15360,unrestricted,two_step,all,all,12,24576,0.9844156901041666,0.0005696614583333334,,0.9822184244791666,0.9954020182291666,0.9743245442708334,0.010091145833333334
0,15360,unrestricted,two_step,all,ordinary,12,23040,0.9851562500000002,0.0,,0.9829427083333332,0.9956597222222223,0.993142361111111,-0.00798611111111111
0,15360,unrestricted,two_step,all,original_exception,12,1536,0.9733072916666666,0.009114583333333334,,0.9713541666666666,0.9915364583333334,0.6920572916666666,0.28125
0,15360,unrestricted,two_step,heldout,all,12,12288,0.981689453125,0.000732421875,,0.980224609375,0.9956868489583334,0.9490559895833334,0.032633463541666664
0,15360,unrestricted,two_step,heldout,ordinary,12,11520,0.9828993055555556,0.0,,0.9813368055555555,0.9962673611111109,0.98671875,-0.0038194444444444586
0,15360,unrestricted,two_step,heldout,original_exception,12,768,0.9635416666666666,0.01171875,,0.9635416666666666,0.9869791666666666,0.3841145833333333,0.5794270833333334
0,15360,unrestricted,two_step,trained,all,12,12288,0.9871419270833334,0.0004069010416666667,,0.9842122395833334,0.9951171875,0.9995930989583334,-0.012451171875
0,15360,unrestricted,two_step,trained,ordinary,12,11520,0.9874131944444443,0.0,,0.9845486111111109,0.9950520833333334,0.9995659722222223,-0.012152777777777781
0,15360,unrestricted,two_step,trained,original_exception,12,768,0.9830729166666666,0.006510416666666667,,0.9791666666666666,0.99609375,1.0,-0.016927083333333332
1,0,isolated,direct,all,all,12,24576,0.0,0.0,8.580048561096191,,,,
1,0,isolated,direct,all,ordinary,12,23040,0.0,0.0,8.57978868484497,,,,
1,0,isolated,direct,all,original_exception,12,1536,0.0,0.0,8.583942174911499,,,,
1,0,isolated,direct,heldout,all,12,12288,0.0,0.0,8.579930305480957,,,,
1,0,isolated,direct,heldout,ordinary,12,11520,0.0,0.0,8.579592227935791,,,,
1,0,isolated,direct,heldout,original_exception,12,768,0.0,0.0,8.584996700286865,,,,
1,0,isolated,direct,trained,all,12,12288,0.0,0.0,8.58016586303711,,,,
1,0,isolated,direct,trained,ordinary,12,11520,0.0,0.0,8.579984426498413,,,,
1,0,isolated,direct,trained,original_exception,12,768,0.0,0.0,8.582886934280396,,,,
1,0,unrestricted,direct,all,all,12,24576,0.0,0.0,8.580048561096191,,,,
1,0,unrestricted,direct,all,ordinary,12,23040,0.0,0.0,8.57978868484497,,,,
1,0,unrestricted,direct,all,original_exception,12,1536,0.0,0.0,8.583942174911499,,,,
1,0,unrestricted,direct,heldout,all,12,12288,0.0,0.0,8.579930305480957,,,,
1,0,unrestricted,direct,heldout,ordinary,12,11520,0.0,0.0,8.579592227935791,,,,
1,0,unrestricted,direct,heldout,original_exception,12,768,0.0,0.0,8.584996700286865,,,,
1,0,unrestricted,direct,trained,all,12,12288,0.0,0.0,8.58016586303711,,,,
1,0,unrestricted,direct,trained,ordinary,12,11520,0.0,0.0,8.579984426498413,,,,
1,0,unrestricted,direct,trained,original_exception,12,768,0.0,0.0,8.582886934280396,,,,
1,1280,isolated,direct,all,all,12,24576,0.5850016276041666,0.009236653645833334,1.9161985913912456,,,,
1,1280,isolated,direct,all,ordinary,12,23040,0.5967447916666667,0.0,1.8417643308639526,,,,
1,1280,isolated,direct,all,original_exception,12,1536,0.4088541666666667,0.14778645833333334,3.032712439695994,,,,
1,1280,isolated,direct,heldout,all,12,12288,0.258544921875,0.017903645833333332,3.3025415341059365,,,,
1,1280,isolated,direct,heldout,ordinary,12,11520,0.27369791666666665,0.0,3.179841180642446,,,,
1,1280,isolated,direct,heldout,original_exception,12,768,0.03125,0.2864583333333333,5.143048048019409,,,,
1,1280,isolated,direct,trained,all,12,12288,0.9114583333333334,0.0005696614583333334,0.5298556238412857,,,,
1,1280,isolated,direct,trained,ordinary,12,11520,0.9197916666666667,0.0,0.5036875456571579,,,,
1,1280,isolated,direct,trained,original_exception,12,768,0.7864583333333334,0.009114583333333334,0.9223769207795461,,,,
1,1280,unrestricted,direct,all,all,12,24576,0.4438069661458333,0.0045166015625,2.5580822428067527,,,,
1,1280,unrestricted,direct,all,ordinary,12,23040,0.44930555555555557,0.0,2.529823879400889,,,,
1,1280,unrestricted,direct,all,original_exception,12,1536,0.361328125,0.072265625,2.981958349545797,,,,
1,1280,unrestricted,direct,heldout,all,12,12288,0.11328125,0.008870442708333334,4.1152443289756775,,,,
1,1280,unrestricted,direct,heldout,ordinary,12,11520,0.11814236111111111,0.0,4.07421350479126,,,,
1,1280,unrestricted,direct,heldout,original_exception,12,768,0.040364583333333336,0.14192708333333334,4.730707446734111,,,,
1,1280,unrestricted,direct,trained,all,12,12288,0.7743326822916666,0.00016276041666666666,1.0009201814730961,,,,
1,1280,unrestricted,direct,trained,ordinary,12,11520,0.7804687500000002,0.0,0.9854342589775721,,,,
1,1280,unrestricted,direct,trained,original_exception,12,768,0.6822916666666666,0.0026041666666666665,1.2332091877857845,,,,
1,2560,isolated,direct,all,all,12,24576,0.9635416666666666,0.022420247395833332,0.19730807095766068,,,,
1,2560,isolated,direct,all,ordinary,12,23040,0.9899305555555555,0.0,0.057827155416210495,,,,
1,2560,isolated,direct,all,original_exception,12,1536,0.5677083333333334,0.3587239583333333,2.2895217736562095,,,,
1,2560,isolated,direct,heldout,all,12,12288,0.93603515625,0.039143880208333336,0.3418567155798276,,,,
1,2560,isolated,direct,heldout,ordinary,12,11520,0.9819444444444446,0.0,0.08830290070424478,,,,
1,2560,isolated,direct,heldout,original_exception,12,768,0.24739583333333334,0.6263020833333334,4.145163913567861,,,,
1,2560,isolated,direct,trained,all,12,12288,0.9910481770833334,0.005696614583333333,0.052759420747558274,,,,
1,2560,isolated,direct,trained,ordinary,12,11520,0.9979166666666667,0.0,0.02735141587133209,,,,
1,2560,isolated,direct,trained,original_exception,12,768,0.8880208333333334,0.09114583333333333,0.4338795046011607,,,,
1,2560,unrestricted,direct,all,all,12,24576,0.8602294921875,0.012736002604166666,0.5930158433814844,,,,
1,2560,unrestricted,direct,all,ordinary,12,23040,0.8795138888888889,0.0,0.48489223048090935,,,,
1,2560,unrestricted,direct,all,original_exception,12,1536,0.5709635416666666,0.20377604166666666,2.2148702442646027,,,,
1,2560,unrestricted,direct,heldout,all,12,12288,0.7311197916666666,0.023600260416666668,1.1119840952257316,,,,
1,2560,unrestricted,direct,heldout,ordinary,12,11520,0.7672743055555556,0.0,0.9038162970294555,,,,
1,2560,unrestricted,direct,heldout,original_exception,12,768,0.18880208333333334,0.3776041666666667,4.234500726064046,,,,
1,2560,unrestricted,direct,trained,all,12,12288,0.9893391927083334,0.0018717447916666667,0.07404762770359714,,,,
1,2560,unrestricted,direct,trained,ordinary,12,11520,0.9917534722222222,0.0,0.06596815337737401,,,,
1,2560,unrestricted,direct,trained,original_exception,12,768,0.953125,0.029947916666666668,0.19523970937977234,,,,
1,5120,isolated,direct,all,all,12,24576,0.9689127604166666,0.0213623046875,0.1618376336991787,,,,
1,5120,isolated,direct,all,ordinary,12,23040,0.9921006944444445,0.0,0.028579684828097623,,,,
1,5120,isolated,direct,all,original_exception,12,1536,0.62109375,0.341796875,2.1607068280378976,,,,
1,5120,isolated,direct,heldout,all,12,12288,0.9403483072916666,0.041422526041666664,0.31187640378872555,,,,
1,5120,isolated,direct,heldout,ordinary,12,11520,0.9853298611111111,0.0,0.0521142422221601,,,,
1,5120,isolated,direct,heldout,original_exception,12,768,0.265625,0.6627604166666666,4.20830883582433,,,,
1,5120,isolated,direct,trained,all,12,12288,0.9974772135416666,0.0013020833333333333,0.011798858011995131,,,,
1,5120,isolated,direct,trained,ordinary,12,11520,0.9988715277777778,0.0,0.005045127230308329,,,,
1,5120,isolated,direct,trained,original_exception,12,768,0.9765625,0.020833333333333332,0.11310482199769467,,,,
1,5120,unrestricted,direct,all,all,12,24576,0.9674886067708334,0.014078776041666666,0.12799451810618243,,,,
1,5120,unrestricted,direct,all,ordinary,12,23040,0.9842447916666667,0.0,0.05325397274767359,,,,
1,5120,unrestricted,direct,all,original_exception,12,1536,0.7161458333333334,0.22526041666666666,1.2491027216116588,,,,
1,5120,unrestricted,direct,heldout,all,12,12288,0.9357096354166666,0.027750651041666668,0.2487733575205008,,,,
1,5120,unrestricted,direct,heldout,ordinary,12,11520,0.9688368055555556,0.0,0.10080169389645259,,,,
1,5120,unrestricted,direct,heldout,original_exception,12,768,0.4388020833333333,0.4440104166666667,2.4683483640352883,,,,
1,5120,unrestricted,direct,trained,all,12,12288,0.999267578125,0.0004069010416666667,0.0072156765187780065,,,,
1,5120,unrestricted,direct,trained,ordinary,12,11520,0.9996527777777778,0.0,0.005706253655565281,,,,
1,5120,unrestricted,direct,trained,original_exception,12,768,0.9934895833333334,0.006510416666666667,0.0298570228042081,,,,
1,10240,isolated,direct,all,all,12,24576,0.9730224609375,0.021402994791666668,0.16945870655278364,,,,
1,10240,isolated,direct,all,ordinary,12,23040,0.9960069444444445,0.0,0.01443097933467167,,,,
1,10240,isolated,direct,all,original_exception,12,1536,0.6282552083333334,0.3424479166666667,2.4948746860027313,,,,
1,10240,isolated,direct,heldout,all,12,12288,0.9466959635416666,0.042643229166666664,0.33533773322900134,,,,
1,10240,isolated,direct,heldout,ordinary,12,11520,0.9925347222222222,0.0,0.026742606501405437,,,,
1,10240,isolated,direct,heldout,original_exception,12,768,0.2591145833333333,0.6822916666666666,4.964264710744222,,,,
1,10240,isolated,direct,trained,all,12,12288,0.9993489583333334,0.00016276041666666666,0.003579684222737948,,,,
1,10240,isolated,direct,trained,ordinary,12,11520,0.9994791666666666,0.0,0.0021193535673470856,,,,
1,10240,isolated,direct,trained,original_exception,12,768,0.9973958333333334,0.0026041666666666665,0.02548464568099007,,,,
1,10240,unrestricted,direct,all,all,12,24576,0.9697265625,0.0140380859375,0.13453877158463,,,,
1,10240,unrestricted,direct,all,ordinary,12,23040,0.9867187500000001,0.0,0.042375072836875916,,,,
1,10240,unrestricted,direct,all,original_exception,12,1536,0.71484375,0.224609375,1.5169943571090698,,,,
1,10240,unrestricted,direct,heldout,all,12,12288,0.9410807291666666,0.027669270833333332,0.2626009372373422,,,,
1,10240,unrestricted,direct,heldout,ordinary,12,11520,0.9744791666666667,0.0,0.08055440623623629,,,,
1,10240,unrestricted,direct,heldout,original_exception,12,768,0.4401041666666667,0.4427083333333333,2.9932988584041595,,,,
1,10240,unrestricted,direct,trained,all,12,12288,0.9983723958333334,0.0004069010416666667,0.0064766202922328375,,,,
1,10240,unrestricted,direct,trained,ordinary,12,11520,0.9989583333333333,0.0,0.0041957384649625356,,,,
1,10240,unrestricted,direct,trained,original_exception,12,768,0.9895833333333334,0.006510416666666667,0.04068984345455343,,,,
1,15360,isolated,direct,all,all,12,24576,0.9725748697916666,0.022542317708333332,0.18021516874432564,,,,
1,15360,isolated,direct,all,ordinary,12,23040,0.9970486111111113,0.0,0.009964221700405082,,,,
1,15360,isolated,direct,all,original_exception,12,1536,0.60546875,0.3606770833333333,2.7339795033137,,,,
1,15360,isolated,direct,heldout,all,12,12288,0.9453938802083334,0.045003255208333336,0.3592202886939049,,,,
1,15360,isolated,direct,heldout,ordinary,12,11520,0.9942708333333333,0.0,0.019310049809670698,,,,
1,15360,isolated,direct,heldout,original_exception,12,768,0.21223958333333334,0.7200520833333334,5.457874019940694,,,,
1,15360,isolated,direct,trained,all,12,12288,0.999755859375,8.138020833333333e-05,0.001210068062391656,,,,
1,15360,isolated,direct,trained,ordinary,12,11520,0.9998263888888889,0.0,0.000618394571877919,,,,
1,15360,isolated,direct,trained,original_exception,12,768,0.9986979166666666,0.0013020833333333333,0.010085170961853388,,,,
1,15360,isolated,two_step,all,all,12,24576,0.9991861979166666,0.0003255208333333333,,0.998291015625,1.0,0.9725748697916666,0.026611328125
1,15360,isolated,two_step,all,ordinary,12,23040,0.9997395833333332,0.0,,0.9988281250000001,1.0,0.9970486111111113,0.0026909722222222174
1,15360,isolated,two_step,all,original_exception,12,1536,0.9908854166666666,0.005208333333333333,,0.990234375,1.0,0.60546875,0.3854166666666667
1,15360,isolated,two_step,heldout,all,12,12288,0.998779296875,0.0005696614583333334,,0.9978841145833334,1.0,0.9453938802083334,0.053385416666666664
1,15360,isolated,two_step,heldout,ordinary,12,11520,0.9995659722222222,0.0,,0.9986111111111112,1.0,0.9942708333333333,0.005295138888888902
1,15360,isolated,two_step,heldout,original_exception,12,768,0.9869791666666666,0.009114583333333334,,0.9869791666666666,1.0,0.21223958333333334,0.7747395833333334
1,15360,isolated,two_step,trained,all,12,12288,0.9995930989583334,8.138020833333333e-05,,0.9986979166666666,1.0,0.999755859375,-0.00016276041666666666
1,15360,isolated,two_step,trained,ordinary,12,11520,0.9999131944444445,0.0,,0.9990451388888889,1.0,0.9998263888888889,8.680555555555987e-05
1,15360,isolated,two_step,trained,original_exception,12,768,0.9947916666666666,0.0013020833333333333,,0.9934895833333334,1.0,0.9986979166666666,-0.00390625
1,15360,unrestricted,direct,all,all,12,24576,0.976806640625,0.014729817708333334,0.11708897507439057,,,,
1,15360,unrestricted,direct,all,ordinary,12,23040,0.9940972222222223,0.0,0.019069292922116194,,,,
1,15360,unrestricted,direct,all,original_exception,12,1536,0.7174479166666666,0.23567708333333334,1.5873842438062031,,,,
1,15360,unrestricted,direct,heldout,all,12,12288,0.9539388020833334,0.029296875,0.23209712530175844,,,,
1,15360,unrestricted,direct,heldout,ordinary,12,11520,0.9882812499999999,0.0,0.03731796011561528,,,,
1,15360,unrestricted,direct,heldout,original_exception,12,768,0.4388020833333333,0.46875,3.1537847320238748,,,,
1,15360,unrestricted,direct,trained,all,12,12288,0.9996744791666666,0.00016276041666666666,0.002080826224604001,,,,
1,15360,unrestricted,direct,trained,ordinary,12,11520,0.9999131944444445,0.0,0.0008206250743872564,,,,
1,15360,unrestricted,direct,trained,original_exception,12,768,0.99609375,0.0026041666666666665,0.020983843291711917,,,,
1,15360,unrestricted,two_step,all,all,12,24576,0.9983723958333334,0.0004069010416666667,,0.996337890625,0.9999186197916666,0.976806640625,0.021565755208333332
1,15360,unrestricted,two_step,all,ordinary,12,23040,0.9989149305555557,0.0,,0.9968750000000002,0.9999565972222223,0.9940972222222223,0.0048177083333333275
1,15360,unrestricted,two_step,all,original_exception,12,1536,0.990234375,0.006510416666666667,,0.98828125,0.9993489583333334,0.7174479166666666,0.2727864583333333
1,15360,unrestricted,two_step,heldout,all,12,12288,0.9979654947916666,0.000732421875,,0.996337890625,1.0,0.9539388020833334,0.044026692708333336
1,15360,unrestricted,two_step,heldout,ordinary,12,11520,0.9987847222222221,0.0,,0.9972222222222222,1.0,0.9882812499999999,0.010503472222222218
1,15360,unrestricted,two_step,heldout,original_exception,12,768,0.9856770833333334,0.01171875,,0.9830729166666666,1.0,0.4388020833333333,0.546875
1,15360,unrestricted,two_step,trained,all,12,12288,0.998779296875,8.138020833333333e-05,,0.996337890625,0.9998372395833334,0.9996744791666666,-0.0008951822916666666
1,15360,unrestricted,two_step,trained,ordinary,12,11520,0.9990451388888887,0.0,,0.9965277777777778,0.9999131944444445,0.9999131944444445,-0.000868055555555571
1,15360,unrestricted,two_step,trained,original_exception,12,768,0.9947916666666666,0.0013020833333333333,,0.9934895833333334,0.9986979166666666,0.99609375,-0.0013020833333333333
all,0,isolated,direct,all,all,24,49152,0.0,0.0,8.562739968299866,,,,
all,0,isolated,direct,all,ordinary,24,46080,0.0,0.0,8.562761068344116,,,,
all,0,isolated,direct,all,original_exception,24,3072,0.0,0.0,8.562423348426819,,,,
all,0,isolated,direct,heldout,all,24,24576,0.0,0.0,8.562692523002625,,,,
all,0,isolated,direct,heldout,ordinary,24,23040,0.0,0.0,8.562608003616333,,,,
all,0,isolated,direct,heldout,original_exception,24,1536,0.0,0.0,8.563955545425415,,,,
all,0,isolated,direct,trained,all,24,24576,0.0,0.0,8.562787055969238,,,,
all,0,isolated,direct,trained,ordinary,24,23040,0.0,0.0,8.562913537025452,,,,
all,0,isolated,direct,trained,original_exception,24,1536,0.0,0.0,8.560890674591064,,,,
all,0,unrestricted,direct,all,all,24,49152,0.0,0.0,8.562739968299866,,,,
all,0,unrestricted,direct,all,ordinary,24,46080,0.0,0.0,8.562761068344116,,,,
all,0,unrestricted,direct,all,original_exception,24,3072,0.0,0.0,8.562423348426819,,,,
all,0,unrestricted,direct,heldout,all,24,24576,0.0,0.0,8.562692523002625,,,,
all,0,unrestricted,direct,heldout,ordinary,24,23040,0.0,0.0,8.562608003616333,,,,
all,0,unrestricted,direct,heldout,original_exception,24,1536,0.0,0.0,8.563955545425415,,,,
all,0,unrestricted,direct,trained,all,24,24576,0.0,0.0,8.562787055969238,,,,
all,0,unrestricted,direct,trained,ordinary,24,23040,0.0,0.0,8.562913537025452,,,,
all,0,unrestricted,direct,trained,original_exception,24,1536,0.0,0.0,8.560890674591064,,,,
all,1280,isolated,direct,all,all,24,49152,0.5632527669270834,0.009358723958333334,1.964239036043485,,,,
all,1280,isolated,direct,all,ordinary,24,46080,0.5746961805555556,0.0,1.8881626725196838,,,,
all,1280,isolated,direct,all,original_exception,24,3072,0.3916015625,0.14973958333333334,3.10538441936175,,,,
all,1280,isolated,direct,heldout,all,24,24576,0.2525634765625,0.0172119140625,3.3174941539764404,,,,
all,1280,isolated,direct,heldout,ordinary,24,23040,0.267578125,0.0,3.1902226706345878,,,,
all,1280,isolated,direct,heldout,original_exception,24,1536,0.02734375,0.275390625,5.2265669504801435,,,,
all,1280,isolated,direct,trained,all,24,24576,0.8739420572916666,0.0015055338541666667,0.6109839280446371,,,,
all,1280,isolated,direct,trained,ordinary,24,23040,0.8818142361111111,0.0,0.5861027215917906,,,,
all,1280,isolated,direct,trained,original_exception,24,1536,0.755859375,0.024088541666666668,0.9842019354303678,,,,
all,1280,unrestricted,direct,all,all,24,49152,0.4243367513020833,0.004414876302083333,2.615077922741572,,,,
all,1280,unrestricted,direct,all,ordinary,24,46080,0.4297960069444444,0.0,2.587976028521856,,,,
all,1280,unrestricted,direct,all,original_exception,24,3072,0.3424479166666667,0.07063802083333333,3.021607200304667,,,,
all,1280,unrestricted,direct,heldout,all,24,24576,0.10880533854166667,0.007975260416666666,4.090626925230026,,,,
all,1280,unrestricted,direct,heldout,ordinary,24,23040,0.11414930555555557,0.0,4.049400518337886,,,,
all,1280,unrestricted,direct,heldout,original_exception,24,1536,0.028645833333333332,0.12760416666666666,4.70902266105016,,,,
all,1280,unrestricted,direct,trained,all,24,24576,0.7398681640625,0.0008544921875,1.139528974890709,,,,
all,1280,unrestricted,direct,trained,ordinary,24,23040,0.7454427083333334,0.0,1.126551481584708,,,,
all,1280,unrestricted,direct,trained,original_exception,24,1536,0.65625,0.013671875,1.3341917023062706,,,,
all,2560,isolated,direct,all,all,24,49152,0.9605712890625,0.022420247395833332,0.2121319528669119,,,,
all,2560,isolated,direct,all,ordinary,24,46080,0.9872395833333334,0.0,0.06558461968476574,,,,
all,2560,isolated,direct,all,original_exception,24,3072,0.560546875,0.3587239583333333,2.4103419482707977,,,,
all,2560,isolated,direct,heldout,all,24,24576,0.9297281901041666,0.039632161458333336,0.3738888092339039,,,,
all,2560,isolated,direct,heldout,ordinary,24,23040,0.9767361111111111,0.0,0.10358678409829736,,,,
all,2560,isolated,direct,heldout,original_exception,24,1536,0.224609375,0.6341145833333334,4.42841915289561,,,,
all,2560,isolated,direct,trained,all,24,24576,0.9914143880208334,0.005208333333333333,0.050375097741683326,,,,
all,2560,isolated,direct,trained,ordinary,24,23040,0.9977430555555555,0.0,0.027582459539795916,,,,
all,2560,isolated,direct,trained,original_exception,24,1536,0.896484375,0.08333333333333333,0.392264677832524,,,,
all,2560,unrestricted,direct,all,all,24,49152,0.8465169270833334,0.01171875,0.6428067566206058,,,,
all,2560,unrestricted,direct,all,ordinary,24,46080,0.8643663194444443,0.0,0.5413682808478674,,,,
all,2560,unrestricted,direct,all,original_exception,24,3072,0.5787760416666666,0.1875,2.1643837988376617,,,,
all,2560,unrestricted,direct,heldout,all,24,24576,0.7063802083333334,0.022013346354166668,1.2005662613858779,,,,
all,2560,unrestricted,direct,heldout,ordinary,24,23040,0.7400607638888889,0.0,1.0048409073303144,,,,
all,2560,unrestricted,direct,heldout,original_exception,24,1536,0.201171875,0.3522135416666667,4.136446426312129,,,,
all,2560,unrestricted,direct,trained,all,24,24576,0.9866536458333334,0.0014241536458333333,0.08504726109094918,,,,
all,2560,unrestricted,direct,trained,ordinary,24,23040,0.988671875,0.0,0.07789567043073475,,,,
all,2560,unrestricted,direct,trained,original_exception,24,1536,0.9563802083333334,0.022786458333333332,0.19232109639172754,,,,
all,5120,isolated,direct,all,all,24,49152,0.9684855143229166,0.02166748046875,0.1652676941206058,,,,
all,5120,isolated,direct,all,ordinary,24,46080,0.9921440972222223,0.0,0.029235574843672413,,,,
all,5120,isolated,direct,all,original_exception,24,3072,0.6136067708333334,0.3466796875,2.205749496817589,,,,
all,5120,isolated,direct,heldout,all,24,24576,0.9392903645833334,0.042236328125,0.3196641777952512,,,,
all,5120,isolated,direct,heldout,ordinary,24,23040,0.9854166666666666,0.0,0.053142739149431385,,,,
all,5120,isolated,direct,heldout,original_exception,24,1536,0.24739583333333334,0.67578125,4.317485759655635,,,,
all,5120,isolated,direct,trained,all,24,24576,0.9976806640625,0.0010986328125,0.010871206841936024,,,,
all,5120,isolated,direct,trained,ordinary,24,23040,0.9988715277777778,0.0,0.00532840990247981,,,,
all,5120,isolated,direct,trained,original_exception,24,1536,0.9798177083333334,0.017578125,0.0940131624811329,,,,
all,5120,unrestricted,direct,all,all,24,49152,0.9642537434895834,0.015604654947916666,0.1455355118960142,,,,
all,5120,unrestricted,direct,all,ordinary,24,46080,0.9825303819444445,0.0,0.0596551172202453,,,,
all,5120,unrestricted,direct,all,original_exception,24,3072,0.6901041666666666,0.24967447916666666,1.4337414428591728,,,,
all,5120,unrestricted,direct,heldout,all,24,24576,0.9295247395833334,0.030721028645833332,0.2837461062396566,,,,
all,5120,unrestricted,direct,heldout,ordinary,24,23040,0.9655381944444444,0.0,0.1136552570387721,,,,
all,5120,unrestricted,direct,heldout,original_exception,24,1536,0.3893229166666667,0.4915364583333333,2.8351088787118592,,,,
all,5120,unrestricted,direct,trained,all,24,24576,0.9989827473958334,0.00048828125,0.007324913555445771,,,,
all,5120,unrestricted,direct,trained,ordinary,24,23040,0.9995225694444446,0.0,0.005654976484947838,,,,
all,5120,unrestricted,direct,trained,original_exception,24,1536,0.9908854166666666,0.0078125,0.032373968890169635,,,,
all,10240,isolated,direct,all,all,24,49152,0.9709269205729166,0.021748860677083332,0.17813596377770105,,,,
all,10240,isolated,direct,all,ordinary,24,46080,0.9945095486111112,0.0,0.01906357026018668,,,,
all,10240,isolated,direct,all,original_exception,24,3072,0.6171875,0.3479817708333333,2.5642219285170236,,,,
all,10240,isolated,direct,heldout,all,24,24576,0.9430338541666666,0.043253580729166664,0.3507599476724863,,,,
all,10240,isolated,direct,heldout,ordinary,24,23040,0.9899305555555555,0.0,0.03431582361614952,,,,
all,10240,isolated,direct,heldout,original_exception,24,1536,0.23958333333333334,0.6920572916666666,5.097421824932098,,,,
all,10240,isolated,direct,trained,all,24,24576,0.9988199869791666,0.000244140625,0.005511985402335995,,,,
all,10240,isolated,direct,trained,ordinary,24,23040,0.9990885416666666,0.0,0.003811316561041167,,,,
all,10240,isolated,direct,trained,original_exception,24,1536,0.9947916666666666,0.00390625,0.031022022350953193,,,,
all,10240,unrestricted,direct,all,all,24,49152,0.96868896484375,0.015279134114583334,0.1441475672957798,,,,
all,10240,unrestricted,direct,all,ordinary,24,46080,0.9869791666666666,0.0,0.04060582825331949,,,,
all,10240,unrestricted,direct,all,original_exception,24,3072,0.6943359375,0.24446614583333334,1.6972737200558186,,,,
all,10240,unrestricted,direct,heldout,all,24,24576,0.9391682942708334,0.030029296875,0.28216056898236275,,,,
all,10240,unrestricted,direct,heldout,ordinary,24,23040,0.9750434027777777,0.0,0.07720639496498431,,,,
all,10240,unrestricted,direct,heldout,original_exception,24,1536,0.4010416666666667,0.48046875,3.3564732347925506,,,,
all,10240,unrestricted,direct,trained,all,24,24576,0.9982096354166666,0.0005289713541666666,0.006134572001125586,,,,
all,10240,unrestricted,direct,trained,ordinary,24,23040,0.9989149305555555,0.0,0.0040052609583653975,,,,
all,10240,unrestricted,direct,trained,original_exception,24,1536,0.9876302083333334,0.008463541666666666,0.038074236324367426,,,,
all,15360,isolated,direct,all,all,24,49152,0.97100830078125,0.022542317708333332,0.19325854629278183,,,,
all,15360,isolated,direct,all,ordinary,24,46080,0.9954861111111111,0.0,0.01573827282603209,,,,
all,15360,isolated,direct,all,original_exception,24,3072,0.6038411458333334,0.3606770833333333,2.8560626904169717,,,,
all,15360,isolated,direct,heldout,all,24,24576,0.9425455729166666,0.045003255208333336,0.38405710086226463,,,,
all,15360,isolated,direct,heldout,ordinary,24,23040,0.9914062500000002,0.0,0.02994025398705465,,,,
all,15360,isolated,direct,heldout,original_exception,24,1536,0.20963541666666666,0.7200520833333334,5.695809920628865,,,,
all,15360,isolated,direct,trained,all,24,24576,0.9994710286458334,8.138020833333333e-05,0.0024600025152115754,,,,
all,15360,isolated,direct,trained,ordinary,24,23040,0.9995659722222223,0.0,0.0015362932481366443,,,,
all,15360,isolated,direct,trained,original_exception,24,1536,0.998046875,0.0013020833333333333,0.016315641703537647,,,,
all,15360,isolated,two_step,all,all,24,49152,0.9986368815104166,0.0003865559895833333,,0.99725341796875,0.9996541341145834,0.97100830078125,0.027628580729166668
all,15360,isolated,two_step,all,ordinary,24,46080,0.9991753472222222,0.0,,0.9977864583333335,0.9996310763888889,0.9954861111111111,0.003689236111111114
all,15360,isolated,two_step,all,original_exception,24,3072,0.9905598958333334,0.006184895833333333,,0.9892578125,1.0,0.6038411458333334,0.38671875
all,15360,isolated,two_step,heldout,all,24,24576,0.9981689453125,0.0005289713541666666,,0.996826171875,0.9995930989583334,0.9425455729166666,0.055623372395833336
all,15360,isolated,two_step,heldout,ordinary,24,23040,0.9988715277777779,0.0,,0.9974826388888888,0.9995659722222223,0.9914062500000002,0.0074652777777777886
all,15360,isolated,two_step,heldout,original_exception,24,1536,0.9876302083333334,0.008463541666666666,,0.9869791666666666,1.0,0.20963541666666666,0.7779947916666666
all,15360,isolated,two_step,trained,all,24,24576,0.9991048177083334,0.000244140625,,0.9976806640625,0.9997151692708334,0.9994710286458334,-0.0003662109375
all,15360,isolated,two_step,trained,ordinary,24,23040,0.9994791666666666,0.0,,0.9980902777777777,0.9996961805555555,0.9995659722222223,-8.680555555555525e-05
all,15360,isolated,two_step,trained,original_exception,24,1536,0.9934895833333334,0.00390625,,0.9915364583333334,1.0,0.998046875,-0.004557291666666667
all,15360,unrestricted,direct,all,all,24,49152,0.9755655924479166,0.015340169270833334,0.12801526440307498,,,,
all,15360,unrestricted,direct,all,ordinary,24,46080,0.9936197916666667,0.0,0.020964721329316188,,,,
all,15360,unrestricted,direct,all,original_exception,24,3072,0.7047526041666666,0.24544270833333334,1.7337734724084537,,,,
all,15360,unrestricted,direct,heldout,all,24,24576,0.9514973958333334,0.030598958333333332,0.25414038977275294,,,,
all,15360,unrestricted,direct,heldout,ordinary,24,23040,0.9874999999999999,0.0,0.04069039701911,,,,
all,15360,unrestricted,direct,heldout,original_exception,24,1536,0.4114583333333333,0.4895833333333333,3.455890397230784,,,,
all,15360,unrestricted,direct,trained,all,24,24576,0.9996337890625,8.138020833333333e-05,0.0018901448778099923,,,,
all,15360,unrestricted,direct,trained,ordinary,24,23040,0.9997395833333335,0.0,0.0012390464019820986,,,,
all,15360,unrestricted,direct,trained,original_exception,24,1536,0.998046875,0.0013020833333333333,0.011656623266996272,,,,
all,15360,unrestricted,two_step,all,all,24,49152,0.99139404296875,0.00048828125,,0.9892781575520834,0.9976603190104166,0.9755655924479166,0.015828450520833332
all,15360,unrestricted,two_step,all,ordinary,24,46080,0.9920355902777778,0.0,,0.9899088541666666,0.9978081597222221,0.9936197916666667,-0.0015842013888888913
all,15360,unrestricted,two_step,all,original_exception,24,3072,0.9817708333333334,0.0078125,,0.9798177083333334,0.9954427083333334,0.7047526041666666,0.2770182291666667
all,15360,unrestricted,two_step,heldout,all,24,24576,0.9898274739583334,0.000732421875,,0.98828125,0.9978434244791666,0.9514973958333334,0.038330078125
all,15360,unrestricted,two_step,heldout,ordinary,24,23040,0.9908420138888889,0.0,,0.9892795138888889,0.9981336805555555,0.9874999999999999,0.003342013888888879
all,15360,unrestricted,two_step,heldout,original_exception,24,1536,0.974609375,0.01171875,,0.9733072916666666,0.9934895833333334,0.4114583333333333,0.5631510416666666
all,15360,unrestricted,two_step,trained,all,24,24576,0.9929606119791666,0.000244140625,,0.9902750651041666,0.9974772135416666,0.9996337890625,-0.006673177083333333
all,15360,unrestricted,two_step,trained,ordinary,24,23040,0.9932291666666666,0.0,,0.9905381944444445,0.9974826388888888,0.9997395833333335,-0.006510416666666676
all,15360,unrestricted,two_step,trained,original_exception,24,1536,0.9889322916666666,0.00390625,,0.986328125,0.9973958333333334,0.998046875,-0.009114583333333334
