world,seed,condition,step,base_accuracy,base_nll,company_trained,company_trained_nll,company_heldout,company_heldout_nll,company_membership,company_default,company_actual,company_known_heldout_n,company_known_heldout,project_trained,project_trained_nll,project_heldout,project_heldout_nll,project_membership,project_default,project_actual,project_known_heldout_n,project_known_heldout,mean_heldout,independent_attributes_accuracy,independent_attributes_n,company_heldout_old_exception,company_heldout_old_exception_n,company_heldout_nonexception,company_heldout_nonexception_n,project_heldout_old_exception,project_heldout_old_exception_n,project_heldout_nonexception,project_heldout_nonexception_n
0,0,company,0,0.0,8.632146835327148,0.0,8.567209243774414,0.0,8.576151847839355,0.0,0.0,0.0,0,,0.0,8.5756254196167,0.0,8.568353652954102,0.0,0.0,0.0,0,,0.0,0.0,8192,0.0,64,0.0,960,0.0,64,0.0,960
0,0,company,1280,0.1320857558139535,6.984697341918945,0.9970703125,0.028178386390209198,0.66796875,1.41937255859375,0.0,1.0,0.8359375,0,,0.9970703125,0.027488216757774353,0.5947265625,1.6567504405975342,0.00927734375,1.0,0.1416015625,14,0.6428571428571429,0.63134765625,0.00390625,8192,0.046875,64,0.709375,960,0.03125,64,0.6322916666666667,960
0,0,company,2560,0.7595082364341085,1.0189275741577148,0.994140625,0.03539251536130905,0.875,0.5503201484680176,0.62744140625,1.0,0.9189453125,694,0.8890489913544669,0.994140625,0.027463041245937347,0.8515625,0.7194256782531738,0.8310546875,1.0,0.49462890625,907,0.8599779492833517,0.86328125,0.7972412109375,8192,0.15625,64,0.9229166666666667,960,0.140625,64,0.8989583333333333,960
0,0,company,5120,0.9837693798449613,0.07091771811246872,0.9990234375,0.0013317938428372145,0.9384765625,0.30910420417785645,0.98388671875,1.0,0.978515625,1011,0.9386745796241345,0.9990234375,0.005385635886341333,0.931640625,0.40819624066352844,0.98583984375,1.0,0.95849609375,1009,0.9326065411298315,0.93505859375,0.9906005859375,8192,0.265625,64,0.9833333333333333,960,0.234375,64,0.978125,960
0,0,company,10240,0.9929142441860465,0.030941089615225792,1.0,0.0003406378091312945,0.9482421875,0.2735883593559265,0.98974609375,1.0,0.99560546875,1016,0.9478346456692913,0.998046875,0.00384548120200634,0.9365234375,0.3106383681297302,0.99755859375,1.0,0.9873046875,1020,0.9382352941176471,0.9423828125,0.9931640625,8192,0.3125,64,0.990625,960,0.3125,64,0.978125,960
0,0,company,15360,0.9955789728682171,0.018948977813124657,1.0,0.000293415185296908,0.9599609375,0.17135071754455566,0.998046875,1.0,0.99169921875,1021,0.9618021547502449,0.998046875,0.008085561916232109,0.92578125,0.33719688653945923,0.99365234375,1.0,0.99267578125,1016,0.9251968503937008,0.94287109375,0.9970703125,8192,0.484375,64,0.9916666666666667,960,0.171875,64,0.9760416666666667,960
0,0,neither,0,0.0,8.632146835327148,0.0,8.567209243774414,0.0,8.576151847839355,0.0,0.0,0.0,0,,0.0,8.5756254196167,0.0,8.568353652954102,0.0,0.0,0.0,0,,0.0,0.0,8192,0.0,64,0.0,960,0.0,64,0.0,960
0,0,neither,1280,0.13590116279069767,5.850999355316162,0.9736328125,0.10140130668878555,0.78515625,0.8761887550354004,0.0,1.0,0.8837890625,0,,0.998046875,0.03266596421599388,0.521484375,1.9315911531448364,0.01904296875,1.0,0.115234375,24,0.5833333333333334,0.6533203125,0.0037841796875,8192,0.171875,64,0.8260416666666667,960,0.03125,64,0.5541666666666667,960
0,0,neither,2560,0.2038517441860465,5.842746257781982,0.994140625,0.016959620639681816,0.8916015625,0.4432983994483948,0.00146484375,1.0,0.96142578125,2,1.0,0.994140625,0.021982330828905106,0.759765625,1.0579264163970947,0.03271484375,1.0,0.04638671875,42,0.9285714285714286,0.82568359375,0.134765625,8192,0.375,64,0.9260416666666667,960,0.046875,64,0.8072916666666666,960
0,0,neither,5120,0.7697432170542635,1.0021554231643677,0.9951171875,0.023394454270601273,0.9111328125,0.3540883958339691,0.4765625,1.0,0.9931640625,513,0.898635477582846,0.990234375,0.03075971081852913,0.873046875,0.6199502348899841,0.41064453125,1.0,0.88134765625,488,0.8729508196721312,0.89208984375,0.845458984375,8192,0.296875,64,0.9520833333333333,960,0.171875,64,0.9197916666666667,960
0,0,neither,10240,0.9930353682170543,0.03048207238316536,1.0,0.0006472475943155587,0.9619140625,0.16858512163162231,0.990234375,1.0,0.99365234375,1012,0.9624505928853755,0.9970703125,0.024232853204011917,0.9404296875,0.37997856736183167,0.99365234375,1.0,0.98681640625,1018,0.9410609037328095,0.951171875,0.994873046875,8192,0.515625,64,0.9916666666666667,960,0.203125,64,0.9895833333333334,960
0,0,neither,15360,0.9952156007751938,0.019388455897569656,1.0,0.00019000952306669205,0.9599609375,0.1991891860961914,0.994140625,1.0,0.9951171875,1018,0.9607072691552063,0.994140625,0.01761423796415329,0.9052734375,0.4135719835758209,0.9951171875,1.0,0.9912109375,1019,0.9077526987242395,0.9326171875,0.9964599609375,8192,0.515625,64,0.9895833333333334,960,0.234375,64,0.95,960
0,0,project,0,0.0,8.632146835327148,0.0,8.567209243774414,0.0,8.576151847839355,0.0,0.0,0.0,0,,0.0,8.5756254196167,0.0,8.568353652954102,0.0,0.0,0.0,0,,0.0,0.0,8192,0.0,64,0.0,960,0.0,64,0.0,960
0,0,project,1280,0.148921996124031,4.935478210449219,0.9912109375,0.04856114834547043,0.8232421875,0.7135019302368164,0.0,1.0,0.828125,0,,0.9970703125,0.0397978313267231,0.626953125,1.4937105178833008,0.19140625,1.0,0.08544921875,202,0.7425742574257426,0.72509765625,0.00830078125,8192,0.140625,64,0.86875,960,0.046875,64,0.665625,960
0,0,project,2560,0.7778585271317829,1.4435733556747437,0.9931640625,0.028773481026291847,0.9228515625,0.34544283151626587,0.00927734375,1.0,0.91552734375,10,1.0,0.9951171875,0.021788716316223145,0.8212890625,0.7332532405853271,0.98876953125,0.96875,0.396484375,980,0.823469387755102,0.8720703125,0.9749755859375,8192,0.375,64,0.959375,960,0.109375,64,0.86875,960
0,0,project,5120,0.9894622093023255,0.05184922367334366,1.0,0.0010468651307746768,0.9384765625,0.3051660656929016,0.994140625,1.0,0.99365234375,1019,0.9391560353287537,0.99609375,0.02850356698036194,0.896484375,0.5223406553268433,0.9970703125,1.0,0.958984375,1021,0.8971596474045054,0.91748046875,0.9927978515625,8192,0.21875,64,0.9864583333333333,960,0.21875,64,0.9416666666666667,960
0,0,project,10240,0.9947311046511628,0.023264015093445778,0.9990234375,0.013358558528125286,0.9453125,0.33767393231391907,0.9970703125,1.0,0.99462890625,1022,0.9461839530332681,0.99609375,0.010584134608507156,0.916015625,0.4357225000858307,0.99658203125,1.0,0.9892578125,1019,0.9175662414131501,0.9306640625,0.9949951171875,8192,0.234375,64,0.9927083333333333,960,0.15625,64,0.9666666666666667,960
0,0,project,15360,0.9976380813953488,0.012552322819828987,1.0,0.0003607445687521249,0.958984375,0.19367441534996033,1.0,1.0,0.99853515625,1024,0.958984375,1.0,0.0010026325471699238,0.927734375,0.3536669611930847,0.99951171875,1.0,0.99267578125,1024,0.927734375,0.943359375,0.99755859375,8192,0.40625,64,0.9958333333333333,960,0.171875,64,0.978125,960
0,1,company,0,0.0,8.671076774597168,0.0,8.833379745483398,0.0,8.830543518066406,0.0,0.0,0.0,0,,0.0,8.85127067565918,0.0,8.843915939331055,0.0,0.0,0.0,0,,0.0,0.0,8192,0.0,64,0.0,960,0.0,64,0.0,960
0,1,company,1280,0.14486434108527133,6.49650239944458,0.9951171875,0.044428519904613495,0.6796875,1.3691591024398804,0.0,1.0,0.82177734375,0,,1.0,0.0157788023352623,0.681640625,1.304734468460083,0.0546875,1.0,0.20654296875,85,0.788235294117647,0.6806640625,0.005615234375,8192,0.046875,64,0.721875,960,0.09375,64,0.7208333333333333,960
0,1,company,2560,0.43259447674418605,3.223781108856201,0.998046875,0.011159430257976055,0.912109375,0.42388683557510376,0.57421875,1.0,0.92236328125,657,0.9193302891933028,0.998046875,0.008061890490353107,0.896484375,0.4233725070953369,0.1103515625,1.0,0.12890625,129,0.937984496124031,0.904296875,0.42236328125,8192,0.234375,64,0.9572916666666667,960,0.25,64,0.9395833333333333,960
0,1,company,5120,0.989280523255814,0.049819860607385635,1.0,0.0015738452784717083,0.9423828125,0.28986865282058716,0.99072265625,1.0,0.98974609375,1018,0.944007858546169,0.998046875,0.008280565962195396,0.939453125,0.31304168701171875,0.9931640625,1.0,0.96484375,1019,0.9411187438665358,0.94091796875,0.9937744140625,8192,0.34375,64,0.9822916666666667,960,0.3125,64,0.98125,960
0,1,company,10240,0.9903100775193798,0.039532843977212906,0.9990234375,0.006390751339495182,0.9404296875,0.28360867500305176,0.97705078125,1.0,0.98583984375,1002,0.9481037924151696,0.9990234375,0.0016334822867065668,0.939453125,0.4248201847076416,0.9951171875,1.0,0.97998046875,1019,0.9391560353287537,0.93994140625,0.9959716796875,8192,0.421875,64,0.975,960,0.046875,64,0.9989583333333333,960
0,1,company,15360,0.9958817829457365,0.017938725650310516,1.0,0.00019329064525663853,0.9580078125,0.18667545914649963,0.984375,1.0,0.9951171875,1013,0.9595261599210266,1.0,0.0007996356580406427,0.9453125,0.3569120764732361,0.99853515625,1.0,0.9931640625,1022,0.9471624266144814,0.95166015625,0.9989013671875,8192,0.359375,64,0.9979166666666667,960,0.171875,64,0.996875,960
0,1,neither,0,0.0,8.671076774597168,0.0,8.833379745483398,0.0,8.830543518066406,0.0,0.0,0.0,0,,0.0,8.85127067565918,0.0,8.843915939331055,0.0,0.0,0.0,0,,0.0,0.0,8192,0.0,64,0.0,960,0.0,64,0.0,960
0,1,neither,1280,0.13880813953488372,6.3637776374816895,0.9892578125,0.05645067244768143,0.8232421875,0.7558286190032959,0.0,1.0,0.90771484375,0,,0.9970703125,0.03219708800315857,0.572265625,1.7470996379852295,0.0244140625,1.0,0.10546875,33,0.6060606060606061,0.69775390625,0.0047607421875,8192,0.125,64,0.8697916666666666,960,0.234375,64,0.5947916666666667,960
0,1,neither,2560,0.3925024224806202,3.6637628078460693,0.986328125,0.07353267073631287,0.8779296875,0.541111171245575,0.0048828125,1.0,0.94091796875,7,1.0,0.9921875,0.03349637985229492,0.8017578125,0.8107479214668274,0.166015625,1.0,0.39892578125,218,0.8302752293577982,0.83984375,0.3978271484375,8192,0.1875,64,0.9239583333333333,960,0.234375,64,0.8395833333333333,960
0,1,neither,5120,0.9055232558139535,0.4202389419078827,0.99609375,0.01315293088555336,0.9453125,0.2561359703540802,0.96533203125,1.0,0.984375,985,0.9512690355329949,1.0,0.002461027354001999,0.9267578125,0.32112932205200195,0.9716796875,1.0,0.89892578125,991,0.9334006054490414,0.93603515625,0.8544921875,8192,0.25,64,0.9916666666666667,960,0.34375,64,0.965625,960
0,1,neither,10240,0.9847383720930233,0.05008089914917946,0.9990234375,0.003580827498808503,0.951171875,0.20419380068778992,0.91064453125,1.0,0.99560546875,954,0.950733752620545,1.0,0.00017092740745283663,0.943359375,0.29620835185050964,0.99072265625,1.0,0.9931640625,1014,0.9457593688362919,0.947265625,0.9967041015625,8192,0.359375,64,0.990625,960,0.21875,64,0.9916666666666667,960
0,1,neither,15360,0.9908551356589147,0.03479573503136635,0.9990234375,0.0018713469617068768,0.9599609375,0.17661556601524353,0.9892578125,1.0,0.99169921875,1012,0.9604743083003953,1.0,0.001159408362582326,0.94921875,0.2700555920600891,0.99267578125,1.0,0.95849609375,1014,0.9516765285996055,0.95458984375,0.99853515625,8192,0.40625,64,0.996875,960,0.421875,64,0.984375,960
0,1,project,0,0.0,8.671076774597168,0.0,8.833379745483398,0.0,8.830543518066406,0.0,0.0,0.0,0,,0.0,8.85127067565918,0.0,8.843915939331055,0.0,0.0,0.0,0,,0.0,0.0,8192,0.0,64,0.0,960,0.0,64,0.0,960
0,1,project,1280,0.1307533914728682,5.884905815124512,0.9921875,0.04205729812383652,0.8525390625,0.6929699778556824,0.0,1.0,0.87353515625,0,,0.9931640625,0.03663313388824463,0.6416015625,1.4049296379089355,0.01220703125,1.0,0.08349609375,13,0.7692307692307693,0.7470703125,0.005615234375,8192,0.140625,64,0.9,960,0.109375,64,0.6770833333333334,960
0,1,project,2560,0.9074006782945736,0.5099194645881653,0.9970703125,0.022928042337298393,0.9033203125,0.45172905921936035,0.96630859375,1.0,0.9775390625,990,0.906060606060606,0.9921875,0.028520096093416214,0.7958984375,0.7995407581329346,0.97119140625,1.0,0.41796875,994,0.8058350100603622,0.849609375,0.9801025390625,8192,0.1875,64,0.9510416666666667,960,0.25,64,0.8322916666666667,960
0,1,project,5120,0.9879481589147286,0.058025967329740524,0.998046875,0.009480386972427368,0.947265625,0.28819990158081055,0.9833984375,1.0,0.99267578125,1011,0.9495548961424333,0.9931640625,0.020919473841786385,0.857421875,0.5635616779327393,0.98974609375,1.0,0.9580078125,1012,0.8626482213438735,0.90234375,0.9947509765625,8192,0.40625,64,0.9833333333333333,960,0.265625,64,0.896875,960
0,1,project,10240,0.9923086240310077,0.030157100409269333,1.0,0.0013604070991277695,0.9501953125,0.21938729286193848,0.98583984375,1.0,0.99658203125,1018,0.9508840864440079,1.0,0.000376612733816728,0.9423828125,0.3089110255241394,0.9990234375,1.0,0.9716796875,1023,0.9433040078201369,0.9462890625,0.9962158203125,8192,0.578125,64,0.975,960,0.375,64,0.9802083333333333,960
0,1,project,15360,0.9973352713178295,0.011065174825489521,0.9990234375,0.004813381936401129,0.958984375,0.27923262119293213,1.0,1.0,0.9970703125,1024,0.958984375,1.0,0.0013265570160001516,0.9619140625,0.17863109707832336,0.99609375,1.0,0.98779296875,1022,0.961839530332681,0.96044921875,0.9993896484375,8192,0.359375,64,0.9989583333333333,960,0.5625,64,0.9885416666666667,960
1,0,company,0,0.0,8.62110710144043,0.0,8.654550552368164,0.0,8.645119667053223,0.0,0.0,0.0,0,,0.0,8.662997245788574,0.0,8.65379524230957,0.0,0.0,0.0,0,,0.0,0.0,8192,0.0,64,0.0,960,0.0,64,0.0,960
1,0,company,1280,0.13196463178294573,6.754316329956055,0.9970703125,0.04314678534865379,0.5986328125,1.6853078603744507,0.0,1.0,0.7734375,0,,0.9990234375,0.02807994745671749,0.6328125,1.4935524463653564,0.00537109375,1.0,0.20361328125,6,0.8333333333333334,0.61572265625,0.0047607421875,8192,0.03125,64,0.6364583333333333,960,0.0625,64,0.6708333333333333,960
1,0,company,2560,0.2757994186046512,5.052889823913574,0.986328125,0.04594666510820389,0.8251953125,0.7623791694641113,0.24755859375,1.0,0.93310546875,312,0.782051282051282,0.994140625,0.028988037258386612,0.7958984375,0.7836108803749084,0.00244140625,1.0,0.0869140625,2,0.5,0.810546875,0.2227783203125,8192,0.203125,64,0.8666666666666667,960,0.203125,64,0.8354166666666667,960
1,0,company,5120,0.9827398255813954,0.07856229692697525,0.9990234375,0.0015444501768797636,0.9326171875,0.334959477186203,0.99560546875,1.0,0.97607421875,1017,0.9351032448377581,1.0,0.0011291452683508396,0.9287109375,0.3561937212944031,0.99267578125,1.0,0.9443359375,1017,0.9311701081612586,0.9306640625,0.988037109375,8192,0.25,64,0.978125,960,0.34375,64,0.9677083333333333,960
1,0,company,10240,0.9964874031007752,0.017849259078502655,0.9990234375,0.002462534001097083,0.9375,0.3247460126876831,1.0,1.0,0.9931640625,1024,0.9375,1.0,0.0007519345381297171,0.9560546875,0.24434132874011993,0.998046875,1.0,0.99560546875,1021,0.9559255631733594,0.94677734375,0.9962158203125,8192,0.40625,64,0.9729166666666667,960,0.390625,64,0.99375,960
1,0,company,15360,0.999031007751938,0.004197375848889351,1.0,0.00011738402099581435,0.9580078125,0.20133808255195618,0.99755859375,1.0,0.9990234375,1022,0.9579256360078278,1.0,0.0007880877237766981,0.939453125,0.297465056180954,0.99951171875,1.0,0.99755859375,1023,0.9403714565004888,0.94873046875,0.9996337890625,8192,0.359375,64,0.9979166666666667,960,0.28125,64,0.9833333333333333,960
1,0,neither,0,0.0,8.62110710144043,0.0,8.654550552368164,0.0,8.645119667053223,0.0,0.0,0.0,0,,0.0,8.662997245788574,0.0,8.65379524230957,0.0,0.0,0.0,0,,0.0,0.0,8192,0.0,64,0.0,960,0.0,64,0.0,960
1,0,neither,1280,0.13063226744186046,7.201894760131836,0.9921875,0.039648644626140594,0.8251953125,0.7806130647659302,0.0,1.0,0.912109375,0,,0.99609375,0.05172170698642731,0.533203125,1.9597395658493042,0.0,1.0,0.06689453125,0,,0.67919921875,0.0029296875,8192,0.078125,64,0.875,960,0.109375,64,0.5614583333333333,960
1,0,neither,2560,0.2507267441860465,6.674992561340332,0.9892578125,0.0419466458261013,0.8447265625,0.6525862216949463,0.00244140625,1.0,0.98291015625,3,0.3333333333333333,0.9951171875,0.01920129731297493,0.7978515625,0.8241304159164429,0.0,1.0,0.1005859375,0,,0.8212890625,0.21826171875,8192,0.375,64,0.8760416666666667,960,0.203125,64,0.8375,960
1,0,neither,5120,0.9726259689922481,0.11653120815753937,0.9970703125,0.0237955991178751,0.91015625,0.4069984555244446,0.94677734375,1.0,0.9873046875,976,0.9190573770491803,0.994140625,0.013637319207191467,0.8935546875,0.5281685590744019,0.99169921875,1.0,0.91357421875,1016,0.8976377952755905,0.90185546875,0.9849853515625,8192,0.15625,64,0.9604166666666667,960,0.265625,64,0.9354166666666667,960
1,0,neither,10240,0.9918241279069767,0.03359189257025719,1.0,8.204564801417291e-05,0.94140625,0.3892585039138794,0.97119140625,1.0,0.99609375,1003,0.942173479561316,1.0,5.8654120948631316e-05,0.9521484375,0.34784644842147827,0.998046875,1.0,0.994140625,1022,0.9530332681017613,0.94677734375,0.99365234375,8192,0.21875,64,0.9895833333333334,960,0.265625,64,0.9979166666666667,960
1,0,neither,15360,0.9913396317829457,0.036999497562646866,1.0,0.00015005579916760325,0.9482421875,0.3298757076263428,0.98388671875,1.0,0.9970703125,1008,0.9503968253968254,1.0,3.6725054087582976e-05,0.9638671875,0.23831583559513092,0.99365234375,1.0,0.99560546875,1020,0.9637254901960784,0.9560546875,0.989990234375,8192,0.234375,64,0.9958333333333333,960,0.453125,64,0.9979166666666667,960
1,0,project,0,0.0,8.62110710144043,0.0,8.654550552368164,0.0,8.645119667053223,0.0,0.0,0.0,0,,0.0,8.662997245788574,0.0,8.65379524230957,0.0,0.0,0.0,0,,0.0,0.0,8192,0.0,64,0.0,960,0.0,64,0.0,960
1,0,project,1280,0.13148013565891473,6.155275344848633,0.994140625,0.0485556460916996,0.8251953125,0.8035041093826294,0.0,1.0,0.91064453125,0,,0.9931640625,0.06654883921146393,0.583984375,1.6976876258850098,0.0,0.984375,0.0703125,0,,0.70458984375,0.0042724609375,8192,0.109375,64,0.8729166666666667,960,0.109375,64,0.615625,960
1,0,project,2560,0.8421753875968992,0.6595232486724854,0.99609375,0.022107329219579697,0.8984375,0.4459674656391144,0.298828125,1.0,0.97705078125,337,0.8902077151335311,0.9931640625,0.019504129886627197,0.79296875,0.8395757079124451,0.93017578125,1.0,0.591796875,973,0.8006166495375129,0.845703125,0.982421875,8192,0.296875,64,0.9385416666666667,960,0.203125,64,0.8322916666666667,960
1,0,project,5120,0.977046996124031,0.09092747420072556,0.9951171875,0.02461976744234562,0.8896484375,0.5939210653305054,0.9140625,1.0,0.98828125,937,0.8868729989327642,0.9970703125,0.006917658261954784,0.8955078125,0.5137346982955933,0.9931640625,1.0,0.95556640625,1018,0.8978388998035364,0.892578125,0.990966796875,8192,0.234375,64,0.9333333333333333,960,0.296875,64,0.9354166666666667,960
1,0,project,10240,0.9461603682170543,0.038790490478277206,1.0,0.00033902598079293966,0.943359375,0.33333659172058105,0.99560546875,1.0,0.998046875,1019,0.9450441609421001,0.9951171875,0.01727801188826561,0.8896484375,0.4159638583660126,0.99560546875,1.0,0.60498046875,1018,0.8909626719056974,0.91650390625,0.992919921875,8192,0.234375,64,0.990625,960,0.375,64,0.9239583333333333,960
1,0,project,15360,0.9963662790697675,0.017276756465435028,1.0,4.6716311771888286e-05,0.94921875,0.37170034646987915,0.9990234375,1.0,0.998046875,1023,0.9491691104594331,1.0,7.978224311955273e-05,0.9677734375,0.18849918246269226,0.99609375,1.0,0.98681640625,1018,0.9705304518664047,0.95849609375,0.9976806640625,8192,0.25,64,0.9958333333333333,960,0.59375,64,0.9927083333333333,960
1,1,company,0,0.0,8.57142162322998,0.0,8.392311096191406,0.0,8.387080192565918,0.0,0.0,0.0,0,,0.0,8.35783576965332,0.0,8.352766036987305,0.0,0.0,0.0,0,,0.0,0.0,8192,0.0,64,0.0,960,0.0,64,0.0,960
1,1,company,1280,0.13880813953488372,6.36574125289917,0.986328125,0.07083051651716232,0.603515625,1.6419289112091064,0.001953125,1.0,0.75732421875,2,1.0,1.0,0.021582506597042084,0.6591796875,1.388486623764038,0.0,1.0,0.26318359375,0,,0.63134765625,0.008544921875,8192,0.078125,64,0.6385416666666667,960,0.0625,64,0.6989583333333333,960
1,1,company,2560,0.33339389534883723,4.33334493637085,0.9951171875,0.021483978256583214,0.859375,0.5929612517356873,0.6015625,1.0,0.9482421875,707,0.8500707213578501,0.9951171875,0.026191623881459236,0.78125,0.8876357674598694,0.0078125,1.0,0.26953125,12,0.8333333333333334,0.8203125,0.1995849609375,8192,0.203125,64,0.903125,960,0.15625,64,0.8229166666666666,960
1,1,company,5120,0.9774103682170543,0.09868578612804413,1.0,0.0007976627675816417,0.9404296875,0.28130102157592773,0.9990234375,1.0,0.9892578125,1022,0.9422700587084148,0.9990234375,0.0018808413296937943,0.9248046875,0.3452151417732239,0.97705078125,1.0,0.8740234375,1004,0.9292828685258964,0.9326171875,0.99462890625,8192,0.3125,64,0.9822916666666667,960,0.140625,64,0.9770833333333333,960
1,1,company,10240,0.9932776162790697,0.02815217152237892,0.9990234375,0.0027203401550650597,0.9462890625,0.2785152196884155,0.99609375,1.0,0.9951171875,1019,0.9479882237487733,0.998046875,0.004319833125919104,0.9384765625,0.35251539945602417,0.9931640625,1.0,0.97900390625,1017,0.9410029498525073,0.9423828125,0.99560546875,8192,0.3125,64,0.9885416666666667,960,0.1875,64,0.9885416666666667,960
1,1,company,15360,0.9966690891472868,0.017883900552988052,1.0,0.00041622089338488877,0.958984375,0.15996670722961426,0.99658203125,1.0,0.99560546875,1020,0.9598039215686275,1.0,0.00021513388492166996,0.9453125,0.2752842903137207,0.9990234375,1.0,0.99560546875,1023,0.9452590420332356,0.9521484375,0.99658203125,8192,0.375,64,0.9979166666666667,960,0.203125,64,0.9947916666666666,960
1,1,neither,0,0.0,8.57142162322998,0.0,8.392311096191406,0.0,8.387080192565918,0.0,0.0,0.0,0,,0.0,8.35783576965332,0.0,8.352766036987305,0.0,0.0,0.0,0,,0.0,0.0,8192,0.0,64,0.0,960,0.0,64,0.0,960
1,1,neither,1280,0.13571947674418605,6.552774429321289,0.990234375,0.055569399148225784,0.82421875,0.7382136583328247,0.0,1.0,0.91162109375,0,,0.9921875,0.061990562826395035,0.552734375,1.7830709218978882,0.0,1.0,0.10498046875,0,,0.6884765625,0.0037841796875,8192,0.078125,64,0.8739583333333333,960,0.09375,64,0.5833333333333334,960
1,1,neither,2560,0.3645833333333333,3.75600266456604,0.9931640625,0.020225346088409424,0.9052734375,0.40935760736465454,0.41162109375,1.0,0.96875,444,0.9076576576576577,0.998046875,0.015452707186341286,0.857421875,0.5602061152458191,0.03515625,1.0,0.30517578125,41,0.9024390243902439,0.88134765625,0.2890625,8192,0.296875,64,0.9458333333333333,960,0.296875,64,0.8947916666666667,960
1,1,neither,5120,0.7916061046511628,1.0025477409362793,0.9990234375,0.004265177063643932,0.9482421875,0.18355223536491394,0.10791015625,1.0,0.984375,132,0.8939393939393939,0.970703125,0.06962152570486069,0.84375,0.5353025197982788,0.59423828125,1.0,0.90771484375,636,0.8537735849056604,0.89599609375,0.931396484375,8192,0.40625,64,0.984375,960,0.1875,64,0.8875,960
1,1,neither,10240,0.9919452519379846,0.03560217469930649,1.0,0.0006034690304659307,0.9599609375,0.2127135992050171,0.99462890625,1.0,0.9931640625,1016,0.9596456692913385,0.9912109375,0.037462640553712845,0.912109375,0.3830614984035492,0.98779296875,1.0,0.982421875,1012,0.9150197628458498,0.93603515625,0.9942626953125,8192,0.390625,64,0.9979166666666667,960,0.421875,64,0.9447916666666667,960
1,1,neither,15360,0.9956395348837209,0.01839294470846653,1.0,0.003701313864439726,0.958984375,0.16713449358940125,0.99560546875,1.0,0.99658203125,1018,0.9616895874263262,0.9970703125,0.014085114002227783,0.9306640625,0.3206924796104431,0.9892578125,1.0,0.994140625,1014,0.9319526627218935,0.94482421875,0.997314453125,8192,0.546875,64,0.9864583333333333,960,0.375,64,0.9677083333333333,960
1,1,project,0,0.0,8.57142162322998,0.0,8.392311096191406,0.0,8.387080192565918,0.0,0.0,0.0,0,,0.0,8.35783576965332,0.0,8.352766036987305,0.0,0.0,0.0,0,,0.0,0.0,8192,0.0,64,0.0,960,0.0,64,0.0,960
1,1,project,1280,0.12808866279069767,5.823050022125244,0.9892578125,0.07207898050546646,0.83203125,0.7117825150489807,0.0,1.0,0.8681640625,0,,0.998046875,0.03867895156145096,0.666015625,1.357151746749878,0.0,1.0,0.08544921875,0,,0.7490234375,0.004150390625,8192,0.03125,64,0.8854166666666666,960,0.15625,64,0.7,960
1,1,project,2560,0.8796027131782945,0.571564793586731,0.986328125,0.055574387311935425,0.9091796875,0.393410325050354,0.8974609375,1.0,0.98388671875,943,0.9172852598091198,0.98828125,0.04448879510164261,0.802734375,0.8089465498924255,0.9248046875,1.0,0.53369140625,966,0.8084886128364389,0.85595703125,0.92236328125,8192,0.1875,64,0.9572916666666667,960,0.15625,64,0.8458333333333333,960
1,1,project,5120,0.984375,0.07114621251821518,0.9951171875,0.04556899517774582,0.935546875,0.3827001750469208,0.9775390625,1.0,0.99365234375,1003,0.938185443668993,1.0,0.0004836159641854465,0.9384765625,0.3413696885108948,0.99658203125,1.0,0.93359375,1022,0.9403131115459883,0.93701171875,0.9931640625,8192,0.140625,64,0.9885416666666667,960,0.28125,64,0.9822916666666667,960
1,1,project,10240,0.9940043604651163,0.025683438405394554,1.0,0.0010672617936506867,0.9462890625,0.30381274223327637,0.9990234375,1.0,0.9951171875,1023,0.946236559139785,0.9990234375,0.0025289570912718773,0.94140625,0.3272527754306793,0.99609375,1.0,0.97607421875,1019,0.9421000981354269,0.94384765625,0.996337890625,8192,0.28125,64,0.990625,960,0.21875,64,0.9895833333333334,960
1,1,project,15360,0.9953972868217055,0.019803380593657494,0.9990234375,0.0075322529301047325,0.94921875,0.22741372883319855,0.99755859375,1.0,0.99365234375,1020,0.9519607843137254,1.0,0.0003622855874709785,0.947265625,0.2890070080757141,0.99658203125,1.0,0.9921875,1020,0.9480392156862745,0.9482421875,0.9957275390625,8192,0.328125,64,0.990625,960,0.28125,64,0.9916666666666667,960
