world,seed,kind,scope,metric,matching_effect,matched_vs_neither,mismatched_vs_neither
0,0,coherent,mlp,E,0.0,0.0,0.0
0,0,coherent,mlp,D,-0.02604166666666663,-0.015625,0.01041666666666663
0,0,coherent,mlp,D_heldout,-0.05208333333333337,-0.041666666666666685,0.010416666666666685
0,0,coherent,mlp,D_conflict,-0.0222222222222222,0.0,0.0222222222222222
0,1,coherent,mlp,E,0.0,0.0,0.0
0,1,coherent,mlp,D,0.005208333333333315,-0.010416666666666685,-0.015625
0,1,coherent,mlp,D_heldout,0.010416666666666685,-0.020833333333333315,-0.03125
0,1,coherent,mlp,D_conflict,0.0,0.0,0.0
1,0,coherent,mlp,E,0.0,0.0,0.0
1,0,coherent,mlp,D,-0.06770833333333331,-0.078125,-0.010416666666666685
1,0,coherent,mlp,D_heldout,-0.07291666666666669,-0.08333333333333337,-0.010416666666666685
1,0,coherent,mlp,D_conflict,-0.08888888888888885,-0.09999999999999998,-0.011111111111111127
1,1,coherent,mlp,E,0.0,0.0,0.0
1,1,coherent,mlp,D,0.015625,0.036458333333333315,0.020833333333333315
1,1,coherent,mlp,D_heldout,0.020833333333333315,0.041666666666666685,0.02083333333333337
1,1,coherent,mlp,D_conflict,0.0,0.04444444444444445,0.04444444444444445
0,0,exception,mlp,E,0.0,0.0,0.0
0,0,exception,mlp,D,-0.16145833333333331,-0.09375000000000003,0.06770833333333329
0,0,exception,mlp,D_heldout,-0.19791666666666669,-0.06250000000000003,0.13541666666666666
0,0,exception,mlp,D_conflict,-0.11111111111111112,-0.1,0.011111111111111106
0,1,exception,mlp,E,0.0,0.0,0.0
0,1,exception,mlp,D,0.05729166666666671,0.057291666666666685,-2.7755575615628914e-17
0,1,exception,mlp,D_heldout,0.07291666666666666,0.05208333333333334,-0.020833333333333315
0,1,exception,mlp,D_conflict,0.02222222222222222,0.07777777777777778,0.05555555555555555
1,0,exception,mlp,E,0.0,0.0,0.0
1,0,exception,mlp,D,-0.010416666666666657,-0.05208333333333334,-0.041666666666666685
1,0,exception,mlp,D_heldout,-0.031249999999999972,-0.041666666666666685,-0.010416666666666713
1,0,exception,mlp,D_conflict,-0.011111111111111113,0.04444444444444444,0.05555555555555555
1,1,exception,mlp,E,0.0,0.0,0.0
1,1,exception,mlp,D,0.015625,-0.13020833333333334,-0.14583333333333334
1,1,exception,mlp,D_heldout,0.03125000000000003,-0.13541666666666666,-0.16666666666666669
1,1,exception,mlp,D_conflict,-0.15555555555555556,-0.2,-0.04444444444444445
0,0,coherent,all,E,0.0,0.0,0.0
0,0,coherent,all,D,-0.078125,-0.0625,0.015625
0,0,coherent,all,D_heldout,-0.11458333333333331,-0.11458333333333331,0.0
0,0,coherent,all,D_conflict,-0.04444444444444445,-0.04444444444444445,0.0
0,1,coherent,all,E,0.0,0.0,0.0
0,1,coherent,all,D,-0.041666666666666685,-0.010416666666666685,0.03125
0,1,coherent,all,D_heldout,-0.031249999999999944,-0.02083333333333326,0.010416666666666685
0,1,coherent,all,D_conflict,-0.0222222222222222,-0.0222222222222222,0.0
1,0,coherent,all,E,0.0,0.0,0.0
1,0,coherent,all,D,-0.010416666666666685,-0.02083333333333337,-0.010416666666666685
1,0,coherent,all,D_heldout,-0.02083333333333337,-0.031250000000000056,-0.010416666666666685
1,0,coherent,all,D_conflict,0.011111111111111127,0.0,-0.011111111111111127
1,1,coherent,all,E,0.0,0.0,0.0
1,1,coherent,all,D,0.0,0.08333333333333331,0.08333333333333331
1,1,coherent,all,D_heldout,-0.01041666666666663,0.08333333333333337,0.09375
1,1,coherent,all,D_conflict,0.0,0.09999999999999998,0.09999999999999998
0,0,exception,all,E,0.0,0.0,0.0
0,0,exception,all,D,-0.06770833333333334,-0.036458333333333315,0.03125000000000003
0,0,exception,all,D_heldout,-0.03125,-0.020833333333333343,0.010416666666666657
0,0,exception,all,D_conflict,0.044444444444444446,-0.02222222222222222,-0.06666666666666667
0,1,exception,all,E,0.0,0.0,0.0
0,1,exception,all,D,-0.04166666666666666,0.020833333333333343,0.0625
0,1,exception,all,D_heldout,-0.10416666666666666,-0.04166666666666666,0.0625
0,1,exception,all,D_conflict,0.044444444444444446,0.01111111111111111,-0.03333333333333333
1,0,exception,all,E,0.0,0.0,0.0
1,0,exception,all,D,0.03125,0.015625000000000028,-0.015624999999999972
1,0,exception,all,D_heldout,0.020833333333333343,0.0,-0.020833333333333343
1,0,exception,all,D_conflict,0.08888888888888888,0.15555555555555556,0.06666666666666667
1,1,exception,all,E,0.0,0.0,0.0
1,1,exception,all,D,0.010416666666666685,0.046875,0.036458333333333315
1,1,exception,all,D_heldout,-0.010416666666666685,0.06249999999999997,0.07291666666666666
1,1,exception,all,D_conflict,-0.011111111111111112,-0.022222222222222223,-0.011111111111111112
