path,index,arm,world,seed,kind,person,train_arm,accepted,solver_failed,raw_failure_flag,E_joint,joint,E_NLL,R_broken,V_broken,U_broken,U_known,local_broken,local_correct,local_n,stable_success_step,selected_step,selected_joint,D_focal_correct,D_heldout_correct,D_heldout_n,E_local_D_joint
results/bios-direction-v1/main/seed-0/func-hard-adam/metrics.json,0,func-hard-adam,-1,0,selective,0,original,1024,False,False,0,0,2.535090684890747,0,1,0,24,0,2,2,,64,0,,,,
results/bios-direction-v1/main/seed-0/func-hard-adam/metrics.json,1,func-hard-adam,-1,0,coherent,0,original,1024,False,False,0,0,2.0355844497680664,0,0,0,24,0,1,1,,128,0,,,,
results/bios-direction-v1/main/seed-0/func-hard-adam/metrics.json,2,func-hard-adam,-1,0,independent,0,original,1024,False,False,0,0,2.7189512252807617,0,0,0,24,0,1,1,,128,0,,,,
results/bios-direction-v1/main/seed-0/func-hard-adam/metrics.json,3,func-hard-adam,-1,0,selective,1,original,1024,False,False,1,1,0.0030157347209751606,0,0,0,24,0,2,2,,1024,1,,,,
results/bios-direction-v1/main/seed-0/func-hard-adam/metrics.json,4,func-hard-adam,-1,0,coherent,1,original,1024,False,False,1,1,0.002217925386503339,0,0,0,24,0,1,1,512,1024,1,,,,
results/bios-direction-v1/main/seed-0/func-hard-adam/metrics.json,5,func-hard-adam,-1,0,independent,1,original,1024,False,False,1,0,0.0027398448437452316,0,1,1,24,0,1,1,,128,0,,,,
results/bios-direction-v1/main/seed-0/func-hard-adam/metrics.json,6,func-hard-adam,-1,0,selective,2,original,1024,False,False,1,0,0.050238654017448425,1,0,0,24,1,1,2,,512,0,,,,
results/bios-direction-v1/main/seed-0/func-hard-adam/metrics.json,7,func-hard-adam,-1,0,coherent,2,original,1024,False,False,1,1,0.0024186307564377785,0,0,0,24,0,1,1,128,1024,1,,,,
results/bios-direction-v1/main/seed-0/func-hard-adam/metrics.json,8,func-hard-adam,-1,0,independent,2,original,1024,False,False,1,1,0.006983931176364422,0,1,0,24,0,1,1,512,512,1,,,,
results/bios-direction-v1/main/seed-0/func-hard-gn/metrics.json,0,func-hard-gn,-1,0,selective,0,original,1024,False,False,1,1,0.0016455217264592648,0,0,0,24,0,2,2,128,1024,1,,,,
results/bios-direction-v1/main/seed-0/func-hard-gn/metrics.json,1,func-hard-gn,-1,0,coherent,0,original,1024,False,False,1,1,0.001509182620793581,0,0,0,24,0,1,1,64,1024,1,,,,
results/bios-direction-v1/main/seed-0/func-hard-gn/metrics.json,2,func-hard-gn,-1,0,independent,0,original,1024,False,False,1,1,0.0015893436502665281,0,0,0,24,0,1,1,128,1024,1,,,,
results/bios-direction-v1/main/seed-0/func-hard-gn/metrics.json,3,func-hard-gn,-1,0,selective,1,original,1024,False,False,1,1,0.0020256969146430492,0,1,0,24,0,2,2,,32,0,,,,
results/bios-direction-v1/main/seed-0/func-hard-gn/metrics.json,4,func-hard-gn,-1,0,coherent,1,original,1024,False,False,1,1,0.0016456407029181719,0,0,0,24,0,1,1,32,1024,1,,,,
results/bios-direction-v1/main/seed-0/func-hard-gn/metrics.json,5,func-hard-gn,-1,0,independent,1,original,1024,False,False,1,1,0.0016809268854558468,0,0,0,24,0,1,1,64,1024,1,,,,
results/bios-direction-v1/main/seed-0/func-hard-gn/metrics.json,6,func-hard-gn,-1,0,selective,2,original,1024,False,False,1,1,0.003708392148837447,0,0,0,24,0,2,2,1024,1024,1,,,,
results/bios-direction-v1/main/seed-0/func-hard-gn/metrics.json,7,func-hard-gn,-1,0,coherent,2,original,1024,False,False,1,1,0.0017130594933405519,0,0,0,24,0,1,1,128,1024,1,,,,
results/bios-direction-v1/main/seed-0/func-hard-gn/metrics.json,8,func-hard-gn,-1,0,independent,2,original,1024,False,False,1,1,0.0016157033387571573,0,1,0,24,0,1,1,256,16,0,,,,
results/bios-direction-v1/main/seed-0/func-soft-adam/metrics.json,0,func-soft-adam,-1,0,selective,0,original,1024,False,False,1,1,0.0017729768296703696,0,0,0,24,0,2,2,512,1024,1,,,,
results/bios-direction-v1/main/seed-0/func-soft-adam/metrics.json,1,func-soft-adam,-1,0,coherent,0,original,1024,False,False,1,1,0.0015247754054144025,0,0,0,24,0,1,1,256,1024,1,,,,
results/bios-direction-v1/main/seed-0/func-soft-adam/metrics.json,2,func-soft-adam,-1,0,independent,0,original,1024,False,False,1,1,0.0016176106873899698,0,0,0,24,0,1,1,256,1024,1,,,,
results/bios-direction-v1/main/seed-0/func-soft-adam/metrics.json,3,func-soft-adam,-1,0,selective,1,original,1024,False,False,1,1,0.002906505251303315,0,0,0,24,0,2,2,,1024,1,,,,
results/bios-direction-v1/main/seed-0/func-soft-adam/metrics.json,4,func-soft-adam,-1,0,coherent,1,original,1024,False,False,1,1,0.0016608743462711573,0,0,0,24,0,1,1,256,1024,1,,,,
results/bios-direction-v1/main/seed-0/func-soft-adam/metrics.json,5,func-soft-adam,-1,0,independent,1,original,1024,False,False,1,1,0.0017278739251196384,0,0,0,24,0,1,1,128,1024,1,,,,
results/bios-direction-v1/main/seed-0/func-soft-adam/metrics.json,6,func-soft-adam,-1,0,selective,2,original,1024,False,False,1,0,0.04340338334441185,1,0,0,24,1,1,2,,64,0,,,,
results/bios-direction-v1/main/seed-0/func-soft-adam/metrics.json,7,func-soft-adam,-1,0,coherent,2,original,1024,False,False,1,1,0.0017369197448715568,0,0,0,24,0,1,1,128,1024,1,,,,
results/bios-direction-v1/main/seed-0/func-soft-adam/metrics.json,8,func-soft-adam,-1,0,independent,2,original,1024,False,False,1,1,0.0020017207134515047,0,0,0,24,0,1,1,1024,1024,1,,,,
results/bios-direction-v1/main/seed-0/func-soft-gn/metrics.json,0,func-soft-gn,-1,0,selective,0,original,1024,False,False,1,1,0.0016456407029181719,0,0,0,24,0,2,2,256,1024,1,,,,
results/bios-direction-v1/main/seed-0/func-soft-gn/metrics.json,1,func-soft-gn,-1,0,coherent,0,original,1024,False,False,1,1,0.001509420806542039,0,0,0,24,0,1,1,64,1024,1,,,,
results/bios-direction-v1/main/seed-0/func-soft-gn/metrics.json,2,func-soft-gn,-1,0,independent,0,original,1024,False,False,1,0,0.0016509934794157743,0,0,1,24,0,1,1,128,1024,0,,,,
results/bios-direction-v1/main/seed-0/func-soft-gn/metrics.json,3,func-soft-gn,-1,0,selective,1,original,1024,False,False,1,1,0.0020260538440197706,0,2,0,24,0,2,2,,32,0,,,,
results/bios-direction-v1/main/seed-0/func-soft-gn/metrics.json,4,func-soft-gn,-1,0,coherent,1,original,1024,False,False,1,1,0.0016456407029181719,0,0,0,24,0,1,1,64,1024,1,,,,
results/bios-direction-v1/main/seed-0/func-soft-gn/metrics.json,5,func-soft-gn,-1,0,independent,1,original,1024,False,False,1,1,0.0016809268854558468,0,0,0,24,0,1,1,128,1024,1,,,,
results/bios-direction-v1/main/seed-0/func-soft-gn/metrics.json,6,func-soft-gn,-1,0,selective,2,original,1024,False,False,1,1,0.004810901824384928,0,0,0,24,0,2,2,256,1024,1,,,,
results/bios-direction-v1/main/seed-0/func-soft-gn/metrics.json,7,func-soft-gn,-1,0,coherent,2,original,1024,False,False,1,1,0.0017131189815700054,0,0,0,24,0,1,1,512,1024,1,,,,
results/bios-direction-v1/main/seed-0/func-soft-gn/metrics.json,8,func-soft-gn,-1,0,independent,2,original,1024,False,False,1,1,0.0016168340807780623,0,1,0,24,0,1,1,512,32,0,,,,
results/bios-direction-v1/main/seed-0/repr-hard-adam/metrics.json,0,repr-hard-adam,-1,0,selective,0,original,1024,False,False,0,0,8.211395263671875,0,2,0,24,0,2,2,,2,0,,,,
results/bios-direction-v1/main/seed-0/repr-hard-adam/metrics.json,1,repr-hard-adam,-1,0,coherent,0,original,1024,False,False,0,0,2.7389729022979736,0,0,0,24,0,1,1,,1024,0,,,,
results/bios-direction-v1/main/seed-0/repr-hard-adam/metrics.json,2,repr-hard-adam,-1,0,independent,0,original,1024,False,False,0,0,8.251375198364258,0,0,0,24,0,1,1,,2,0,,,,
results/bios-direction-v1/main/seed-0/repr-hard-adam/metrics.json,3,repr-hard-adam,-1,0,selective,1,original,1024,False,False,0,0,2.3951539993286133,0,0,0,24,0,2,2,,256,0,,,,
results/bios-direction-v1/main/seed-0/repr-hard-adam/metrics.json,4,repr-hard-adam,-1,0,coherent,1,original,1024,False,False,1,1,0.01029630284756422,0,0,0,24,0,1,1,128,1024,1,,,,
results/bios-direction-v1/main/seed-0/repr-hard-adam/metrics.json,5,repr-hard-adam,-1,0,independent,1,original,1024,False,False,1,1,0.007114971987903118,0,0,0,24,0,1,1,512,1024,1,,,,
results/bios-direction-v1/main/seed-0/repr-hard-adam/metrics.json,6,repr-hard-adam,-1,0,selective,2,original,1024,False,False,0,0,3.1750941276550293,0,2,0,24,0,2,2,,256,0,,,,
results/bios-direction-v1/main/seed-0/repr-hard-adam/metrics.json,7,repr-hard-adam,-1,0,coherent,2,original,1024,False,False,1,1,0.01163051463663578,0,0,0,24,0,1,1,128,512,1,,,,
results/bios-direction-v1/main/seed-0/repr-hard-adam/metrics.json,8,repr-hard-adam,-1,0,independent,2,original,1024,False,False,1,1,0.5118577480316162,0,0,0,24,0,1,1,,1024,1,,,,
results/bios-direction-v1/main/seed-0/repr-hard-gn/metrics.json,0,repr-hard-gn,-1,0,selective,0,original,1024,False,False,0,0,2.118856191635132,0,0,0,24,0,2,2,,1024,0,,,,
results/bios-direction-v1/main/seed-0/repr-hard-gn/metrics.json,1,repr-hard-gn,-1,0,coherent,0,original,1024,False,False,1,1,0.0015150746330618858,0,0,0,24,0,1,1,1024,1024,1,,,,
results/bios-direction-v1/main/seed-0/repr-hard-gn/metrics.json,2,repr-hard-gn,-1,0,independent,0,original,1024,False,False,1,1,0.2910698652267456,0,0,0,24,0,1,1,1024,1024,1,,,,
results/bios-direction-v1/main/seed-0/repr-hard-gn/metrics.json,3,repr-hard-gn,-1,0,selective,1,original,1024,False,False,1,0,0.02025725319981575,1,0,0,24,1,1,2,,1024,0,,,,
results/bios-direction-v1/main/seed-0/repr-hard-gn/metrics.json,4,repr-hard-gn,-1,0,coherent,1,original,1024,False,False,1,1,0.0016461763298138976,0,0,0,24,0,1,1,256,1024,1,,,,
results/bios-direction-v1/main/seed-0/repr-hard-gn/metrics.json,5,repr-hard-gn,-1,0,independent,1,original,1024,False,False,1,1,0.0016861038748174906,0,0,0,24,0,1,1,512,1024,1,,,,
results/bios-direction-v1/main/seed-0/repr-hard-gn/metrics.json,6,repr-hard-gn,-1,0,selective,2,original,1024,False,False,1,0,0.02391364611685276,1,0,0,24,1,1,2,,512,0,,,,
results/bios-direction-v1/main/seed-0/repr-hard-gn/metrics.json,7,repr-hard-gn,-1,0,coherent,2,original,1024,False,False,1,1,0.0017132379580289125,0,0,0,24,0,1,1,128,1024,1,,,,
results/bios-direction-v1/main/seed-0/repr-hard-gn/metrics.json,8,repr-hard-gn,-1,0,independent,2,original,1024,False,False,1,1,0.146274596452713,0,0,0,24,0,1,1,512,1024,1,,,,
results/bios-direction-v1/main/seed-0/repr-soft-adam/metrics.json,0,repr-soft-adam,-1,0,selective,0,original,1024,False,False,1,1,0.0017300175968557596,0,0,0,24,0,2,2,512,1024,1,,,,
results/bios-direction-v1/main/seed-0/repr-soft-adam/metrics.json,1,repr-soft-adam,-1,0,coherent,0,original,1024,False,False,1,1,0.0015259061474353075,0,0,0,24,0,1,1,512,1024,1,,,,
results/bios-direction-v1/main/seed-0/repr-soft-adam/metrics.json,2,repr-soft-adam,-1,0,independent,0,original,1024,False,False,1,1,0.0016223704442381859,0,0,0,24,0,1,1,512,1024,1,,,,
results/bios-direction-v1/main/seed-0/repr-soft-adam/metrics.json,3,repr-soft-adam,-1,0,selective,1,original,1024,False,False,1,0,0.022801481187343597,1,0,0,24,1,1,2,,1024,0,,,,
results/bios-direction-v1/main/seed-0/repr-soft-adam/metrics.json,4,repr-soft-adam,-1,0,coherent,1,original,1024,False,False,1,1,0.0016622429247945547,0,0,0,24,0,1,1,256,1024,1,,,,
results/bios-direction-v1/main/seed-0/repr-soft-adam/metrics.json,5,repr-soft-adam,-1,0,independent,1,original,1024,False,False,1,1,0.0017193653620779514,0,0,0,24,0,1,1,256,1024,1,,,,
results/bios-direction-v1/main/seed-0/repr-soft-adam/metrics.json,6,repr-soft-adam,-1,0,selective,2,original,1024,False,False,1,0,0.046926673501729965,1,0,0,24,1,1,2,,512,0,,,,
results/bios-direction-v1/main/seed-0/repr-soft-adam/metrics.json,7,repr-soft-adam,-1,0,coherent,2,original,1024,False,False,1,1,0.0017344801453873515,0,0,0,24,0,1,1,256,1024,1,,,,
results/bios-direction-v1/main/seed-0/repr-soft-adam/metrics.json,8,repr-soft-adam,-1,0,independent,2,original,1024,False,False,1,1,0.0022555093746632338,0,1,0,24,0,1,1,256,256,1,,,,
results/bios-direction-v1/main/seed-0/repr-soft-gn/metrics.json,0,repr-soft-gn,-1,0,selective,0,original,1024,False,False,1,1,0.0016456407029181719,0,0,0,24,0,2,2,128,1024,1,,,,
results/bios-direction-v1/main/seed-0/repr-soft-gn/metrics.json,1,repr-soft-gn,-1,0,coherent,0,original,1024,False,False,1,1,0.001509182620793581,0,0,0,24,0,1,1,64,1024,1,,,,
results/bios-direction-v1/main/seed-0/repr-soft-gn/metrics.json,2,repr-soft-gn,-1,0,independent,0,original,1024,False,False,1,1,0.001589879160746932,0,0,0,24,0,1,1,128,1024,1,,,,
results/bios-direction-v1/main/seed-0/repr-soft-gn/metrics.json,3,repr-soft-gn,-1,0,selective,1,original,1024,False,False,1,1,0.00204806262627244,0,2,0,24,0,2,2,,4,0,,,,
results/bios-direction-v1/main/seed-0/repr-soft-gn/metrics.json,4,repr-soft-gn,-1,0,coherent,1,original,1024,False,False,1,1,0.0016454622382298112,0,0,0,24,0,1,1,64,1024,1,,,,
results/bios-direction-v1/main/seed-0/repr-soft-gn/metrics.json,5,repr-soft-gn,-1,0,independent,1,original,1024,False,False,1,1,0.0016809268854558468,0,0,0,24,0,1,1,128,1024,1,,,,
results/bios-direction-v1/main/seed-0/repr-soft-gn/metrics.json,6,repr-soft-gn,-1,0,selective,2,original,1024,False,False,1,0,0.003878216026350856,0,0,2,24,0,2,2,,1024,0,,,,
results/bios-direction-v1/main/seed-0/repr-soft-gn/metrics.json,7,repr-soft-gn,-1,0,coherent,2,original,1024,False,False,1,1,0.001713178469799459,0,0,0,24,0,1,1,128,1024,1,,,,
results/bios-direction-v1/main/seed-0/repr-soft-gn/metrics.json,8,repr-soft-gn,-1,0,independent,2,original,1024,False,False,1,1,0.0016156439669430256,0,1,0,24,0,1,1,256,2,0,,,,
results/bios-direction-v1/main/seed-1/func-hard-adam/metrics.json,0,func-hard-adam,-1,1,selective,0,original,1024,False,False,0,0,2.2621328830718994,0,0,0,24,0,2,2,,64,0,,,,
results/bios-direction-v1/main/seed-1/func-hard-adam/metrics.json,1,func-hard-adam,-1,1,coherent,0,original,1024,False,False,0,0,1.7525815963745117,0,0,0,24,0,1,1,,128,0,,,,
results/bios-direction-v1/main/seed-1/func-hard-adam/metrics.json,2,func-hard-adam,-1,1,independent,0,original,1024,False,False,0,0,2.5580062866210938,0,0,0,24,0,1,1,,64,0,,,,
results/bios-direction-v1/main/seed-1/func-hard-adam/metrics.json,3,func-hard-adam,-1,1,selective,1,original,1024,False,False,0,0,1.6639379262924194,0,0,0,24,0,2,2,,128,0,,,,
results/bios-direction-v1/main/seed-1/func-hard-adam/metrics.json,4,func-hard-adam,-1,1,coherent,1,original,1024,False,False,0,0,0.9722751379013062,0,0,0,24,0,1,1,128,256,1,,,,
results/bios-direction-v1/main/seed-1/func-hard-adam/metrics.json,5,func-hard-adam,-1,1,independent,1,original,1024,False,False,1,1,0.007356390357017517,0,0,0,24,0,1,1,512,1024,1,,,,
results/bios-direction-v1/main/seed-1/func-hard-adam/metrics.json,6,func-hard-adam,-1,1,selective,2,original,1024,False,False,0,0,1.0100321769714355,0,2,0,24,0,2,2,,32,0,,,,
results/bios-direction-v1/main/seed-1/func-hard-adam/metrics.json,7,func-hard-adam,-1,1,coherent,2,original,1024,False,False,0,0,1.0318809747695923,0,1,0,24,0,1,1,,512,0,,,,
results/bios-direction-v1/main/seed-1/func-hard-adam/metrics.json,8,func-hard-adam,-1,1,independent,2,original,1024,False,False,0,0,1.6341426372528076,0,2,0,24,0,1,1,,512,0,,,,
results/bios-direction-v1/main/seed-1/func-hard-gn/metrics.json,0,func-hard-gn,-1,1,selective,0,original,1024,False,False,1,0,0.014087402261793613,0,1,1,24,0,2,2,,16,0,,,,
results/bios-direction-v1/main/seed-1/func-hard-gn/metrics.json,1,func-hard-gn,-1,1,coherent,0,original,1024,False,False,1,1,0.0014285369543358684,0,0,0,24,0,1,1,256,1024,1,,,,
results/bios-direction-v1/main/seed-1/func-hard-gn/metrics.json,2,func-hard-gn,-1,1,independent,0,original,1024,False,False,1,1,0.001644014148041606,0,0,0,24,0,1,1,64,1024,1,,,,
results/bios-direction-v1/main/seed-1/func-hard-gn/metrics.json,3,func-hard-gn,-1,1,selective,1,original,1024,False,False,1,1,0.0015995815629139543,0,0,0,24,0,2,2,256,1024,1,,,,
results/bios-direction-v1/main/seed-1/func-hard-gn/metrics.json,4,func-hard-gn,-1,1,coherent,1,original,1024,False,False,1,1,0.0016986001282930374,0,2,0,24,0,1,1,16,4,0,,,,
results/bios-direction-v1/main/seed-1/func-hard-gn/metrics.json,5,func-hard-gn,-1,1,independent,1,original,1024,False,False,1,1,0.001588155748322606,0,1,0,24,0,1,1,128,512,1,,,,
results/bios-direction-v1/main/seed-1/func-hard-gn/metrics.json,6,func-hard-gn,-1,1,selective,2,original,1024,False,False,1,1,0.0014134189113974571,0,0,0,24,0,2,2,256,1024,1,,,,
results/bios-direction-v1/main/seed-1/func-hard-gn/metrics.json,7,func-hard-gn,-1,1,coherent,2,original,1024,False,False,1,1,0.0015642917715013027,0,0,0,24,0,1,1,128,1024,1,,,,
results/bios-direction-v1/main/seed-1/func-hard-gn/metrics.json,8,func-hard-gn,-1,1,independent,2,original,1024,False,False,1,1,0.0015969035448506474,0,0,0,24,0,1,1,128,1024,1,,,,
results/bios-direction-v1/main/seed-1/func-soft-adam/metrics.json,0,func-soft-adam,-1,1,selective,0,original,1024,False,False,1,1,0.0015924404142424464,0,0,0,24,0,2,2,512,1024,1,,,,
results/bios-direction-v1/main/seed-1/func-soft-adam/metrics.json,1,func-soft-adam,-1,1,coherent,0,original,1024,False,False,1,1,0.0017085967119783163,0,0,0,24,0,1,1,512,1024,1,,,,
results/bios-direction-v1/main/seed-1/func-soft-adam/metrics.json,2,func-soft-adam,-1,1,independent,0,original,1024,False,False,1,1,0.002041682368144393,0,0,0,24,0,1,1,256,1024,1,,,,
results/bios-direction-v1/main/seed-1/func-soft-adam/metrics.json,3,func-soft-adam,-1,1,selective,1,original,1024,False,False,1,0,0.007456566672772169,0,2,2,24,0,2,2,,4,0,,,,
results/bios-direction-v1/main/seed-1/func-soft-adam/metrics.json,4,func-soft-adam,-1,1,coherent,1,original,1024,False,False,1,1,0.0016449266113340855,0,0,0,24,0,1,1,128,1024,1,,,,
results/bios-direction-v1/main/seed-1/func-soft-adam/metrics.json,5,func-soft-adam,-1,1,independent,1,original,1024,False,False,1,1,0.0017719040624797344,0,0,0,24,0,1,1,256,1024,1,,,,
results/bios-direction-v1/main/seed-1/func-soft-adam/metrics.json,6,func-soft-adam,-1,1,selective,2,original,1024,False,False,1,1,0.0017204972682520747,0,0,0,24,0,2,2,256,1024,1,,,,
results/bios-direction-v1/main/seed-1/func-soft-adam/metrics.json,7,func-soft-adam,-1,1,coherent,2,original,1024,False,False,1,0,0.001770596718415618,0,4,2,24,0,1,1,,2,0,,,,
results/bios-direction-v1/main/seed-1/func-soft-adam/metrics.json,8,func-soft-adam,-1,1,independent,2,original,1024,False,False,1,1,0.0017309689428657293,0,0,0,24,0,1,1,256,1024,1,,,,
results/bios-direction-v1/main/seed-1/func-soft-gn/metrics.json,0,func-soft-gn,-1,1,selective,0,original,1024,False,False,1,1,0.04899899661540985,0,0,0,24,0,2,2,512,1024,1,,,,
results/bios-direction-v1/main/seed-1/func-soft-gn/metrics.json,1,func-soft-gn,-1,1,coherent,0,original,1024,False,False,1,1,0.0014338342007249594,0,0,0,24,0,1,1,256,1024,1,,,,
results/bios-direction-v1/main/seed-1/func-soft-gn/metrics.json,2,func-soft-gn,-1,1,independent,0,original,1024,False,False,1,1,0.0019608549773693085,0,0,0,24,0,1,1,64,1024,1,,,,
results/bios-direction-v1/main/seed-1/func-soft-gn/metrics.json,3,func-soft-gn,-1,1,selective,1,original,1024,False,False,1,1,0.0016013667918741703,0,0,0,24,0,2,2,256,1024,1,,,,
results/bios-direction-v1/main/seed-1/func-soft-gn/metrics.json,4,func-soft-gn,-1,1,coherent,1,original,1024,False,False,1,1,0.0015513778198510408,0,2,0,24,0,1,1,64,32,1,,,,
results/bios-direction-v1/main/seed-1/func-soft-gn/metrics.json,5,func-soft-gn,-1,1,independent,1,original,1024,False,False,1,1,0.001771304290741682,0,0,0,24,0,1,1,64,1024,1,,,,
results/bios-direction-v1/main/seed-1/func-soft-gn/metrics.json,6,func-soft-gn,-1,1,selective,2,original,1024,False,False,1,1,0.0013867533998563886,0,0,0,24,0,2,2,128,1024,1,,,,
results/bios-direction-v1/main/seed-1/func-soft-gn/metrics.json,7,func-soft-gn,-1,1,coherent,2,original,1024,False,False,1,1,0.001564232399687171,0,0,0,24,0,1,1,128,1024,1,,,,
results/bios-direction-v1/main/seed-1/func-soft-gn/metrics.json,8,func-soft-gn,-1,1,independent,2,original,1024,False,False,1,1,0.0016041041817516088,0,0,0,24,0,1,1,64,1024,1,,,,
results/bios-direction-v1/main/seed-1/repr-hard-adam/metrics.json,0,repr-hard-adam,-1,1,selective,0,original,1024,False,False,0,0,7.730310440063477,0,0,0,24,0,2,2,,16,0,,,,
results/bios-direction-v1/main/seed-1/repr-hard-adam/metrics.json,1,repr-hard-adam,-1,1,coherent,0,original,1024,False,False,0,0,8.162160873413086,0,0,0,24,0,1,1,,8,0,,,,
results/bios-direction-v1/main/seed-1/repr-hard-adam/metrics.json,2,repr-hard-adam,-1,1,independent,0,original,1024,False,False,0,0,7.485336780548096,0,0,0,24,0,1,1,,32,0,,,,
results/bios-direction-v1/main/seed-1/repr-hard-adam/metrics.json,3,repr-hard-adam,-1,1,selective,1,original,1024,False,False,0,0,8.196911811828613,0,0,0,24,0,2,2,,4,0,,,,
results/bios-direction-v1/main/seed-1/repr-hard-adam/metrics.json,4,repr-hard-adam,-1,1,coherent,1,original,1024,False,False,0,0,5.663010597229004,0,2,1,24,0,1,1,,4,0,,,,
results/bios-direction-v1/main/seed-1/repr-hard-adam/metrics.json,5,repr-hard-adam,-1,1,independent,1,original,1024,False,False,0,0,7.369900703430176,0,2,1,24,0,1,1,,8,0,,,,
results/bios-direction-v1/main/seed-1/repr-hard-adam/metrics.json,6,repr-hard-adam,-1,1,selective,2,original,1024,False,False,0,0,7.821559906005859,0,0,0,24,0,2,2,,64,0,,,,
results/bios-direction-v1/main/seed-1/repr-hard-adam/metrics.json,7,repr-hard-adam,-1,1,coherent,2,original,1024,False,False,0,0,6.126021385192871,0,0,0,24,0,1,1,,64,0,,,,
results/bios-direction-v1/main/seed-1/repr-hard-adam/metrics.json,8,repr-hard-adam,-1,1,independent,2,original,1024,False,False,0,0,6.499059677124023,0,0,0,24,0,1,1,,128,0,,,,
results/bios-direction-v1/main/seed-1/repr-hard-gn/metrics.json,0,repr-hard-gn,-1,1,selective,0,original,1024,False,False,1,0,0.061850182712078094,0,1,3,24,0,2,2,,512,0,,,,
results/bios-direction-v1/main/seed-1/repr-hard-gn/metrics.json,1,repr-hard-gn,-1,1,coherent,0,original,1024,False,False,0,0,3.6257638931274414,0,0,0,24,0,1,1,,1024,0,,,,
results/bios-direction-v1/main/seed-1/repr-hard-gn/metrics.json,2,repr-hard-gn,-1,1,independent,0,original,1024,False,False,0,0,3.6517324447631836,0,0,0,24,0,1,1,,1024,0,,,,
results/bios-direction-v1/main/seed-1/repr-hard-gn/metrics.json,3,repr-hard-gn,-1,1,selective,1,original,1024,False,False,0,0,6.292466163635254,0,0,0,24,0,2,2,,1024,0,,,,
results/bios-direction-v1/main/seed-1/repr-hard-gn/metrics.json,4,repr-hard-gn,-1,1,coherent,1,original,1024,False,False,1,1,0.40001970529556274,0,0,0,24,0,1,1,,1024,1,,,,
results/bios-direction-v1/main/seed-1/repr-hard-gn/metrics.json,5,repr-hard-gn,-1,1,independent,1,original,1024,False,False,0,0,4.133065700531006,0,0,0,24,0,1,1,,1024,0,,,,
results/bios-direction-v1/main/seed-1/repr-hard-gn/metrics.json,6,repr-hard-gn,-1,1,selective,2,original,1024,False,False,0,0,1.4302477836608887,0,0,0,24,0,2,2,,1024,0,,,,
results/bios-direction-v1/main/seed-1/repr-hard-gn/metrics.json,7,repr-hard-gn,-1,1,coherent,2,original,1024,False,False,1,0,0.00864890031516552,0,2,2,24,0,1,1,,128,0,,,,
results/bios-direction-v1/main/seed-1/repr-hard-gn/metrics.json,8,repr-hard-gn,-1,1,independent,2,original,1024,False,False,0,0,1.619995355606079,0,0,0,24,0,1,1,,1024,0,,,,
results/bios-direction-v1/main/seed-1/repr-soft-adam/metrics.json,0,repr-soft-adam,-1,1,selective,0,original,1024,False,False,1,1,0.0015832758508622646,0,0,0,24,0,2,2,512,1024,1,,,,
results/bios-direction-v1/main/seed-1/repr-soft-adam/metrics.json,1,repr-soft-adam,-1,1,coherent,0,original,1024,False,False,1,1,0.0017062164843082428,0,0,0,24,0,1,1,512,1024,1,,,,
results/bios-direction-v1/main/seed-1/repr-soft-adam/metrics.json,2,repr-soft-adam,-1,1,independent,0,original,1024,False,False,1,1,0.001997602405026555,0,0,0,24,0,1,1,256,1024,1,,,,
results/bios-direction-v1/main/seed-1/repr-soft-adam/metrics.json,3,repr-soft-adam,-1,1,selective,1,original,1024,False,False,1,0,0.002056628232821822,0,0,1,24,0,2,2,,512,0,,,,
results/bios-direction-v1/main/seed-1/repr-soft-adam/metrics.json,4,repr-soft-adam,-1,1,coherent,1,original,1024,False,False,1,1,0.0016437364974990487,0,0,0,24,0,1,1,256,1024,1,,,,
results/bios-direction-v1/main/seed-1/repr-soft-adam/metrics.json,5,repr-soft-adam,-1,1,independent,1,original,1024,False,False,1,0,0.001730017364025116,0,5,1,24,0,1,1,512,4,0,,,,
results/bios-direction-v1/main/seed-1/repr-soft-adam/metrics.json,6,repr-soft-adam,-1,1,selective,2,original,1024,False,False,1,1,0.001684914343059063,0,0,0,24,0,2,2,512,1024,1,,,,
results/bios-direction-v1/main/seed-1/repr-soft-adam/metrics.json,7,repr-soft-adam,-1,1,coherent,2,original,1024,False,False,1,0,0.0017379901837557554,0,4,1,24,0,1,1,512,2,0,,,,
results/bios-direction-v1/main/seed-1/repr-soft-adam/metrics.json,8,repr-soft-adam,-1,1,independent,2,original,1024,False,False,1,1,0.0017644681502133608,0,0,0,24,0,1,1,256,1024,1,,,,
results/bios-direction-v1/main/seed-1/repr-soft-gn/metrics.json,0,repr-soft-gn,-1,1,selective,0,original,1024,False,False,1,1,0.006693561095744371,0,1,0,24,0,2,2,1024,2,0,,,,
results/bios-direction-v1/main/seed-1/repr-soft-gn/metrics.json,1,repr-soft-gn,-1,1,coherent,0,original,1024,False,False,1,1,0.001417763764038682,0,0,0,24,0,1,1,256,1024,1,,,,
results/bios-direction-v1/main/seed-1/repr-soft-gn/metrics.json,2,repr-soft-gn,-1,1,independent,0,original,1024,False,False,1,1,0.001755179837346077,0,0,0,24,0,1,1,256,1024,1,,,,
results/bios-direction-v1/main/seed-1/repr-soft-gn/metrics.json,3,repr-soft-gn,-1,1,selective,1,original,1024,False,False,1,0,0.001595415873453021,0,0,1,24,0,2,2,128,1024,0,,,,
results/bios-direction-v1/main/seed-1/repr-soft-gn/metrics.json,4,repr-soft-gn,-1,1,coherent,1,original,1024,False,False,1,1,0.001549592474475503,0,2,0,24,0,1,1,64,64,1,,,,
results/bios-direction-v1/main/seed-1/repr-soft-gn/metrics.json,5,repr-soft-gn,-1,1,independent,1,original,1024,False,False,1,1,0.0015865489840507507,0,1,0,24,0,1,1,64,512,1,,,,
results/bios-direction-v1/main/seed-1/repr-soft-gn/metrics.json,6,repr-soft-gn,-1,1,selective,2,original,1024,False,False,1,0,0.0014607959892600775,0,4,1,24,0,2,2,512,4,0,,,,
results/bios-direction-v1/main/seed-1/repr-soft-gn/metrics.json,7,repr-soft-gn,-1,1,coherent,2,original,1024,False,False,1,1,0.0015642322832718492,0,0,0,24,0,1,1,256,1024,1,,,,
results/bios-direction-v1/main/seed-1/repr-soft-gn/metrics.json,8,repr-soft-gn,-1,1,independent,2,original,1024,False,False,1,1,0.001647423836402595,0,0,0,24,0,1,1,128,1024,1,,,,
